-- phpMyAdmin SQL Dump
-- version 5.2.1
-- https://www.phpmyadmin.net/
--
-- Host: localhost:3306
-- Generation Time: Sep 05, 2023 at 05:14 AM
-- Server version: 8.0.34
-- PHP Version: 8.1.16

SET SQL_MODE = "NO_AUTO_VALUE_ON_ZERO";
START TRANSACTION;
SET time_zone = "+00:00";


/*!40101 SET @OLD_CHARACTER_SET_CLIENT=@@CHARACTER_SET_CLIENT */;
/*!40101 SET @OLD_CHARACTER_SET_RESULTS=@@CHARACTER_SET_RESULTS */;
/*!40101 SET @OLD_COLLATION_CONNECTION=@@COLLATION_CONNECTION */;
/*!40101 SET NAMES utf8mb4 */;

--
-- Database: `yuloapp_app`
--

-- --------------------------------------------------------

--
-- Table structure for table `admin`
--

CREATE TABLE `admin` (
  `admin_id` int UNSIGNED NOT NULL,
  `name` varchar(191) CHARACTER SET utf8mb4 COLLATE utf8mb4_unicode_ci NOT NULL,
  `email` varchar(191) CHARACTER SET utf8mb4 COLLATE utf8mb4_unicode_ci NOT NULL,
  `password` varchar(191) CHARACTER SET utf8mb4 COLLATE utf8mb4_unicode_ci NOT NULL,
  `remember_token` varchar(100) CHARACTER SET utf8mb4 COLLATE utf8mb4_unicode_ci DEFAULT NULL,
  `created_at` timestamp NULL DEFAULT NULL,
  `updated_at` timestamp NULL DEFAULT NULL
) ENGINE=MyISAM DEFAULT CHARSET=utf8mb4 COLLATE=utf8mb4_unicode_ci;

--
-- Dumping data for table `admin`
--

INSERT INTO `admin` (`admin_id`, `name`, `email`, `password`, `remember_token`, `created_at`, `updated_at`) VALUES
(3, 'admin', 'support@unifysofttech.com', '$2y$10$2HRpHiY7BKvlwBXXoIjdpOCSCdKsgN.VpVlwwLEQCk.Y6kTN.pwAC', NULL, '2019-06-20 15:26:10', '2023-02-27 14:42:00');

-- --------------------------------------------------------

--
-- Table structure for table `ad_settings`
--

CREATE TABLE `ad_settings` (
  `ad_setting_id` int NOT NULL,
  `android_app_id` varchar(300) CHARACTER SET utf8mb4 COLLATE utf8mb4_unicode_ci NOT NULL DEFAULT '',
  `android_banner_app_id` varchar(300) CHARACTER SET utf8mb4 COLLATE utf8mb4_unicode_ci NOT NULL DEFAULT '',
  `android_interstitial_app_id` varchar(300) CHARACTER SET utf8mb4 COLLATE utf8mb4_unicode_ci NOT NULL DEFAULT '',
  `android_video_app_id` varchar(300) CHARACTER SET utf8mb4 COLLATE utf8mb4_unicode_ci NOT NULL DEFAULT '',
  `is_banner` tinyint NOT NULL DEFAULT '0',
  `is_interstitial` tinyint NOT NULL DEFAULT '0',
  `is_video` tinyint NOT NULL DEFAULT '0',
  `banner_show_on` varchar(10) CHARACTER SET utf8mb4 COLLATE utf8mb4_unicode_ci NOT NULL DEFAULT '',
  `interstitial_show_on` varchar(10) CHARACTER SET utf8mb4 COLLATE utf8mb4_unicode_ci NOT NULL DEFAULT '',
  `video_show_on` varchar(10) CHARACTER SET utf8mb4 COLLATE utf8mb4_unicode_ci NOT NULL DEFAULT '',
  `ios_app_id` varchar(300) CHARACTER SET utf8mb4 COLLATE utf8mb4_unicode_ci NOT NULL DEFAULT '',
  `ios_banner_app_id` varchar(300) CHARACTER SET utf8mb4 COLLATE utf8mb4_unicode_ci NOT NULL DEFAULT '',
  `ios_interstitial_app_id` varchar(300) CHARACTER SET utf8mb4 COLLATE utf8mb4_unicode_ci NOT NULL DEFAULT '',
  `ios_video_app_id` varchar(300) CHARACTER SET utf8mb4 COLLATE utf8mb4_unicode_ci NOT NULL DEFAULT '',
  `disable_inter` tinyint NOT NULL DEFAULT '0',
  `disable_banner` tinyint NOT NULL DEFAULT '0',
  `disable_rewarded` tinyint NOT NULL DEFAULT '0'
) ENGINE=MyISAM DEFAULT CHARSET=utf8mb4 COLLATE=utf8mb4_unicode_ci;

--
-- Dumping data for table `ad_settings`
--

INSERT INTO `ad_settings` (`ad_setting_id`, `android_app_id`, `android_banner_app_id`, `android_interstitial_app_id`, `android_video_app_id`, `is_banner`, `is_interstitial`, `is_video`, `banner_show_on`, `interstitial_show_on`, `video_show_on`, `ios_app_id`, `ios_banner_app_id`, `ios_interstitial_app_id`, `ios_video_app_id`, `disable_inter`, `disable_banner`, `disable_rewarded`) VALUES
(1, 'ca-app-pub-3940256099942544~3347511713', 'ca-app-pub-3940256099942544/6300978111', 'ca-app-pub-3940256099942544/1033173712', 'ca-app-pub-3940256099942544/5224354917', 0, 0, 0, '', '2', '3', 'ca-app-pub-3940256099942544~1458002511', 'ca-app-pub-3940256099942544/2934735716', 'ca-app-pub-3940256099942544/4411468910', 'ca-app-pub-3940256099942544/1712485313', 0, 0, 0);

-- --------------------------------------------------------

--
-- Table structure for table `app_login_page`
--

CREATE TABLE `app_login_page` (
  `app_login_page_id` int NOT NULL,
  `logo` varchar(255) CHARACTER SET utf8mb4 COLLATE utf8mb4_unicode_ci NOT NULL DEFAULT '',
  `title` varchar(255) CHARACTER SET utf8mb4 COLLATE utf8mb4_unicode_ci NOT NULL DEFAULT '',
  `description` text CHARACTER SET utf8mb4 COLLATE utf8mb4_unicode_ci,
  `fb_login` tinyint NOT NULL DEFAULT '0' COMMENT '0: no, 1 : yes',
  `google_login` tinyint NOT NULL DEFAULT '0' COMMENT '0: no, 1 : yes',
  `privacy_policy` text CHARACTER SET utf8mb4 COLLATE utf8mb4_unicode_ci,
  `apple_login` tinyint NOT NULL DEFAULT '0' COMMENT '0: no, 1 : yes',
  `background_img` varchar(255) CHARACTER SET utf8mb4 COLLATE utf8mb4_unicode_ci NOT NULL DEFAULT ''
) ENGINE=MyISAM DEFAULT CHARSET=utf8mb4 COLLATE=utf8mb4_unicode_ci;

--
-- Dumping data for table `app_login_page`
--

INSERT INTO `app_login_page` (`app_login_page_id`, `logo`, `title`, `description`, `fb_login`, `google_login`, `privacy_policy`, `apple_login`, `background_img`) VALUES
(1, 'uExL0ftS4qNXjqJ6T1ap8kUmTRe9oJp9G8AuAGMO.png', 'Sign Up For YULO', '<p>Create New Account</p>', 0, 0, '<p>By Signing in you agree with YULO Terms of Service use and Privacy Policy</p>', 0, 'EhXf2B1jbAXzN3wsv0dvFBUZ2V4rvbSznOrNulSD.jpg');

-- --------------------------------------------------------

--
-- Table structure for table `app_settings`
--

CREATE TABLE `app_settings` (
  `app_setting_id` int NOT NULL,
  `api_key` varchar(100) CHARACTER SET utf8mb4 COLLATE utf8mb4_unicode_ci NOT NULL DEFAULT '',
  `api_user` varchar(100) CHARACTER SET utf8mb4 COLLATE utf8mb4_unicode_ci NOT NULL DEFAULT '',
  `bg_color` varchar(255) CHARACTER SET utf8mb4 COLLATE utf8mb4_unicode_ci NOT NULL DEFAULT '#000000',
  `accent_color` varchar(255) CHARACTER SET utf8mb4 COLLATE utf8mb4_unicode_ci NOT NULL DEFAULT '#FFC0CB',
  `button_color` varchar(255) CHARACTER SET utf8mb4 COLLATE utf8mb4_unicode_ci NOT NULL DEFAULT '#FFC0CB',
  `text_color` varchar(255) CHARACTER SET utf8mb4 COLLATE utf8mb4_unicode_ci NOT NULL DEFAULT '#ffffff',
  `button_text_color` varchar(255) CHARACTER SET utf8mb4 COLLATE utf8mb4_unicode_ci NOT NULL DEFAULT '#ffffff',
  `sender_msg_color` varchar(255) CHARACTER SET utf8mb4 COLLATE utf8mb4_unicode_ci NOT NULL DEFAULT '#D3D3D3',
  `sender_msg_text_color` varchar(255) CHARACTER SET utf8mb4 COLLATE utf8mb4_unicode_ci NOT NULL DEFAULT '#ffffff',
  `my_msg_color` varchar(255) CHARACTER SET utf8mb4 COLLATE utf8mb4_unicode_ci NOT NULL DEFAULT '#a4dded',
  `my_msg_text_color` varchar(255) CHARACTER SET utf8mb4 COLLATE utf8mb4_unicode_ci NOT NULL DEFAULT '#ffffff',
  `heading_color` varchar(255) CHARACTER SET utf8mb4 COLLATE utf8mb4_unicode_ci NOT NULL DEFAULT '#e25822',
  `sub_heading_color` varchar(255) CHARACTER SET utf8mb4 COLLATE utf8mb4_unicode_ci NOT NULL DEFAULT '#ffffff',
  `icon_color` varchar(255) CHARACTER SET utf8mb4 COLLATE utf8mb4_unicode_ci NOT NULL DEFAULT '#FFC0CB',
  `dashboard_icon_color` varchar(255) CHARACTER SET utf8mb4 COLLATE utf8mb4_unicode_ci NOT NULL DEFAULT '#ffffff',
  `dashboard_icon_background_color` varchar(255) CHARACTER SET utf8mb4 COLLATE utf8mb4_unicode_ci NOT NULL DEFAULT '#000000',
  `grid_item_border_color` varchar(255) CHARACTER SET utf8mb4 COLLATE utf8mb4_unicode_ci NOT NULL DEFAULT '#B2BEB5',
  `grid_border_radius` varchar(255) CHARACTER SET utf8mb4 COLLATE utf8mb4_unicode_ci NOT NULL DEFAULT '10',
  `divider_color` varchar(255) CHARACTER SET utf8mb4 COLLATE utf8mb4_unicode_ci NOT NULL DEFAULT '#B2BEB5',
  `dp_border_color` varchar(255) CHARACTER SET utf8mb4 COLLATE utf8mb4_unicode_ci NOT NULL DEFAULT '#ffffff',
  `video_time_limit` varchar(255) CHARACTER SET utf8mb4 COLLATE utf8mb4_unicode_ci NOT NULL DEFAULT '15,30',
  `inactive_button_color` varchar(255) CHARACTER SET utf8mb4 COLLATE utf8mb4_unicode_ci NOT NULL DEFAULT '#000000',
  `inactive_button_text_color` varchar(255) CHARACTER SET utf8mb4 COLLATE utf8mb4_unicode_ci NOT NULL DEFAULT '#ffffff',
  `header_bg_color` varchar(255) CHARACTER SET utf8mb4 COLLATE utf8mb4_unicode_ci NOT NULL DEFAULT '#000000',
  `bottom_nav` varchar(255) CHARACTER SET utf8mb4 COLLATE utf8mb4_unicode_ci NOT NULL DEFAULT '#ffffff',
  `bg_shade` varchar(255) CHARACTER SET utf8mb4 COLLATE utf8mb4_unicode_ci NOT NULL DEFAULT '#ffffff'
) ENGINE=MyISAM DEFAULT CHARSET=utf8mb4 COLLATE=utf8mb4_unicode_ci;

--
-- Dumping data for table `app_settings`
--

INSERT INTO `app_settings` (`app_setting_id`, `api_key`, `api_user`, `bg_color`, `accent_color`, `button_color`, `text_color`, `button_text_color`, `sender_msg_color`, `sender_msg_text_color`, `my_msg_color`, `my_msg_text_color`, `heading_color`, `sub_heading_color`, `icon_color`, `dashboard_icon_color`, `dashboard_icon_background_color`, `grid_item_border_color`, `grid_border_radius`, `divider_color`, `dp_border_color`, `video_time_limit`, `inactive_button_color`, `inactive_button_text_color`, `header_bg_color`, `bottom_nav`, `bg_shade`) VALUES
(1, 'testapikey', 'testapiuser', '#000000', '#383737', '#e83a63', '#ffffff', '#ffffff', '#786c6c', '#ffffff', '#0d7291', '#ffffff', '#ff9800', '#ffffff', '#ffffff', '#ffffff', '', '#ffffff', '5', '#ffffff', '#ffffff', '15,30,60', '#8c7777', '#ffffff', '#000000', '#ffffff', '#ffffff');

-- --------------------------------------------------------

--
-- Table structure for table `blocked_users`
--

CREATE TABLE `blocked_users` (
  `block_id` int NOT NULL,
  `user_id` int NOT NULL DEFAULT '0',
  `blocked_by` int NOT NULL DEFAULT '0',
  `blocked_on` datetime DEFAULT NULL
) ENGINE=MyISAM DEFAULT CHARSET=utf8mb4 COLLATE=utf8mb4_unicode_ci;

--
-- Dumping data for table `blocked_users`
--

INSERT INTO `blocked_users` (`block_id`, `user_id`, `blocked_by`, `blocked_on`) VALUES
(1, 6, 5, '2023-01-30 06:08:51'),
(2, 7, 8, '2023-02-14 06:35:44');

-- --------------------------------------------------------

--
-- Table structure for table `categories`
--

CREATE TABLE `categories` (
  `cat_id` int NOT NULL,
  `cat_name` varchar(225) CHARACTER SET utf8mb4 COLLATE utf8mb4_unicode_ci NOT NULL DEFAULT '',
  `rank` int DEFAULT NULL,
  `added_on` datetime DEFAULT NULL,
  `parent_id` int DEFAULT '0',
  `deleted` int NOT NULL DEFAULT '0'
) ENGINE=MyISAM DEFAULT CHARSET=utf8mb4 COLLATE=utf8mb4_unicode_ci;

--
-- Dumping data for table `categories`
--

INSERT INTO `categories` (`cat_id`, `cat_name`, `rank`, `added_on`, `parent_id`, `deleted`) VALUES
(2, 'Bollywood Songs', 1, '2020-12-09 12:45:51', NULL, 0),
(4, 'English', 3, '2020-12-09 12:46:14', NULL, 0),
(5, 'Dialogs', 4, '2020-12-09 12:46:22', NULL, 0),
(6, 'Hindi Songs', 5, '2020-12-09 12:46:56', NULL, 0);

-- --------------------------------------------------------

--
-- Table structure for table `chats`
--

CREATE TABLE `chats` (
  `id` int NOT NULL,
  `from_id` int DEFAULT '0',
  `to_id` int DEFAULT '0',
  `msg` text CHARACTER SET latin1 COLLATE latin1_swedish_ci,
  `sent_on` datetime NOT NULL,
  `is_read` tinyint NOT NULL DEFAULT '0' COMMENT '0: unread, 1 : read',
  `read_on` datetime NOT NULL DEFAULT CURRENT_TIMESTAMP
) ENGINE=MyISAM DEFAULT CHARSET=utf8mb4 COLLATE=utf8mb4_unicode_ci;

-- --------------------------------------------------------

--
-- Table structure for table `chat_chats`
--

CREATE TABLE `chat_chats` (
  `id` bigint UNSIGNED NOT NULL,
  `message_id` int UNSIGNED NOT NULL,
  `conversation_id` int UNSIGNED NOT NULL,
  `user_id` int UNSIGNED NOT NULL,
  `type` tinyint(1) NOT NULL,
  `read_at` datetime DEFAULT NULL,
  `created_at` timestamp NULL DEFAULT NULL,
  `updated_at` timestamp NULL DEFAULT NULL
) ENGINE=MyISAM DEFAULT CHARSET=utf8mb4 COLLATE=utf8mb4_unicode_ci;

--
-- Dumping data for table `chat_chats`
--

INSERT INTO `chat_chats` (`id`, `message_id`, `conversation_id`, `user_id`, `type`, `read_at`, `created_at`, `updated_at`) VALUES
(1, 1, 0, 25, 0, NULL, '2023-03-17 14:37:14', '2023-03-17 14:37:14'),
(2, 1, 0, 7, 1, NULL, '2023-03-17 14:37:14', '2023-03-17 14:37:14'),
(3, 2, 1, 7, 0, NULL, '2023-03-20 14:06:18', '2023-03-20 14:06:18'),
(4, 2, 1, 5, 1, NULL, '2023-03-20 14:06:18', '2023-03-20 14:06:18'),
(5, 3, 2, 7, 0, '2023-03-20 07:35:54', '2023-03-20 14:35:21', '2023-03-20 14:35:21'),
(6, 3, 2, 25, 1, NULL, '2023-03-20 14:35:21', '2023-03-20 14:35:21'),
(7, 4, 2, 7, 0, '2023-03-20 07:43:31', '2023-03-20 14:35:23', '2023-03-20 14:35:23'),
(8, 4, 2, 25, 1, NULL, '2023-03-20 14:35:23', '2023-03-20 14:35:23'),
(9, 5, 2, 7, 0, '2023-03-20 07:44:55', '2023-03-20 14:35:25', '2023-03-20 14:35:25'),
(10, 5, 2, 25, 1, NULL, '2023-03-20 14:35:25', '2023-03-20 14:35:25'),
(11, 6, 2, 7, 0, '2023-03-20 07:45:36', '2023-03-20 14:35:26', '2023-03-20 14:35:26'),
(12, 6, 2, 25, 1, NULL, '2023-03-20 14:35:26', '2023-03-20 14:35:26'),
(13, 7, 2, 25, 0, '2023-03-20 07:36:08', '2023-03-20 14:36:02', '2023-03-20 14:36:02'),
(14, 7, 2, 7, 1, NULL, '2023-03-20 14:36:02', '2023-03-20 14:36:02'),
(15, 8, 2, 25, 0, '2023-03-20 07:39:15', '2023-03-20 14:36:06', '2023-03-20 14:36:06'),
(16, 8, 2, 7, 1, NULL, '2023-03-20 14:36:06', '2023-03-20 14:36:06'),
(17, 9, 2, 25, 0, '2023-03-20 07:41:23', '2023-03-20 14:36:07', '2023-03-20 14:36:07'),
(18, 9, 2, 7, 1, NULL, '2023-03-20 14:36:07', '2023-03-20 14:36:07'),
(19, 10, 2, 7, 0, '2023-03-20 07:48:08', '2023-03-20 14:41:30', '2023-03-20 14:41:30'),
(20, 10, 2, 25, 1, NULL, '2023-03-20 14:41:30', '2023-03-20 14:41:30'),
(21, 11, 2, 7, 0, '2023-03-20 12:18:22', '2023-03-20 16:35:17', '2023-03-20 16:35:17'),
(22, 11, 2, 25, 1, NULL, '2023-03-20 16:35:17', '2023-03-20 16:35:17'),
(23, 12, 2, 7, 0, '2023-03-21 05:00:35', '2023-03-20 19:29:20', '2023-03-20 19:29:20'),
(24, 12, 2, 25, 1, NULL, '2023-03-20 19:29:20', '2023-03-20 19:29:20'),
(25, 13, 2, 7, 0, '2023-03-21 05:09:05', '2023-03-20 19:29:22', '2023-03-20 19:29:22'),
(26, 13, 2, 25, 1, NULL, '2023-03-20 19:29:22', '2023-03-20 19:29:22'),
(27, 14, 2, 7, 0, '2023-03-21 05:14:52', '2023-03-20 19:29:24', '2023-03-20 19:29:24'),
(28, 14, 2, 25, 1, NULL, '2023-03-20 19:29:24', '2023-03-20 19:29:24'),
(29, 15, 2, 7, 0, '2023-03-21 05:16:54', '2023-03-20 19:29:26', '2023-03-20 19:29:26'),
(30, 15, 2, 25, 1, NULL, '2023-03-20 19:29:26', '2023-03-20 19:29:26'),
(31, 16, 2, 7, 0, '2023-03-21 05:51:27', '2023-03-20 19:29:28', '2023-03-20 19:29:28'),
(32, 16, 2, 25, 1, NULL, '2023-03-20 19:29:28', '2023-03-20 19:29:28'),
(33, 17, 2, 7, 0, '2023-03-21 05:57:56', '2023-03-20 19:29:33', '2023-03-20 19:29:33'),
(34, 17, 2, 25, 1, NULL, '2023-03-20 19:29:33', '2023-03-20 19:29:33'),
(35, 18, 2, 25, 0, NULL, '2023-03-21 12:51:14', '2023-03-21 12:51:14'),
(36, 18, 2, 7, 1, NULL, '2023-03-21 12:51:14', '2023-03-21 12:51:14'),
(37, 19, 0, 51, 0, NULL, '2023-03-21 16:48:13', '2023-03-21 16:48:13'),
(38, 19, 0, 7, 1, NULL, '2023-03-21 16:48:13', '2023-03-21 16:48:13'),
(39, 20, 4, 51, 0, '2023-03-28 05:25:12', '2023-03-21 16:48:28', '2023-03-21 16:48:28'),
(40, 20, 4, 7, 1, NULL, '2023-03-21 16:48:28', '2023-03-21 16:48:28'),
(41, 21, 4, 51, 0, '2023-03-28 05:25:28', '2023-03-21 16:49:04', '2023-03-21 16:49:04'),
(42, 21, 4, 7, 1, NULL, '2023-03-21 16:49:04', '2023-03-21 16:49:04'),
(43, 22, 4, 51, 0, '2023-05-09 09:31:59', '2023-03-21 16:49:06', '2023-03-21 16:49:06'),
(44, 22, 4, 7, 1, NULL, '2023-03-21 16:49:06', '2023-03-21 16:49:06'),
(45, 23, 0, 47, 0, NULL, '2023-03-27 13:26:09', '2023-03-27 13:26:09'),
(46, 23, 0, 7, 1, NULL, '2023-03-27 13:26:09', '2023-03-27 13:26:09'),
(47, 24, 0, 47, 0, NULL, '2023-03-27 13:26:22', '2023-03-27 13:26:22'),
(48, 24, 0, 7, 1, NULL, '2023-03-27 13:26:22', '2023-03-27 13:26:22'),
(49, 25, 5, 47, 0, '2023-03-28 05:24:56', '2023-03-27 13:26:40', '2023-03-27 13:26:40'),
(50, 25, 5, 7, 1, NULL, '2023-03-27 13:26:40', '2023-03-27 13:26:40'),
(51, 26, 5, 47, 0, NULL, '2023-03-27 13:41:35', '2023-03-27 13:41:35'),
(52, 26, 5, 7, 1, NULL, '2023-03-27 13:41:35', '2023-03-27 13:41:35'),
(53, 27, 5, 47, 0, NULL, '2023-03-27 13:41:44', '2023-03-27 13:41:44'),
(54, 27, 5, 7, 1, NULL, '2023-03-27 13:41:44', '2023-03-27 13:41:44'),
(55, 28, 5, 7, 0, '2023-03-29 08:54:54', '2023-03-28 12:25:03', '2023-03-28 12:25:03'),
(56, 28, 5, 47, 1, NULL, '2023-03-28 12:25:03', '2023-03-28 12:25:03'),
(57, 29, 4, 7, 0, NULL, '2023-03-28 12:25:19', '2023-03-28 12:25:19'),
(58, 29, 4, 51, 1, NULL, '2023-03-28 12:25:19', '2023-03-28 12:25:19'),
(59, 30, 0, 48, 0, NULL, '2023-05-09 16:35:36', '2023-05-09 16:35:36'),
(60, 30, 0, 50, 1, NULL, '2023-05-09 16:35:36', '2023-05-09 16:35:36'),
(61, 31, 8, 48, 0, NULL, '2023-05-09 16:36:18', '2023-05-09 16:36:18'),
(62, 31, 8, 25, 1, NULL, '2023-05-09 16:36:18', '2023-05-09 16:36:18'),
(63, 32, 7, 48, 0, NULL, '2023-05-09 16:37:12', '2023-05-09 16:37:12'),
(64, 32, 7, 50, 1, NULL, '2023-05-09 16:37:12', '2023-05-09 16:37:12'),
(65, 33, 7, 48, 0, NULL, '2023-05-09 16:37:32', '2023-05-09 16:37:32'),
(66, 33, 7, 50, 1, NULL, '2023-05-09 16:37:32', '2023-05-09 16:37:32'),
(67, 34, 8, 48, 0, NULL, '2023-05-09 16:38:06', '2023-05-09 16:38:06'),
(68, 34, 8, 25, 1, NULL, '2023-05-09 16:38:06', '2023-05-09 16:38:06'),
(69, 35, 7, 48, 0, NULL, '2023-05-09 16:38:34', '2023-05-09 16:38:34'),
(70, 35, 7, 50, 1, NULL, '2023-05-09 16:38:34', '2023-05-09 16:38:34'),
(71, 36, 0, 62, 0, NULL, '2023-05-09 16:42:13', '2023-05-09 16:42:13'),
(72, 36, 0, 48, 1, NULL, '2023-05-09 16:42:13', '2023-05-09 16:42:13'),
(73, 37, 9, 48, 0, '2023-05-09 09:44:20', '2023-05-09 16:44:12', '2023-05-09 16:44:12'),
(74, 37, 9, 62, 1, NULL, '2023-05-09 16:44:12', '2023-05-09 16:44:12'),
(75, 38, 9, 62, 0, '2023-05-09 09:44:35', '2023-05-09 16:44:23', '2023-05-09 16:44:23'),
(76, 38, 9, 48, 1, NULL, '2023-05-09 16:44:23', '2023-05-09 16:44:23'),
(77, 39, 9, 62, 0, '2023-05-09 09:44:46', '2023-05-09 16:44:41', '2023-05-09 16:44:41'),
(78, 39, 9, 48, 1, NULL, '2023-05-09 16:44:41', '2023-05-09 16:44:41'),
(79, 40, 9, 48, 0, '2023-05-09 09:44:58', '2023-05-09 16:44:52', '2023-05-09 16:44:52'),
(80, 40, 9, 62, 1, NULL, '2023-05-09 16:44:52', '2023-05-09 16:44:52'),
(81, 41, 9, 62, 0, '2023-05-09 09:45:22', '2023-05-09 16:45:17', '2023-05-09 16:45:17'),
(82, 41, 9, 48, 1, NULL, '2023-05-09 16:45:17', '2023-05-09 16:45:17'),
(83, 42, 9, 48, 0, '2023-05-09 09:45:38', '2023-05-09 16:45:34', '2023-05-09 16:45:34'),
(84, 42, 9, 62, 1, NULL, '2023-05-09 16:45:34', '2023-05-09 16:45:34'),
(85, 43, 8, 48, 0, NULL, '2023-05-09 16:57:08', '2023-05-09 16:57:08'),
(86, 43, 8, 25, 1, NULL, '2023-05-09 16:57:08', '2023-05-09 16:57:08'),
(87, 44, 9, 48, 0, '2023-05-10 11:18:37', '2023-05-09 16:57:28', '2023-05-09 16:57:28'),
(88, 44, 9, 62, 1, NULL, '2023-05-09 16:57:28', '2023-05-09 16:57:28'),
(89, 45, 8, 48, 0, NULL, '2023-05-10 12:27:58', '2023-05-10 12:27:58'),
(90, 45, 8, 25, 1, NULL, '2023-05-10 12:27:58', '2023-05-10 12:27:58'),
(91, 46, 62, 62, 0, NULL, '2023-05-11 16:15:12', '2023-05-11 16:15:12'),
(92, 46, 62, 48, 1, NULL, '2023-05-11 16:15:12', '2023-05-11 16:15:12'),
(93, 47, 62, 62, 0, NULL, '2023-05-11 16:16:50', '2023-05-11 16:16:50'),
(94, 47, 62, 25, 1, NULL, '2023-05-11 16:16:50', '2023-05-11 16:16:50'),
(95, 48, 9, 62, 0, '2023-05-12 05:45:11', '2023-05-11 16:22:26', '2023-05-11 16:22:26'),
(96, 48, 9, 48, 1, NULL, '2023-05-11 16:22:26', '2023-05-11 16:22:26'),
(97, 49, 0, 62, 0, NULL, '2023-05-11 16:23:10', '2023-05-11 16:23:10'),
(98, 49, 0, 47, 1, NULL, '2023-05-11 16:23:10', '2023-05-11 16:23:10'),
(99, 50, 0, 62, 0, NULL, '2023-05-11 16:27:04', '2023-05-11 16:27:04'),
(100, 50, 0, 50, 1, NULL, '2023-05-11 16:27:04', '2023-05-11 16:27:04'),
(101, 51, 0, 62, 0, NULL, '2023-05-11 16:27:19', '2023-05-11 16:27:19'),
(102, 51, 0, 50, 1, NULL, '2023-05-11 16:27:19', '2023-05-11 16:27:19'),
(103, 52, 10, 62, 0, NULL, '2023-05-11 16:27:44', '2023-05-11 16:27:44'),
(104, 52, 10, 47, 1, NULL, '2023-05-11 16:27:44', '2023-05-11 16:27:44'),
(105, 53, 12, 62, 0, NULL, '2023-05-11 16:28:51', '2023-05-11 16:28:51'),
(106, 53, 12, 6, 1, NULL, '2023-05-11 16:28:51', '2023-05-11 16:28:51'),
(107, 54, 0, 62, 0, NULL, '2023-05-11 16:30:22', '2023-05-11 16:30:22'),
(108, 54, 0, 25, 1, NULL, '2023-05-11 16:30:22', '2023-05-11 16:30:22'),
(109, 55, 11, 62, 0, NULL, '2023-05-11 16:31:38', '2023-05-11 16:31:38'),
(110, 55, 11, 45, 1, NULL, '2023-05-11 16:31:38', '2023-05-11 16:31:38'),
(111, 56, 15, 62, 0, '2023-05-11 17:59:53', '2023-05-11 16:44:17', '2023-05-11 16:44:17'),
(112, 56, 15, 61, 1, NULL, '2023-05-11 16:44:17', '2023-05-11 16:44:17'),
(113, 57, 9, 48, 0, '2023-05-12 05:45:45', '2023-05-12 12:45:24', '2023-05-12 12:45:24'),
(114, 57, 9, 62, 1, NULL, '2023-05-12 12:45:24', '2023-05-12 12:45:24'),
(115, 58, 9, 62, 0, '2023-05-12 05:46:06', '2023-05-12 12:45:56', '2023-05-12 12:45:56'),
(116, 58, 9, 48, 1, NULL, '2023-05-12 12:45:56', '2023-05-12 12:45:56'),
(117, 59, 9, 48, 0, '2023-05-12 05:46:30', '2023-05-12 12:46:17', '2023-05-12 12:46:17'),
(118, 59, 9, 62, 1, NULL, '2023-05-12 12:46:17', '2023-05-12 12:46:17'),
(119, 60, 15, 61, 0, '2023-05-15 09:12:32', '2023-05-15 14:24:07', '2023-05-15 14:24:07'),
(120, 60, 15, 62, 1, NULL, '2023-05-15 14:24:07', '2023-05-15 14:24:07'),
(121, 61, 3, 47, 0, NULL, '2023-05-15 14:59:38', '2023-05-15 14:59:38'),
(122, 61, 3, 25, 1, NULL, '2023-05-15 14:59:38', '2023-05-15 14:59:38'),
(123, 62, 3, 47, 0, NULL, '2023-05-15 14:59:43', '2023-05-15 14:59:43'),
(124, 62, 3, 25, 1, NULL, '2023-05-15 14:59:43', '2023-05-15 14:59:43'),
(125, 63, 3, 47, 0, NULL, '2023-05-15 14:59:49', '2023-05-15 14:59:49'),
(126, 63, 3, 25, 1, NULL, '2023-05-15 14:59:49', '2023-05-15 14:59:49'),
(127, 64, 15, 62, 0, '2023-05-18 02:27:01', '2023-05-15 16:12:44', '2023-05-15 16:12:44'),
(128, 64, 15, 61, 1, NULL, '2023-05-15 16:12:44', '2023-05-15 16:12:44'),
(129, 65, 3, 47, 0, NULL, '2023-05-17 16:12:46', '2023-05-17 16:12:46'),
(130, 65, 3, 25, 1, NULL, '2023-05-17 16:12:46', '2023-05-17 16:12:46'),
(131, 66, 15, 61, 0, '2023-05-19 07:40:35', '2023-05-18 09:27:47', '2023-05-18 09:27:47'),
(132, 66, 15, 62, 1, NULL, '2023-05-18 09:27:47', '2023-05-18 09:27:47'),
(133, 67, 20, 61, 0, '2023-05-23 09:14:40', '2023-05-18 13:40:03', '2023-05-18 13:40:03'),
(134, 67, 20, 25, 1, NULL, '2023-05-18 13:40:03', '2023-05-18 13:40:03'),
(135, 68, 15, 61, 0, '2023-05-20 06:52:45', '2023-05-19 11:23:39', '2023-05-19 11:23:39'),
(136, 68, 15, 62, 1, NULL, '2023-05-19 11:23:39', '2023-05-19 11:23:39'),
(137, 69, 15, 62, 0, '2023-05-20 08:30:01', '2023-05-20 13:51:16', '2023-05-20 13:51:16'),
(138, 69, 15, 61, 1, NULL, '2023-05-20 13:51:16', '2023-05-20 13:51:16'),
(139, 70, 20, 25, 0, '2023-05-28 20:59:19', '2023-05-23 16:14:47', '2023-05-23 16:14:47'),
(140, 70, 20, 61, 1, NULL, '2023-05-23 16:14:47', '2023-05-23 16:14:47'),
(141, 71, 20, 25, 0, '2023-05-29 18:42:45', '2023-05-23 16:14:51', '2023-05-23 16:14:51'),
(142, 71, 20, 61, 1, NULL, '2023-05-23 16:14:51', '2023-05-23 16:14:51'),
(143, 72, 20, 25, 0, '2023-06-03 22:27:20', '2023-05-23 16:17:50', '2023-05-23 16:17:50'),
(144, 72, 20, 61, 1, NULL, '2023-05-23 16:17:50', '2023-05-23 16:17:50'),
(145, 73, 20, 25, 0, '2023-06-16 07:55:16', '2023-05-23 16:17:54', '2023-05-23 16:17:54'),
(146, 73, 20, 61, 1, NULL, '2023-05-23 16:17:54', '2023-05-23 16:17:54'),
(147, 74, 20, 25, 0, NULL, '2023-05-23 16:17:55', '2023-05-23 16:17:55'),
(148, 74, 20, 61, 1, NULL, '2023-05-23 16:17:55', '2023-05-23 16:17:55'),
(149, 75, 20, 25, 0, NULL, '2023-05-23 16:17:57', '2023-05-23 16:17:57'),
(150, 75, 20, 61, 1, NULL, '2023-05-23 16:17:57', '2023-05-23 16:17:57'),
(151, 76, 20, 25, 0, NULL, '2023-05-23 16:17:58', '2023-05-23 16:17:58'),
(152, 76, 20, 61, 1, NULL, '2023-05-23 16:17:58', '2023-05-23 16:17:58'),
(153, 77, 20, 25, 0, NULL, '2023-05-23 16:18:00', '2023-05-23 16:18:00'),
(154, 77, 20, 61, 1, NULL, '2023-05-23 16:18:00', '2023-05-23 16:18:00'),
(155, 78, 20, 25, 0, NULL, '2023-05-23 16:18:01', '2023-05-23 16:18:01'),
(156, 78, 20, 61, 1, NULL, '2023-05-23 16:18:01', '2023-05-23 16:18:01'),
(157, 79, 20, 25, 0, NULL, '2023-05-23 16:18:02', '2023-05-23 16:18:02'),
(158, 79, 20, 61, 1, NULL, '2023-05-23 16:18:02', '2023-05-23 16:18:02'),
(159, 80, 20, 25, 0, NULL, '2023-05-23 16:18:03', '2023-05-23 16:18:03'),
(160, 80, 20, 61, 1, NULL, '2023-05-23 16:18:03', '2023-05-23 16:18:03'),
(161, 81, 20, 25, 0, NULL, '2023-05-23 16:18:10', '2023-05-23 16:18:10'),
(162, 81, 20, 61, 1, NULL, '2023-05-23 16:18:10', '2023-05-23 16:18:10'),
(163, 82, 20, 25, 0, NULL, '2023-05-23 16:18:16', '2023-05-23 16:18:16'),
(164, 82, 20, 61, 1, NULL, '2023-05-23 16:18:16', '2023-05-23 16:18:16'),
(165, 83, 22, 25, 0, NULL, '2023-05-23 16:21:58', '2023-05-23 16:21:58'),
(166, 83, 22, 86, 1, NULL, '2023-05-23 16:21:58', '2023-05-23 16:21:58'),
(167, 84, 22, 25, 0, NULL, '2023-05-23 16:21:59', '2023-05-23 16:21:59'),
(168, 84, 22, 86, 1, NULL, '2023-05-23 16:21:59', '2023-05-23 16:21:59'),
(169, 85, 22, 25, 0, NULL, '2023-05-23 16:22:00', '2023-05-23 16:22:00'),
(170, 85, 22, 86, 1, NULL, '2023-05-23 16:22:00', '2023-05-23 16:22:00'),
(171, 86, 22, 25, 0, NULL, '2023-05-23 16:22:02', '2023-05-23 16:22:02'),
(172, 86, 22, 86, 1, NULL, '2023-05-23 16:22:02', '2023-05-23 16:22:02'),
(173, 87, 22, 25, 0, NULL, '2023-05-23 16:22:03', '2023-05-23 16:22:03'),
(174, 87, 22, 86, 1, NULL, '2023-05-23 16:22:03', '2023-05-23 16:22:03'),
(175, 88, 22, 25, 0, NULL, '2023-05-23 16:22:04', '2023-05-23 16:22:04'),
(176, 88, 22, 86, 1, NULL, '2023-05-23 16:22:04', '2023-05-23 16:22:04'),
(177, 89, 22, 25, 0, NULL, '2023-05-23 16:22:05', '2023-05-23 16:22:05'),
(178, 89, 22, 86, 1, NULL, '2023-05-23 16:22:05', '2023-05-23 16:22:05'),
(179, 90, 22, 25, 0, NULL, '2023-05-23 16:22:06', '2023-05-23 16:22:06'),
(180, 90, 22, 86, 1, NULL, '2023-05-23 16:22:06', '2023-05-23 16:22:06'),
(181, 91, 22, 25, 0, NULL, '2023-05-23 16:22:07', '2023-05-23 16:22:07'),
(182, 91, 22, 86, 1, NULL, '2023-05-23 16:22:07', '2023-05-23 16:22:07'),
(183, 92, 22, 25, 0, NULL, '2023-05-23 16:22:09', '2023-05-23 16:22:09'),
(184, 92, 22, 86, 1, NULL, '2023-05-23 16:22:09', '2023-05-23 16:22:09'),
(185, 93, 22, 25, 0, NULL, '2023-05-23 16:22:10', '2023-05-23 16:22:10'),
(186, 93, 22, 86, 1, NULL, '2023-05-23 16:22:10', '2023-05-23 16:22:10'),
(187, 94, 22, 25, 0, NULL, '2023-05-23 16:22:11', '2023-05-23 16:22:11'),
(188, 94, 22, 86, 1, NULL, '2023-05-23 16:22:11', '2023-05-23 16:22:11'),
(189, 95, 22, 25, 0, NULL, '2023-05-23 16:22:13', '2023-05-23 16:22:13'),
(190, 95, 22, 86, 1, NULL, '2023-05-23 16:22:13', '2023-05-23 16:22:13'),
(191, 96, 22, 25, 0, NULL, '2023-05-23 16:22:15', '2023-05-23 16:22:15'),
(192, 96, 22, 86, 1, NULL, '2023-05-23 16:22:15', '2023-05-23 16:22:15'),
(193, 97, 22, 25, 0, NULL, '2023-05-23 16:22:17', '2023-05-23 16:22:17'),
(194, 97, 22, 86, 1, NULL, '2023-05-23 16:22:17', '2023-05-23 16:22:17'),
(195, 98, 22, 25, 0, NULL, '2023-05-23 16:22:18', '2023-05-23 16:22:18'),
(196, 98, 22, 86, 1, NULL, '2023-05-23 16:22:18', '2023-05-23 16:22:18'),
(197, 99, 22, 25, 0, NULL, '2023-05-23 16:22:20', '2023-05-23 16:22:20'),
(198, 99, 22, 86, 1, NULL, '2023-05-23 16:22:20', '2023-05-23 16:22:20'),
(199, 100, 22, 25, 0, NULL, '2023-05-23 16:22:44', '2023-05-23 16:22:44'),
(200, 100, 22, 86, 1, NULL, '2023-05-23 16:22:44', '2023-05-23 16:22:44'),
(201, 101, 22, 25, 0, NULL, '2023-05-23 16:23:04', '2023-05-23 16:23:04'),
(202, 101, 22, 86, 1, NULL, '2023-05-23 16:23:04', '2023-05-23 16:23:04'),
(203, 102, 22, 25, 0, NULL, '2023-05-23 16:23:42', '2023-05-23 16:23:42'),
(204, 102, 22, 86, 1, NULL, '2023-05-23 16:23:42', '2023-05-23 16:23:42'),
(205, 103, 21, 61, 0, '2023-07-04 06:36:11', '2023-06-23 13:50:56', '2023-06-23 13:50:56'),
(206, 103, 21, 47, 1, NULL, '2023-06-23 13:50:56', '2023-06-23 13:50:56'),
(207, 104, 21, 61, 0, '2023-07-07 04:46:12', '2023-07-07 03:30:50', '2023-07-07 03:30:50'),
(208, 104, 21, 47, 1, NULL, '2023-07-07 03:30:50', '2023-07-07 03:30:50'),
(209, 105, 21, 61, 0, '2023-07-07 07:17:19', '2023-07-07 03:30:57', '2023-07-07 03:30:57'),
(210, 105, 21, 47, 1, NULL, '2023-07-07 03:30:57', '2023-07-07 03:30:57'),
(211, 106, 21, 47, 0, NULL, '2023-07-07 11:46:19', '2023-07-07 11:46:19'),
(212, 106, 21, 61, 1, NULL, '2023-07-07 11:46:19', '2023-07-07 11:46:19'),
(213, 107, 21, 47, 0, NULL, '2023-07-07 14:20:02', '2023-07-07 14:20:02'),
(214, 107, 21, 61, 1, NULL, '2023-07-07 14:20:02', '2023-07-07 14:20:02'),
(215, 108, 0, 105, 0, NULL, '2023-07-07 19:49:28', '2023-07-07 19:49:28'),
(216, 108, 0, 111, 1, NULL, '2023-07-07 19:49:28', '2023-07-07 19:49:28'),
(217, 109, 25, 113, 0, NULL, '2023-07-08 12:09:50', '2023-07-08 12:09:50'),
(218, 109, 25, 104, 1, NULL, '2023-07-08 12:09:50', '2023-07-08 12:09:50'),
(219, 110, 25, 113, 0, NULL, '2023-07-08 12:11:34', '2023-07-08 12:11:34'),
(220, 110, 25, 104, 1, NULL, '2023-07-08 12:11:34', '2023-07-08 12:11:34'),
(221, 111, 25, 113, 0, NULL, '2023-07-08 12:13:49', '2023-07-08 12:13:49'),
(222, 111, 25, 104, 1, NULL, '2023-07-08 12:13:49', '2023-07-08 12:13:49'),
(223, 112, 25, 113, 0, NULL, '2023-07-08 12:14:29', '2023-07-08 12:14:29'),
(224, 112, 25, 104, 1, NULL, '2023-07-08 12:14:29', '2023-07-08 12:14:29'),
(225, 113, 25, 113, 0, NULL, '2023-07-08 12:18:54', '2023-07-08 12:18:54'),
(226, 113, 25, 104, 1, NULL, '2023-07-08 12:18:54', '2023-07-08 12:18:54'),
(227, 114, 25, 113, 0, NULL, '2023-07-08 12:25:31', '2023-07-08 12:25:31'),
(228, 114, 25, 104, 1, NULL, '2023-07-08 12:25:31', '2023-07-08 12:25:31'),
(229, 115, 25, 113, 0, NULL, '2023-07-08 12:26:44', '2023-07-08 12:26:44'),
(230, 115, 25, 104, 1, NULL, '2023-07-08 12:26:44', '2023-07-08 12:26:44'),
(231, 116, 25, 104, 0, '2023-07-08 06:15:44', '2023-07-08 12:36:59', '2023-07-08 12:36:59'),
(232, 116, 25, 113, 1, NULL, '2023-07-08 12:36:59', '2023-07-08 12:36:59'),
(233, 117, 25, 104, 0, NULL, '2023-07-08 12:38:02', '2023-07-08 12:38:02'),
(234, 117, 25, 113, 1, NULL, '2023-07-08 12:38:02', '2023-07-08 12:38:02'),
(235, 118, 25, 104, 0, NULL, '2023-07-08 13:03:13', '2023-07-08 13:03:13'),
(236, 118, 25, 113, 1, NULL, '2023-07-08 13:03:13', '2023-07-08 13:03:13'),
(237, 119, 25, 104, 0, NULL, '2023-07-08 13:05:43', '2023-07-08 13:05:43'),
(238, 119, 25, 113, 1, NULL, '2023-07-08 13:05:43', '2023-07-08 13:05:43'),
(239, 120, 25, 104, 0, NULL, '2023-07-08 13:05:51', '2023-07-08 13:05:51'),
(240, 120, 25, 113, 1, NULL, '2023-07-08 13:05:51', '2023-07-08 13:05:51'),
(241, 121, 25, 104, 0, NULL, '2023-07-08 13:06:54', '2023-07-08 13:06:54'),
(242, 121, 25, 113, 1, NULL, '2023-07-08 13:06:54', '2023-07-08 13:06:54'),
(243, 122, 25, 104, 0, NULL, '2023-07-08 13:07:08', '2023-07-08 13:07:08'),
(244, 122, 25, 113, 1, NULL, '2023-07-08 13:07:08', '2023-07-08 13:07:08'),
(245, 123, 25, 104, 0, NULL, '2023-07-08 13:08:08', '2023-07-08 13:08:08'),
(246, 123, 25, 113, 1, NULL, '2023-07-08 13:08:08', '2023-07-08 13:08:08'),
(247, 124, 25, 104, 0, NULL, '2023-07-08 13:08:27', '2023-07-08 13:08:27'),
(248, 124, 25, 113, 1, NULL, '2023-07-08 13:08:27', '2023-07-08 13:08:27'),
(249, 125, 25, 104, 0, NULL, '2023-07-08 13:08:33', '2023-07-08 13:08:33'),
(250, 125, 25, 113, 1, NULL, '2023-07-08 13:08:33', '2023-07-08 13:08:33'),
(251, 126, 25, 104, 0, NULL, '2023-07-08 13:09:34', '2023-07-08 13:09:34'),
(252, 126, 25, 113, 1, NULL, '2023-07-08 13:09:34', '2023-07-08 13:09:34'),
(253, 127, 0, 113, 0, NULL, '2023-07-08 13:32:42', '2023-07-08 13:32:42'),
(254, 127, 0, 110, 1, NULL, '2023-07-08 13:32:42', '2023-07-08 13:32:42'),
(255, 128, 0, 113, 0, NULL, '2023-07-08 13:39:02', '2023-07-08 13:39:02'),
(256, 128, 0, 111, 1, NULL, '2023-07-08 13:39:02', '2023-07-08 13:39:02'),
(257, 129, 0, 109, 0, NULL, '2023-07-08 14:50:01', '2023-07-08 14:50:01'),
(258, 129, 0, 113, 1, NULL, '2023-07-08 14:50:01', '2023-07-08 14:50:01'),
(259, 130, 0, 109, 0, NULL, '2023-07-08 14:54:19', '2023-07-08 14:54:19'),
(260, 130, 0, 113, 1, NULL, '2023-07-08 14:54:19', '2023-07-08 14:54:19'),
(261, 131, 0, 109, 0, NULL, '2023-07-08 14:54:59', '2023-07-08 14:54:59'),
(262, 131, 0, 113, 1, NULL, '2023-07-08 14:54:59', '2023-07-08 14:54:59'),
(263, 132, 0, 109, 0, NULL, '2023-07-08 14:55:17', '2023-07-08 14:55:17'),
(264, 132, 0, 106, 1, NULL, '2023-07-08 14:55:17', '2023-07-08 14:55:17'),
(265, 133, 0, 109, 0, NULL, '2023-07-08 14:55:36', '2023-07-08 14:55:36'),
(266, 133, 0, 106, 1, NULL, '2023-07-08 14:55:36', '2023-07-08 14:55:36'),
(267, 134, 0, 109, 0, NULL, '2023-07-08 14:55:48', '2023-07-08 14:55:48'),
(268, 134, 0, 111, 1, NULL, '2023-07-08 14:55:48', '2023-07-08 14:55:48'),
(269, 135, 0, 109, 0, NULL, '2023-07-08 14:55:58', '2023-07-08 14:55:58'),
(270, 135, 0, 110, 1, NULL, '2023-07-08 14:55:58', '2023-07-08 14:55:58'),
(271, 136, 29, 109, 0, NULL, '2023-07-08 15:05:48', '2023-07-08 15:05:48'),
(272, 136, 29, 106, 1, NULL, '2023-07-08 15:05:48', '2023-07-08 15:05:48'),
(273, 137, 0, 109, 0, NULL, '2023-07-08 15:08:04', '2023-07-08 15:08:04'),
(274, 137, 0, 114, 1, NULL, '2023-07-08 15:08:04', '2023-07-08 15:08:04'),
(275, 138, 0, 125, 0, NULL, '2023-07-24 09:02:00', '2023-07-24 09:02:00'),
(276, 138, 0, 115, 1, NULL, '2023-07-24 09:02:00', '2023-07-24 09:02:00'),
(277, 139, 34, 125, 0, '2023-07-28 07:32:01', '2023-07-26 10:38:53', '2023-07-26 10:38:53'),
(278, 139, 34, 115, 1, NULL, '2023-07-26 10:38:53', '2023-07-26 10:38:53'),
(279, 140, 34, 125, 0, '2023-07-29 07:40:23', '2023-07-26 10:39:04', '2023-07-26 10:39:04'),
(280, 140, 34, 115, 1, NULL, '2023-07-26 10:39:04', '2023-07-26 10:39:04'),
(281, 141, 34, 125, 0, NULL, '2023-07-26 10:39:12', '2023-07-26 10:39:12'),
(282, 141, 34, 115, 1, NULL, '2023-07-26 10:39:12', '2023-07-26 10:39:12'),
(283, 142, 34, 125, 0, NULL, '2023-07-26 12:42:51', '2023-07-26 12:42:51'),
(284, 142, 34, 115, 1, NULL, '2023-07-26 12:42:51', '2023-07-26 12:42:51'),
(285, 143, 34, 125, 0, NULL, '2023-07-26 12:48:08', '2023-07-26 12:48:08'),
(286, 143, 34, 115, 1, NULL, '2023-07-26 12:48:08', '2023-07-26 12:48:08'),
(287, 144, 34, 125, 0, NULL, '2023-07-26 12:48:10', '2023-07-26 12:48:10'),
(288, 144, 34, 115, 1, NULL, '2023-07-26 12:48:10', '2023-07-26 12:48:10'),
(289, 145, 34, 125, 0, NULL, '2023-07-26 12:48:14', '2023-07-26 12:48:14'),
(290, 145, 34, 115, 1, NULL, '2023-07-26 12:48:14', '2023-07-26 12:48:14'),
(291, 146, 34, 115, 0, '2023-07-29 07:41:42', '2023-07-28 07:32:17', '2023-07-28 07:32:17'),
(292, 146, 34, 125, 1, NULL, '2023-07-28 07:32:17', '2023-07-28 07:32:17'),
(293, 147, 34, 125, 0, NULL, '2023-07-29 07:41:47', '2023-07-29 07:41:47'),
(294, 147, 34, 115, 1, NULL, '2023-07-29 07:41:47', '2023-07-29 07:41:47'),
(295, 148, 35, 105, 0, '2023-07-31 09:52:27', '2023-07-31 09:31:06', '2023-07-31 09:31:06'),
(296, 148, 35, 125, 1, NULL, '2023-07-31 09:31:06', '2023-07-31 09:31:06'),
(297, 149, 37, 105, 0, NULL, '2023-07-31 09:31:53', '2023-07-31 09:31:53'),
(298, 149, 37, 119, 1, NULL, '2023-07-31 09:31:53', '2023-07-31 09:31:53'),
(299, 150, 35, 105, 0, '2023-08-03 10:23:47', '2023-07-31 09:49:35', '2023-07-31 09:49:35'),
(300, 150, 35, 125, 1, NULL, '2023-07-31 09:49:35', '2023-07-31 09:49:35'),
(301, 151, 35, 125, 0, '2023-07-31 10:01:50', '2023-07-31 09:52:34', '2023-07-31 09:52:34'),
(302, 151, 35, 105, 1, NULL, '2023-07-31 09:52:34', '2023-07-31 09:52:34'),
(303, 152, 35, 105, 0, '2023-08-15 12:11:19', '2023-07-31 10:02:01', '2023-07-31 10:02:01'),
(304, 152, 35, 125, 1, NULL, '2023-07-31 10:02:01', '2023-07-31 10:02:01'),
(305, 153, 35, 105, 0, NULL, '2023-07-31 10:51:17', '2023-07-31 10:51:17'),
(306, 153, 35, 125, 1, NULL, '2023-07-31 10:51:17', '2023-07-31 10:51:17'),
(307, 154, 35, 105, 0, NULL, '2023-07-31 10:52:55', '2023-07-31 10:52:55'),
(308, 154, 35, 125, 1, NULL, '2023-07-31 10:52:55', '2023-07-31 10:52:55'),
(309, 155, 35, 105, 0, NULL, '2023-07-31 10:53:26', '2023-07-31 10:53:26'),
(310, 155, 35, 125, 1, NULL, '2023-07-31 10:53:26', '2023-07-31 10:53:26'),
(311, 156, 35, 105, 0, NULL, '2023-07-31 10:54:17', '2023-07-31 10:54:17'),
(312, 156, 35, 125, 1, NULL, '2023-07-31 10:54:17', '2023-07-31 10:54:17'),
(313, 157, 35, 105, 0, NULL, '2023-07-31 10:54:46', '2023-07-31 10:54:46'),
(314, 157, 35, 125, 1, NULL, '2023-07-31 10:54:46', '2023-07-31 10:54:46'),
(315, 158, 0, 128, 0, NULL, '2023-07-31 11:06:31', '2023-07-31 11:06:31'),
(316, 158, 0, 105, 1, NULL, '2023-07-31 11:06:31', '2023-07-31 11:06:31'),
(317, 159, 38, 105, 0, '2023-07-31 11:10:03', '2023-07-31 11:08:02', '2023-07-31 11:08:02'),
(318, 159, 38, 128, 1, NULL, '2023-07-31 11:08:02', '2023-07-31 11:08:02'),
(319, 160, 38, 128, 0, '2023-07-31 11:11:25', '2023-07-31 11:08:32', '2023-07-31 11:08:32'),
(320, 160, 38, 105, 1, NULL, '2023-07-31 11:08:32', '2023-07-31 11:08:32'),
(321, 161, 38, 105, 0, NULL, '2023-07-31 11:08:46', '2023-07-31 11:08:46'),
(322, 161, 38, 128, 1, NULL, '2023-07-31 11:08:46', '2023-07-31 11:08:46'),
(323, 162, 38, 128, 0, '2023-08-02 06:47:52', '2023-07-31 11:10:21', '2023-07-31 11:10:21'),
(324, 162, 38, 105, 1, NULL, '2023-07-31 11:10:21', '2023-07-31 11:10:21'),
(325, 163, 34, 125, 0, NULL, '2023-08-03 10:23:53', '2023-08-03 10:23:53'),
(326, 163, 34, 115, 1, NULL, '2023-08-03 10:23:53', '2023-08-03 10:23:53'),
(327, 164, 34, 125, 0, NULL, '2023-08-03 10:23:59', '2023-08-03 10:23:59'),
(328, 164, 34, 115, 1, NULL, '2023-08-03 10:23:59', '2023-08-03 10:23:59'),
(329, 165, 0, 125, 0, NULL, '2023-08-03 10:25:25', '2023-08-03 10:25:25'),
(330, 165, 0, 126, 1, NULL, '2023-08-03 10:25:25', '2023-08-03 10:25:25'),
(331, 166, 0, 125, 0, NULL, '2023-08-15 10:44:29', '2023-08-15 10:44:29'),
(332, 166, 0, 128, 1, NULL, '2023-08-15 10:44:29', '2023-08-15 10:44:29'),
(333, 167, 35, 125, 0, '2023-08-15 12:12:37', '2023-08-15 12:11:24', '2023-08-15 12:11:24'),
(334, 167, 35, 105, 1, NULL, '2023-08-15 12:11:24', '2023-08-15 12:11:24'),
(335, 168, 35, 125, 0, '2023-08-18 12:48:29', '2023-08-15 12:11:49', '2023-08-15 12:11:49'),
(336, 168, 35, 105, 1, NULL, '2023-08-15 12:11:49', '2023-08-15 12:11:49'),
(337, 169, 35, 125, 0, NULL, '2023-08-15 12:12:00', '2023-08-15 12:12:00'),
(338, 169, 35, 105, 1, NULL, '2023-08-15 12:12:00', '2023-08-15 12:12:00'),
(339, 170, 35, 125, 0, NULL, '2023-08-15 12:12:04', '2023-08-15 12:12:04'),
(340, 170, 35, 105, 1, NULL, '2023-08-15 12:12:04', '2023-08-15 12:12:04'),
(341, 171, 35, 125, 0, NULL, '2023-08-15 12:12:05', '2023-08-15 12:12:05'),
(342, 171, 35, 105, 1, NULL, '2023-08-15 12:12:05', '2023-08-15 12:12:05'),
(343, 172, 35, 125, 0, NULL, '2023-08-15 12:12:10', '2023-08-15 12:12:10'),
(344, 172, 35, 105, 1, NULL, '2023-08-15 12:12:10', '2023-08-15 12:12:10'),
(345, 173, 35, 105, 0, NULL, '2023-08-18 12:48:37', '2023-08-18 12:48:37'),
(346, 173, 35, 125, 1, NULL, '2023-08-18 12:48:37', '2023-08-18 12:48:37'),
(347, 174, 35, 105, 0, NULL, '2023-08-18 12:48:47', '2023-08-18 12:48:47'),
(348, 174, 35, 125, 1, NULL, '2023-08-18 12:48:47', '2023-08-18 12:48:47'),
(349, 175, 0, 129, 0, NULL, '2023-09-01 11:18:57', '2023-09-01 11:18:57'),
(350, 175, 0, 105, 1, NULL, '2023-09-01 11:18:57', '2023-09-01 11:18:57'),
(351, 176, 41, 105, 0, '2023-09-01 11:30:58', '2023-09-01 11:20:33', '2023-09-01 11:20:33'),
(352, 176, 41, 129, 1, NULL, '2023-09-01 11:20:33', '2023-09-01 11:20:33'),
(353, 177, 41, 105, 0, NULL, '2023-09-01 11:20:47', '2023-09-01 11:20:47'),
(354, 177, 41, 129, 1, NULL, '2023-09-01 11:20:47', '2023-09-01 11:20:47'),
(355, 178, 41, 129, 0, NULL, '2023-09-01 11:20:57', '2023-09-01 11:20:57'),
(356, 178, 41, 105, 1, NULL, '2023-09-01 11:20:57', '2023-09-01 11:20:57'),
(357, 179, 41, 129, 0, NULL, '2023-09-01 11:21:46', '2023-09-01 11:21:46'),
(358, 179, 41, 105, 1, NULL, '2023-09-01 11:21:46', '2023-09-01 11:21:46'),
(359, 180, 41, 105, 0, NULL, '2023-09-01 11:36:23', '2023-09-01 11:36:23'),
(360, 180, 41, 129, 1, NULL, '2023-09-01 11:36:23', '2023-09-01 11:36:23');

-- --------------------------------------------------------

--
-- Table structure for table `chat_conversations`
--

CREATE TABLE `chat_conversations` (
  `id` bigint UNSIGNED NOT NULL,
  `user_from` int UNSIGNED NOT NULL,
  `user_to` int UNSIGNED NOT NULL,
  `created_at` timestamp NULL DEFAULT NULL,
  `updated_at` timestamp NULL DEFAULT NULL
) ENGINE=MyISAM DEFAULT CHARSET=utf8mb4 COLLATE=utf8mb4_unicode_ci;

--
-- Dumping data for table `chat_conversations`
--

INSERT INTO `chat_conversations` (`id`, `user_from`, `user_to`, `created_at`, `updated_at`) VALUES
(1, 7, 5, '2023-03-17 11:47:34', '2023-03-17 11:47:34'),
(2, 25, 7, '2023-03-17 14:37:08', '2023-03-17 14:37:08'),
(3, 25, 47, '2023-03-20 16:17:56', '2023-03-20 16:17:56'),
(4, 51, 7, '2023-03-21 16:48:09', '2023-03-21 16:48:09'),
(5, 47, 7, '2023-03-27 13:26:07', '2023-03-27 13:26:07'),
(6, 7, 72, '2023-05-09 16:32:33', '2023-05-09 16:32:33'),
(7, 48, 50, '2023-05-09 16:35:22', '2023-05-09 16:35:22'),
(8, 48, 25, '2023-05-09 16:35:52', '2023-05-09 16:35:52'),
(9, 62, 48, '2023-05-09 16:42:09', '2023-05-09 16:42:09'),
(10, 62, 47, '2023-05-11 16:23:03', '2023-05-11 16:23:03'),
(11, 62, 45, '2023-05-11 16:24:21', '2023-05-11 16:24:21'),
(12, 62, 6, '2023-05-11 16:25:53', '2023-05-11 16:25:53'),
(13, 62, 50, '2023-05-11 16:26:52', '2023-05-11 16:26:52'),
(14, 62, 25, '2023-05-11 16:30:04', '2023-05-11 16:30:04'),
(15, 62, 61, '2023-05-11 16:36:22', '2023-05-11 16:36:22'),
(16, 62, 7, '2023-05-12 12:07:50', '2023-05-12 12:07:50'),
(17, 84, 47, '2023-05-17 16:13:08', '2023-05-17 16:13:08'),
(18, 84, 48, '2023-05-17 16:14:54', '2023-05-17 16:14:54'),
(19, 47, 6, '2023-05-17 16:15:16', '2023-05-17 16:15:16'),
(20, 61, 25, '2023-05-18 13:35:12', '2023-05-18 13:35:12'),
(21, 61, 47, '2023-05-18 13:36:26', '2023-05-18 13:36:26'),
(22, 86, 25, '2023-05-22 13:27:43', '2023-05-22 13:27:43'),
(23, 86, 6, '2023-05-22 13:31:14', '2023-05-22 13:31:14'),
(24, 105, 111, '2023-07-07 19:49:24', '2023-07-07 19:49:24'),
(25, 113, 104, '2023-07-08 12:05:29', '2023-07-08 12:05:29'),
(26, 113, 110, '2023-07-08 13:32:39', '2023-07-08 13:32:39'),
(27, 113, 111, '2023-07-08 13:38:56', '2023-07-08 13:38:56'),
(28, 109, 113, '2023-07-08 14:49:57', '2023-07-08 14:49:57'),
(29, 109, 106, '2023-07-08 14:55:14', '2023-07-08 14:55:14'),
(30, 109, 111, '2023-07-08 14:55:46', '2023-07-08 14:55:46'),
(31, 109, 110, '2023-07-08 14:55:54', '2023-07-08 14:55:54'),
(32, 109, 114, '2023-07-08 15:07:59', '2023-07-08 15:07:59'),
(33, 115, 118, '2023-07-14 09:56:54', '2023-07-14 09:56:54'),
(34, 125, 115, '2023-07-24 09:01:54', '2023-07-24 09:01:54'),
(35, 125, 105, '2023-07-26 12:48:17', '2023-07-26 12:48:17'),
(36, 125, 129, '2023-07-26 12:49:26', '2023-07-26 12:49:26'),
(37, 105, 119, '2023-07-31 09:31:26', '2023-07-31 09:31:26'),
(38, 128, 105, '2023-07-31 11:06:23', '2023-07-31 11:06:23'),
(39, 125, 126, '2023-08-03 10:25:16', '2023-08-03 10:25:16'),
(40, 125, 128, '2023-08-15 10:44:22', '2023-08-15 10:44:22'),
(41, 129, 105, '2023-09-01 11:18:50', '2023-09-01 11:18:50');

-- --------------------------------------------------------

--
-- Table structure for table `chat_messages`
--

CREATE TABLE `chat_messages` (
  `id` bigint UNSIGNED NOT NULL,
  `msg` text CHARACTER SET utf8mb4 COLLATE utf8mb4_unicode_ci NOT NULL,
  `conversation_id` int UNSIGNED NOT NULL,
  `created_at` timestamp NULL DEFAULT NULL,
  `updated_at` timestamp NULL DEFAULT NULL
) ENGINE=MyISAM DEFAULT CHARSET=utf8mb4 COLLATE=utf8mb4_unicode_ci;

--
-- Dumping data for table `chat_messages`
--

INSERT INTO `chat_messages` (`id`, `msg`, `conversation_id`, `created_at`, `updated_at`) VALUES
(1, 'Bxjxnxnxnxnnxnxx', 0, '2023-03-17 14:37:14', '2023-03-17 14:37:14'),
(2, 'tyuuuukk', 1, '2023-03-20 14:06:18', '2023-03-20 14:06:18'),
(3, 'dyhxhxnxjsusu', 2, '2023-03-20 14:35:21', '2023-03-20 14:35:21'),
(4, 'xhhxj', 2, '2023-03-20 14:35:23', '2023-03-20 14:35:23'),
(5, 'xhhxjxjz', 2, '2023-03-20 14:35:25', '2023-03-20 14:35:25'),
(6, 'fiffi', 2, '2023-03-20 14:35:26', '2023-03-20 14:35:26'),
(7, 'Uvucyc', 2, '2023-03-20 14:36:02', '2023-03-20 14:36:02'),
(8, 'Vucucyc', 2, '2023-03-20 14:36:06', '2023-03-20 14:36:06'),
(9, 'Cycyyc', 2, '2023-03-20 14:36:07', '2023-03-20 14:36:07'),
(10, 'chup bc', 2, '2023-03-20 14:41:30', '2023-03-20 14:41:30'),
(11, 'bnn', 2, '2023-03-20 16:35:17', '2023-03-20 16:35:17'),
(12, 'yyuu', 2, '2023-03-20 19:29:20', '2023-03-20 19:29:20'),
(13, 'bbhh', 2, '2023-03-20 19:29:22', '2023-03-20 19:29:22'),
(14, 'yuuuuu', 2, '2023-03-20 19:29:24', '2023-03-20 19:29:24'),
(15, 'hhhhhj', 2, '2023-03-20 19:29:26', '2023-03-20 19:29:26'),
(16, 'hvbbb', 2, '2023-03-20 19:29:28', '2023-03-20 19:29:28'),
(17, 'jkk', 2, '2023-03-20 19:29:33', '2023-03-20 19:29:33'),
(18, 'Hhnnbnj', 2, '2023-03-21 12:51:14', '2023-03-21 12:51:14'),
(19, 'ho', 0, '2023-03-21 16:48:13', '2023-03-21 16:48:13'),
(20, 'bgggg', 4, '2023-03-21 16:48:28', '2023-03-21 16:48:28'),
(21, '❤️', 4, '2023-03-21 16:49:04', '2023-03-21 16:49:04'),
(22, '😊', 4, '2023-03-21 16:49:06', '2023-03-21 16:49:06'),
(23, 'hi', 0, '2023-03-27 13:26:09', '2023-03-27 13:26:09'),
(24, 'how u', 0, '2023-03-27 13:26:22', '2023-03-27 13:26:22'),
(25, 'hi', 5, '2023-03-27 13:26:40', '2023-03-27 13:26:40'),
(26, 'hi', 5, '2023-03-27 13:41:35', '2023-03-27 13:41:35'),
(27, 'how r u', 5, '2023-03-27 13:41:44', '2023-03-27 13:41:44'),
(28, 'fine', 5, '2023-03-28 12:25:03', '2023-03-28 12:25:03'),
(29, 'g', 4, '2023-03-28 12:25:19', '2023-03-28 12:25:19'),
(30, 'Hello', 0, '2023-05-09 16:35:36', '2023-05-09 16:35:36'),
(31, 'Hello', 8, '2023-05-09 16:36:18', '2023-05-09 16:36:18'),
(32, 'Hi', 7, '2023-05-09 16:37:12', '2023-05-09 16:37:12'),
(33, 'How are you', 7, '2023-05-09 16:37:32', '2023-05-09 16:37:32'),
(34, 'How are you', 8, '2023-05-09 16:38:06', '2023-05-09 16:38:06'),
(35, 'Hi', 7, '2023-05-09 16:38:34', '2023-05-09 16:38:34'),
(36, 'hii', 0, '2023-05-09 16:42:13', '2023-05-09 16:42:13'),
(37, 'Hi', 9, '2023-05-09 16:44:12', '2023-05-09 16:44:12'),
(38, 'hiiii', 9, '2023-05-09 16:44:23', '2023-05-09 16:44:23'),
(39, 'how r u', 9, '2023-05-09 16:44:41', '2023-05-09 16:44:41'),
(40, 'How are you', 9, '2023-05-09 16:44:52', '2023-05-09 16:44:52'),
(41, '😄😄😄🙃🙃😆😆😆ghg', 9, '2023-05-09 16:45:17', '2023-05-09 16:45:17'),
(42, '😄😄😄😄', 9, '2023-05-09 16:45:34', '2023-05-09 16:45:34'),
(43, 'Bzbbsbs', 8, '2023-05-09 16:57:08', '2023-05-09 16:57:08'),
(44, 'Bsbzbbz', 9, '2023-05-09 16:57:28', '2023-05-09 16:57:28'),
(45, 'Dodo', 8, '2023-05-10 12:27:58', '2023-05-10 12:27:58'),
(46, 'Hi', 62, '2023-05-11 16:15:12', '2023-05-11 16:15:12'),
(47, 'How are you', 62, '2023-05-11 16:16:50', '2023-05-11 16:16:50'),
(48, 'G', 9, '2023-05-11 16:22:26', '2023-05-11 16:22:26'),
(49, 'Hi', 0, '2023-05-11 16:23:10', '2023-05-11 16:23:10'),
(50, 'Hhhh', 0, '2023-05-11 16:27:04', '2023-05-11 16:27:04'),
(51, 'Dhh', 0, '2023-05-11 16:27:19', '2023-05-11 16:27:19'),
(52, 'Gg', 10, '2023-05-11 16:27:44', '2023-05-11 16:27:44'),
(53, 'Jj', 12, '2023-05-11 16:28:51', '2023-05-11 16:28:51'),
(54, 'Jjj', 0, '2023-05-11 16:30:22', '2023-05-11 16:30:22'),
(55, 'Hi', 11, '2023-05-11 16:31:38', '2023-05-11 16:31:38'),
(56, 'Hii', 15, '2023-05-11 16:44:17', '2023-05-11 16:44:17'),
(57, 'Hahhshshhs', 9, '2023-05-12 12:45:24', '2023-05-12 12:45:24'),
(58, '😆☺️☺️☺️', 9, '2023-05-12 12:45:56', '2023-05-12 12:45:56'),
(59, 'Hshs', 9, '2023-05-12 12:46:17', '2023-05-12 12:46:17'),
(60, 'hello', 15, '2023-05-15 14:24:07', '2023-05-15 14:24:07'),
(61, 'hii', 3, '2023-05-15 14:59:38', '2023-05-15 14:59:38'),
(62, 'how r u', 3, '2023-05-15 14:59:43', '2023-05-15 14:59:43'),
(63, 'whatsapp', 3, '2023-05-15 14:59:49', '2023-05-15 14:59:49'),
(64, 'How are you', 15, '2023-05-15 16:12:44', '2023-05-15 16:12:44'),
(65, 'hiii', 3, '2023-05-17 16:12:46', '2023-05-17 16:12:46'),
(66, 'good, just checking all development points again. how about you?', 15, '2023-05-18 09:27:47', '2023-05-18 09:27:47'),
(67, 'hi', 20, '2023-05-18 13:40:03', '2023-05-18 13:40:03'),
(68, 'hi', 15, '2023-05-19 11:23:39', '2023-05-19 11:23:39'),
(69, 'Ok', 15, '2023-05-20 13:51:16', '2023-05-20 13:51:16'),
(70, 'Hey', 20, '2023-05-23 16:14:47', '2023-05-23 16:14:47'),
(71, 'How are you', 20, '2023-05-23 16:14:51', '2023-05-23 16:14:51'),
(72, 'Hsbd', 20, '2023-05-23 16:17:50', '2023-05-23 16:17:50'),
(73, 'Gvd', 20, '2023-05-23 16:17:54', '2023-05-23 16:17:54'),
(74, 'Hdhrg', 20, '2023-05-23 16:17:55', '2023-05-23 16:17:55'),
(75, 'Hdgd', 20, '2023-05-23 16:17:57', '2023-05-23 16:17:57'),
(76, 'Hdgdg', 20, '2023-05-23 16:17:58', '2023-05-23 16:17:58'),
(77, 'Hdvrg', 20, '2023-05-23 16:18:00', '2023-05-23 16:18:00'),
(78, 'Hegr', 20, '2023-05-23 16:18:01', '2023-05-23 16:18:01'),
(79, 'Hrgr', 20, '2023-05-23 16:18:02', '2023-05-23 16:18:02'),
(80, 'Urgr', 20, '2023-05-23 16:18:03', '2023-05-23 16:18:03'),
(81, 'Hdhd', 20, '2023-05-23 16:18:10', '2023-05-23 16:18:10'),
(82, 'Hdbdv', 20, '2023-05-23 16:18:16', '2023-05-23 16:18:16'),
(83, 'Hdhd', 22, '2023-05-23 16:21:58', '2023-05-23 16:21:58'),
(84, 'Hdhd', 22, '2023-05-23 16:21:59', '2023-05-23 16:21:59'),
(85, 'Hdgr', 22, '2023-05-23 16:22:00', '2023-05-23 16:22:00'),
(86, 'Hdgdv', 22, '2023-05-23 16:22:02', '2023-05-23 16:22:02'),
(87, 'Hdhdg', 22, '2023-05-23 16:22:03', '2023-05-23 16:22:03'),
(88, 'Hdhdg', 22, '2023-05-23 16:22:04', '2023-05-23 16:22:04'),
(89, 'Udhdg', 22, '2023-05-23 16:22:05', '2023-05-23 16:22:05'),
(90, 'Hdgrv', 22, '2023-05-23 16:22:06', '2023-05-23 16:22:06'),
(91, 'Hdgrg', 22, '2023-05-23 16:22:07', '2023-05-23 16:22:07'),
(92, 'Hdggd', 22, '2023-05-23 16:22:09', '2023-05-23 16:22:09'),
(93, 'Hdbdv', 22, '2023-05-23 16:22:10', '2023-05-23 16:22:10'),
(94, 'Hdbdgr', 22, '2023-05-23 16:22:11', '2023-05-23 16:22:11'),
(95, 'Jdhrg', 22, '2023-05-23 16:22:13', '2023-05-23 16:22:13'),
(96, 'Irhrhgr', 22, '2023-05-23 16:22:15', '2023-05-23 16:22:15'),
(97, 'Hrhrh', 22, '2023-05-23 16:22:17', '2023-05-23 16:22:17'),
(98, 'Hrhr', 22, '2023-05-23 16:22:18', '2023-05-23 16:22:18'),
(99, 'Hhrhr', 22, '2023-05-23 16:22:20', '2023-05-23 16:22:20'),
(100, 'Hrhrhrhgr', 22, '2023-05-23 16:22:44', '2023-05-23 16:22:44'),
(101, 'Hsgd', 22, '2023-05-23 16:23:04', '2023-05-23 16:23:04'),
(102, '😆H', 22, '2023-05-23 16:23:42', '2023-05-23 16:23:42'),
(103, 'hi', 21, '2023-06-23 13:50:56', '2023-06-23 13:50:56'),
(104, 'hi', 21, '2023-07-07 03:30:50', '2023-07-07 03:30:50'),
(105, 'please send a message here', 21, '2023-07-07 03:30:57', '2023-07-07 03:30:57'),
(106, 'whats app', 21, '2023-07-07 11:46:19', '2023-07-07 11:46:19'),
(107, '😬😬', 21, '2023-07-07 14:20:02', '2023-07-07 14:20:02'),
(108, 'hiii', 0, '2023-07-07 19:49:28', '2023-07-07 19:49:28'),
(109, 'hello', 25, '2023-07-08 12:09:50', '2023-07-08 12:09:50'),
(110, 'hii', 25, '2023-07-08 12:11:34', '2023-07-08 12:11:34'),
(111, 'hello', 25, '2023-07-08 12:13:49', '2023-07-08 12:13:49'),
(112, 'gggg', 25, '2023-07-08 12:14:29', '2023-07-08 12:14:29'),
(113, 'g', 25, '2023-07-08 12:18:54', '2023-07-08 12:18:54'),
(114, 'g', 25, '2023-07-08 12:25:31', '2023-07-08 12:25:31'),
(115, 'ggggg', 25, '2023-07-08 12:26:44', '2023-07-08 12:26:44'),
(116, '🙃🙃😉😉c', 25, '2023-07-08 12:36:59', '2023-07-08 12:36:59'),
(117, '🤣🤣🤣🤒🤣🤒', 25, '2023-07-08 12:38:02', '2023-07-08 12:38:02'),
(118, 'g', 25, '2023-07-08 13:03:13', '2023-07-08 13:03:13'),
(119, '😉', 25, '2023-07-08 13:05:43', '2023-07-08 13:05:43'),
(120, '😉', 25, '2023-07-08 13:05:51', '2023-07-08 13:05:51'),
(121, '🤒', 25, '2023-07-08 13:06:54', '2023-07-08 13:06:54'),
(122, '😆', 25, '2023-07-08 13:07:08', '2023-07-08 13:07:08'),
(123, '🙃', 25, '2023-07-08 13:08:08', '2023-07-08 13:08:08'),
(124, '😆', 25, '2023-07-08 13:08:27', '2023-07-08 13:08:27'),
(125, 'fffgg', 25, '2023-07-08 13:08:33', '2023-07-08 13:08:33'),
(126, '😃', 25, '2023-07-08 13:09:34', '2023-07-08 13:09:34'),
(127, 'g', 0, '2023-07-08 13:32:42', '2023-07-08 13:32:42'),
(128, 'hello', 0, '2023-07-08 13:39:02', '2023-07-08 13:39:02'),
(129, 'g', 0, '2023-07-08 14:50:01', '2023-07-08 14:50:01'),
(130, 'g', 0, '2023-07-08 14:54:19', '2023-07-08 14:54:19'),
(131, 'g', 0, '2023-07-08 14:54:59', '2023-07-08 14:54:59'),
(132, 'hii', 0, '2023-07-08 14:55:17', '2023-07-08 14:55:17'),
(133, 'ggg', 0, '2023-07-08 14:55:36', '2023-07-08 14:55:36'),
(134, 'hiii', 0, '2023-07-08 14:55:48', '2023-07-08 14:55:48'),
(135, 'hiii', 0, '2023-07-08 14:55:58', '2023-07-08 14:55:58'),
(136, 'g', 29, '2023-07-08 15:05:48', '2023-07-08 15:05:48'),
(137, 'han g', 0, '2023-07-08 15:08:04', '2023-07-08 15:08:04'),
(138, 'hi', 0, '2023-07-24 09:02:00', '2023-07-24 09:02:00'),
(139, 'hey karan', 34, '2023-07-26 10:38:53', '2023-07-26 10:38:53'),
(140, 'whatsup', 34, '2023-07-26 10:39:04', '2023-07-26 10:39:04'),
(141, '😜', 34, '2023-07-26 10:39:12', '2023-07-26 10:39:12'),
(142, 'hey', 34, '2023-07-26 12:42:51', '2023-07-26 12:42:51'),
(143, '😃🙂🙂🙂🤩😊🙂', 34, '2023-07-26 12:48:08', '2023-07-26 12:48:08'),
(144, '😁🤩😊😊🙂🙂😊🙂☺😊🙂🙂', 34, '2023-07-26 12:48:10', '2023-07-26 12:48:10'),
(145, '🐨🙉🐮🐨🐨', 34, '2023-07-26 12:48:14', '2023-07-26 12:48:14'),
(146, 'hi Mughees', 34, '2023-07-28 07:32:17', '2023-07-28 07:32:17'),
(147, 'heyyy', 34, '2023-07-29 07:41:47', '2023-07-29 07:41:47'),
(148, 'hii', 35, '2023-07-31 09:31:06', '2023-07-31 09:31:06'),
(149, 'g', 37, '2023-07-31 09:31:53', '2023-07-31 09:31:53'),
(150, 'vvvgggg', 35, '2023-07-31 09:49:35', '2023-07-31 09:49:35'),
(151, 'hii', 35, '2023-07-31 09:52:34', '2023-07-31 09:52:34'),
(152, 'bye', 35, '2023-07-31 10:02:01', '2023-07-31 10:02:01'),
(153, 'tyyhf', 35, '2023-07-31 10:51:17', '2023-07-31 10:51:17'),
(154, 'hiii', 35, '2023-07-31 10:52:55', '2023-07-31 10:52:55'),
(155, 'g', 35, '2023-07-31 10:53:26', '2023-07-31 10:53:26'),
(156, 'ggg', 35, '2023-07-31 10:54:17', '2023-07-31 10:54:17'),
(157, 'hhhhh', 35, '2023-07-31 10:54:46', '2023-07-31 10:54:46'),
(158, 'ggg', 0, '2023-07-31 11:06:31', '2023-07-31 11:06:31'),
(159, 'gg', 38, '2023-07-31 11:08:02', '2023-07-31 11:08:02'),
(160, 'hey', 38, '2023-07-31 11:08:32', '2023-07-31 11:08:32'),
(161, 'ghhh', 38, '2023-07-31 11:08:46', '2023-07-31 11:08:46'),
(162, 'gff', 38, '2023-07-31 11:10:21', '2023-07-31 11:10:21'),
(163, 'hey karan', 34, '2023-08-03 10:23:53', '2023-08-03 10:23:53'),
(164, 'how are you', 34, '2023-08-03 10:23:59', '2023-08-03 10:23:59'),
(165, 'hey', 0, '2023-08-03 10:25:25', '2023-08-03 10:25:25'),
(166, 'hiii', 0, '2023-08-15 10:44:29', '2023-08-15 10:44:29'),
(167, 'hii', 35, '2023-08-15 12:11:24', '2023-08-15 12:11:24'),
(168, 'heyyy', 35, '2023-08-15 12:11:49', '2023-08-15 12:11:49'),
(169, 'hhhhh', 35, '2023-08-15 12:12:00', '2023-08-15 12:12:00'),
(170, 'hshsjjxdhd', 35, '2023-08-15 12:12:04', '2023-08-15 12:12:04'),
(171, 'shdhd', 35, '2023-08-15 12:12:05', '2023-08-15 12:12:05'),
(172, 'hdhxhdhdhdhdd', 35, '2023-08-15 12:12:10', '2023-08-15 12:12:10'),
(173, 'gggg', 35, '2023-08-18 12:48:37', '2023-08-18 12:48:37'),
(174, 'kk', 35, '2023-08-18 12:48:47', '2023-08-18 12:48:47'),
(175, 'hi', 0, '2023-09-01 11:18:57', '2023-09-01 11:18:57'),
(176, 'g', 41, '2023-09-01 11:20:33', '2023-09-01 11:20:33'),
(177, 'g', 41, '2023-09-01 11:20:47', '2023-09-01 11:20:47'),
(178, 'hey', 41, '2023-09-01 11:20:57', '2023-09-01 11:20:57'),
(179, 'how are you', 41, '2023-09-01 11:21:46', '2023-09-01 11:21:46'),
(180, 'gg', 41, '2023-09-01 11:36:23', '2023-09-01 11:36:23');

-- --------------------------------------------------------

--
-- Table structure for table `comments`
--

CREATE TABLE `comments` (
  `comment_id` int NOT NULL,
  `video_id` int NOT NULL DEFAULT '0',
  `user_id` int NOT NULL DEFAULT '0',
  `added_on` datetime DEFAULT NULL,
  `updated_on` datetime DEFAULT NULL,
  `comment` text CHARACTER SET utf8mb4 COLLATE utf8mb4_unicode_ci,
  `active` tinyint NOT NULL DEFAULT '1'
) ENGINE=MyISAM DEFAULT CHARSET=utf8mb4 COLLATE=utf8mb4_unicode_ci;

--
-- Dumping data for table `comments`
--

INSERT INTO `comments` (`comment_id`, `video_id`, `user_id`, `added_on`, `updated_on`, `comment`, `active`) VALUES
(5, 43, 7, '2023-03-03 12:37:59', '2023-03-03 12:37:59', 'dfgg6', 1),
(6, 43, 7, '2023-03-03 12:38:06', '2023-03-03 12:38:06', 'cghhb', 1),
(7, 43, 7, '2023-03-03 12:38:10', '2023-03-03 12:38:10', 'cgjjhj', 1),
(8, 43, 7, '2023-03-03 12:38:13', '2023-03-03 12:38:13', 'bnjjj', 1),
(9, 43, 7, '2023-03-03 12:38:22', '2023-03-03 12:38:22', 'vhjjij', 1),
(15, 44, 25, '2023-03-28 06:33:42', '2023-03-28 06:33:42', 'b7bub', 1),
(14, 44, 25, '2023-03-28 06:33:36', '2023-03-28 06:33:36', 'bbybyby', 1),
(16, 44, 25, '2023-03-28 06:40:16', '2023-03-28 06:40:16', 'nuninni', 1),
(17, 44, 25, '2023-03-28 06:40:19', '2023-03-28 06:40:19', 'nnububb', 1),
(18, 44, 25, '2023-03-28 06:40:23', '2023-03-28 06:40:23', '8hh8n8bj8', 1),
(19, 44, 25, '2023-03-28 06:40:28', '2023-03-28 06:40:28', 'niibun', 1),
(20, 50, 47, '2023-03-29 08:52:12', '2023-03-29 08:52:12', 'hii', 1),
(21, 50, 47, '2023-03-29 08:52:23', '2023-03-29 08:52:23', 'how r u', 1),
(22, 50, 48, '2023-04-01 07:30:54', '2023-04-01 07:30:54', 'hi', 1),
(23, 66, 47, '2023-04-01 07:31:52', '2023-04-01 07:31:52', 'nicee', 1),
(26, 56, 47, '2023-04-06 07:11:38', '2023-04-06 07:11:38', 'hi', 1),
(25, 66, 47, '2023-04-01 07:33:50', '2023-04-01 07:33:50', 'https://we.tl/t-N6QEXLFz4z', 1),
(27, 61, 61, '2023-04-06 20:30:13', '2023-04-06 20:30:13', 'test comment', 1),
(29, 55, 66, '2023-04-08 06:15:31', '2023-04-08 06:15:31', 'vuvuvuvv', 1),
(30, 55, 66, '2023-04-08 06:23:59', '2023-04-08 06:23:59', 'uuvvv', 1),
(31, 67, 66, '2023-04-08 06:38:13', '2023-04-08 06:38:13', 'dvdvsecvuvuggu7gvyvuvuvuvu', 1),
(32, 46, 61, '2023-04-14 19:53:46', '2023-04-14 19:53:46', 'hello', 1),
(33, 62, 47, '2023-04-15 09:35:25', '2023-04-15 09:35:25', 'hi', 1),
(34, 70, 47, '2023-04-19 06:27:57', '2023-04-19 06:27:57', 'hii', 1),
(35, 74, 47, '2023-05-06 06:50:10', '2023-05-06 06:50:10', 'hiiii', 1),
(36, 71, 47, '2023-06-15 13:04:09', '2023-06-15 13:04:09', 'nicee', 1),
(37, 70, 47, '2023-06-22 06:48:18', '2023-06-22 06:48:18', 'hiii', 1),
(38, 83, 47, '2023-06-22 06:48:56', '2023-06-22 06:48:56', 'niceee', 1),
(39, 67, 48, '2023-07-06 09:21:06', '2023-07-06 09:21:06', 'hiii', 1),
(40, 67, 48, '2023-07-06 09:33:40', '2023-07-06 09:33:40', 'hiii', 1),
(41, 67, 48, '2023-07-06 09:35:47', '2023-07-06 09:35:47', 'hiiii', 1),
(43, 128, 111, '2023-07-07 12:47:23', '2023-07-07 12:47:23', 'hi', 1),
(44, 128, 111, '2023-07-07 12:47:32', '2023-07-07 12:47:32', 'hiii', 1),
(45, 128, 115, '2023-07-09 09:05:52', '2023-07-09 09:05:52', 'hi', 1),
(46, 132, 121, '2023-07-13 05:54:37', '2023-07-13 05:54:37', 'nice', 1),
(47, 132, 121, '2023-07-13 05:56:02', '2023-07-13 05:56:02', 'hey', 1),
(48, 132, 121, '2023-07-13 05:57:49', '2023-07-13 05:57:49', 'niceeee', 1),
(49, 129, 119, '2023-07-13 05:59:47', '2023-07-13 05:59:47', 'good one', 1),
(50, 127, 119, '2023-07-13 06:12:37', '2023-07-13 06:12:37', 'niceeee', 1),
(51, 133, 119, '2023-07-13 06:13:21', '2023-07-13 06:13:21', 'hii', 1),
(52, 129, 113, '2023-07-13 06:21:30', '2023-07-13 06:21:30', 'hi', 1),
(53, 130, 125, '2023-07-20 05:39:42', '2023-07-20 05:39:42', 'hi', 1),
(54, 134, 125, '2023-07-20 05:41:42', '2023-07-20 05:41:42', 'hey', 1),
(55, 140, 125, '2023-07-26 12:43:36', '2023-07-26 12:43:36', 'hi', 1),
(56, 134, 125, '2023-07-27 14:13:15', '2023-07-27 14:13:15', 'niceeee', 1),
(57, 134, 125, '2023-07-29 07:33:48', '2023-07-29 07:33:48', 'hello', 1),
(58, 137, 125, '2023-08-03 10:27:03', '2023-08-03 10:27:03', 'hey', 1),
(59, 6, 129, '2023-09-01 11:08:50', '2023-09-01 11:08:50', 'nice', 1);

-- --------------------------------------------------------

--
-- Table structure for table `driver`
--

CREATE TABLE `driver` (
  `driver_id` int NOT NULL,
  `driver` varchar(100) CHARACTER SET utf8mb4 COLLATE utf8mb4_unicode_ci NOT NULL DEFAULT '',
  `active` tinyint NOT NULL DEFAULT '0' COMMENT '1: yes, 0: no'
) ENGINE=MyISAM DEFAULT CHARSET=utf8mb4 COLLATE=utf8mb4_unicode_ci;

--
-- Dumping data for table `driver`
--

INSERT INTO `driver` (`driver_id`, `driver`, `active`) VALUES
(1, 'local', 1),
(2, 's3', 0);

-- --------------------------------------------------------

--
-- Table structure for table `failed_jobs`
--

CREATE TABLE `failed_jobs` (
  `id` bigint UNSIGNED NOT NULL,
  `connection` text CHARACTER SET utf8mb4 COLLATE utf8mb4_unicode_ci NOT NULL,
  `queue` text CHARACTER SET utf8mb4 COLLATE utf8mb4_unicode_ci NOT NULL,
  `payload` longtext CHARACTER SET utf8mb4 COLLATE utf8mb4_unicode_ci NOT NULL,
  `exception` longtext CHARACTER SET utf8mb4 COLLATE utf8mb4_unicode_ci NOT NULL,
  `failed_at` timestamp NOT NULL DEFAULT CURRENT_TIMESTAMP
) ENGINE=MyISAM DEFAULT CHARSET=utf8mb4 COLLATE=utf8mb4_unicode_ci;

-- --------------------------------------------------------

--
-- Table structure for table `favorites`
--

CREATE TABLE `favorites` (
  `id` int NOT NULL,
  `user_id` int NOT NULL DEFAULT '0',
  `favorite_id` int NOT NULL DEFAULT '0',
  `created_at` datetime DEFAULT NULL,
  `updated_at` datetime DEFAULT NULL
) ENGINE=MyISAM DEFAULT CHARSET=utf8mb4 COLLATE=utf8mb4_unicode_ci;

-- --------------------------------------------------------

--
-- Table structure for table `favourite_sound`
--

CREATE TABLE `favourite_sound` (
  `fav_id` int NOT NULL,
  `sound_id` int NOT NULL DEFAULT '0',
  `user_id` int NOT NULL DEFAULT '0',
  `created_at` datetime DEFAULT NULL
) ENGINE=MyISAM DEFAULT CHARSET=utf8mb4 COLLATE=utf8mb4_unicode_ci;

--
-- Dumping data for table `favourite_sound`
--

INSERT INTO `favourite_sound` (`fav_id`, `sound_id`, `user_id`, `created_at`) VALUES
(4, 3324, 7, '2023-03-14 07:07:42'),
(6, 3325, 7, '2023-03-14 08:04:12'),
(7, 3326, 7, '2023-03-14 08:04:14'),
(8, 3327, 7, '2023-03-14 08:04:16');

-- --------------------------------------------------------

--
-- Table structure for table `follow`
--

CREATE TABLE `follow` (
  `follow_id` int NOT NULL,
  `follow_by` int NOT NULL DEFAULT '0',
  `follow_to` int NOT NULL DEFAULT '0',
  `follow_on` datetime DEFAULT NULL
) ENGINE=MyISAM DEFAULT CHARSET=utf8mb4 COLLATE=utf8mb4_unicode_ci;

--
-- Dumping data for table `follow`
--

INSERT INTO `follow` (`follow_id`, `follow_by`, `follow_to`, `follow_on`) VALUES
(61, 25, 6, '2023-03-16 05:44:10'),
(19, 5, 7, '2023-02-27 06:00:15'),
(328, 25, 7, '2023-03-28 09:15:13'),
(48, 25, 45, '2023-03-15 10:01:51'),
(881, 47, 58, '2023-07-07 06:39:51'),
(91, 7, 5, '2023-03-20 11:54:45'),
(683, 62, 41, '2023-06-15 05:26:53'),
(296, 51, 34, '2023-03-22 05:01:22'),
(271, 7, 43, '2023-03-21 07:47:16'),
(54, 47, 45, '2023-03-15 12:43:57'),
(337, 48, 5, '2023-04-03 10:58:26'),
(621, 86, 25, '2023-05-22 06:27:34'),
(75, 7, 8, '2023-03-20 10:55:30'),
(331, 50, 25, '2023-04-01 07:26:53'),
(327, 7, 45, '2023-03-28 04:57:14'),
(171, 7, 39, '2023-03-20 12:40:23'),
(121, 7, 41, '2023-03-20 12:09:06'),
(172, 7, 40, '2023-03-20 12:40:26'),
(200, 7, 36, '2023-03-21 04:47:59'),
(188, 7, 38, '2023-03-20 12:55:38'),
(199, 7, 37, '2023-03-21 04:47:58'),
(202, 7, 35, '2023-03-21 04:48:02'),
(244, 7, 32, '2023-03-21 06:04:04'),
(210, 7, 33, '2023-03-21 05:04:54'),
(228, 7, 29, '2023-03-21 05:33:03'),
(233, 7, 34, '2023-03-21 05:49:44'),
(223, 7, 31, '2023-03-21 05:32:51'),
(226, 7, 30, '2023-03-21 05:32:53'),
(240, 7, 27, '2023-03-21 06:01:00'),
(333, 50, 45, '2023-04-01 07:29:08'),
(247, 7, 28, '2023-03-21 06:07:32'),
(272, 7, 44, '2023-03-21 07:47:17'),
(274, 7, 49, '2023-03-21 07:47:19'),
(849, 48, 52, '2023-06-20 12:49:55'),
(276, 7, 42, '2023-03-21 08:11:02'),
(846, 48, 49, '2023-06-20 12:49:45'),
(282, 51, 5, '2023-03-21 09:43:09'),
(283, 51, 6, '2023-03-21 09:43:13'),
(284, 51, 7, '2023-03-21 09:43:34'),
(285, 51, 41, '2023-03-21 09:43:39'),
(286, 51, 8, '2023-03-21 09:43:53'),
(287, 51, 40, '2023-03-21 09:44:45'),
(288, 51, 39, '2023-03-21 09:45:41'),
(289, 51, 37, '2023-03-21 09:45:42'),
(290, 51, 38, '2023-03-21 09:45:43'),
(291, 51, 36, '2023-03-21 09:46:59'),
(292, 51, 32, '2023-03-21 09:47:11'),
(293, 51, 33, '2023-03-21 09:47:16'),
(294, 51, 35, '2023-03-21 09:47:32'),
(340, 48, 41, '2023-04-03 10:58:36'),
(299, 47, 5, '2023-03-27 06:27:49'),
(300, 47, 8, '2023-03-27 06:38:47'),
(301, 47, 41, '2023-03-27 06:38:47'),
(302, 47, 40, '2023-03-27 06:38:48'),
(303, 47, 39, '2023-03-27 06:38:52'),
(304, 47, 38, '2023-03-27 06:38:53'),
(305, 47, 37, '2023-03-27 06:38:53'),
(306, 47, 36, '2023-03-27 06:38:54'),
(663, 62, 25, '2023-06-08 07:29:29'),
(308, 47, 32, '2023-03-27 06:39:03'),
(309, 47, 31, '2023-03-27 06:39:04'),
(310, 47, 30, '2023-03-27 06:39:05'),
(311, 47, 29, '2023-03-27 06:39:06'),
(312, 47, 27, '2023-03-27 06:39:06'),
(313, 47, 28, '2023-03-27 06:39:08'),
(314, 47, 42, '2023-03-27 06:39:09'),
(315, 47, 43, '2023-03-27 06:39:09'),
(316, 47, 44, '2023-03-27 06:39:12'),
(919, 47, 60, '2023-07-07 07:14:19'),
(574, 62, 6, '2023-05-16 10:46:34'),
(319, 47, 33, '2023-03-27 06:39:16'),
(320, 47, 49, '2023-03-27 06:39:16'),
(321, 47, 34, '2023-03-27 06:39:17'),
(322, 47, 35, '2023-03-27 06:39:17'),
(339, 48, 8, '2023-04-03 10:58:30'),
(684, 62, 40, '2023-06-15 05:28:46'),
(343, 64, 25, '2023-04-04 09:15:22'),
(344, 64, 50, '2023-04-04 09:15:36'),
(345, 64, 7, '2023-04-04 09:18:23'),
(346, 64, 45, '2023-04-04 09:18:30'),
(685, 62, 38, '2023-06-15 05:28:47'),
(348, 61, 31, '2023-04-06 20:09:34'),
(349, 61, 5, '2023-04-06 20:09:40'),
(650, 48, 62, '2023-05-25 12:21:41'),
(351, 61, 7, '2023-04-06 20:10:57'),
(352, 61, 58, '2023-04-06 20:18:54'),
(397, 72, 7, '2023-04-19 05:38:03'),
(354, 61, 39, '2023-04-06 20:36:37'),
(355, 61, 8, '2023-04-06 20:36:38'),
(356, 61, 37, '2023-04-06 20:36:39'),
(357, 61, 38, '2023-04-06 20:36:39'),
(622, 86, 6, '2023-05-22 06:31:12'),
(359, 61, 35, '2023-04-06 20:36:40'),
(360, 61, 33, '2023-04-06 20:36:40'),
(361, 61, 34, '2023-04-07 07:11:53'),
(362, 61, 36, '2023-04-07 07:13:49'),
(363, 61, 32, '2023-04-07 07:13:49'),
(364, 61, 30, '2023-04-07 07:13:50'),
(365, 61, 28, '2023-04-07 07:13:51'),
(657, 92, 46, '2023-06-07 09:16:32'),
(376, 25, 56, '2023-04-14 05:56:11'),
(377, 25, 5, '2023-04-14 05:57:26'),
(378, 25, 38, '2023-04-14 05:57:59'),
(379, 25, 39, '2023-04-14 05:58:01'),
(380, 25, 36, '2023-04-14 05:58:02'),
(381, 25, 8, '2023-04-14 05:58:25'),
(382, 25, 41, '2023-04-14 05:58:41'),
(383, 67, 25, '2023-04-14 06:01:51'),
(384, 67, 41, '2023-04-14 06:06:57'),
(680, 62, 7, '2023-06-15 04:59:24'),
(667, 61, 25, '2023-06-10 18:47:04'),
(656, 47, 6, '2023-06-03 08:24:02'),
(389, 62, 32, '2023-04-17 11:01:18'),
(396, 72, 6, '2023-04-19 05:38:01'),
(845, 48, 47, '2023-06-20 12:49:43'),
(816, 47, 53, '2023-06-15 13:11:23'),
(682, 62, 8, '2023-06-15 05:26:52'),
(537, 62, 5, '2023-05-16 09:21:51'),
(659, 96, 25, '2023-06-07 11:53:40'),
(878, 48, 25, '2023-07-06 09:47:44'),
(406, 62, 39, '2023-05-10 11:57:49'),
(686, 62, 37, '2023-06-15 05:28:47'),
(843, 48, 42, '2023-06-20 12:49:25'),
(687, 62, 36, '2023-06-15 05:28:48'),
(688, 62, 35, '2023-06-15 05:28:49'),
(689, 62, 34, '2023-06-15 05:29:52'),
(691, 62, 33, '2023-06-15 05:31:43'),
(694, 62, 31, '2023-06-15 05:32:21'),
(695, 62, 30, '2023-06-15 05:41:57'),
(699, 62, 29, '2023-06-15 05:50:54'),
(700, 62, 27, '2023-06-15 05:52:26'),
(703, 62, 42, '2023-06-15 05:52:32'),
(708, 62, 48, '2023-06-15 05:54:31'),
(709, 62, 55, '2023-06-15 05:54:41'),
(714, 62, 43, '2023-06-15 06:10:03'),
(712, 62, 45, '2023-06-15 06:01:18'),
(713, 62, 49, '2023-06-15 06:01:27'),
(715, 62, 44, '2023-06-15 06:10:13'),
(848, 48, 51, '2023-06-20 12:49:51'),
(728, 62, 28, '2023-06-15 06:41:26'),
(729, 62, 46, '2023-06-15 06:41:30'),
(732, 62, 50, '2023-06-15 06:44:49'),
(738, 62, 51, '2023-06-15 06:46:47'),
(739, 62, 56, '2023-06-15 06:47:34'),
(742, 62, 52, '2023-06-15 07:00:48'),
(741, 62, 53, '2023-06-15 06:59:28'),
(743, 62, 54, '2023-06-15 07:02:43'),
(744, 62, 57, '2023-06-15 07:09:03'),
(745, 62, 58, '2023-06-15 07:09:46'),
(746, 62, 59, '2023-06-15 07:35:16'),
(747, 62, 60, '2023-06-15 07:35:45'),
(749, 62, 61, '2023-06-15 07:36:35'),
(750, 62, 64, '2023-06-15 07:37:20'),
(751, 62, 63, '2023-06-15 07:37:59'),
(753, 62, 66, '2023-06-15 07:39:59'),
(754, 62, 67, '2023-06-15 07:40:04'),
(755, 62, 68, '2023-06-15 07:40:07'),
(756, 62, 72, '2023-06-15 07:41:00'),
(757, 62, 70, '2023-06-15 07:41:16'),
(764, 62, 65, '2023-06-15 07:42:55'),
(759, 62, 73, '2023-06-15 07:42:03'),
(760, 62, 74, '2023-06-15 07:42:24'),
(761, 62, 75, '2023-06-15 07:42:35'),
(762, 62, 76, '2023-06-15 07:42:40'),
(763, 62, 71, '2023-06-15 07:42:44'),
(765, 62, 69, '2023-06-15 07:46:35'),
(766, 62, 77, '2023-06-15 08:03:41'),
(770, 62, 82, '2023-06-15 08:04:22'),
(769, 62, 80, '2023-06-15 08:04:09'),
(772, 62, 78, '2023-06-15 09:10:24'),
(773, 62, 79, '2023-06-15 09:11:53'),
(774, 62, 81, '2023-06-15 09:12:10'),
(777, 62, 85, '2023-06-15 09:13:07'),
(776, 62, 84, '2023-06-15 09:12:32'),
(778, 62, 83, '2023-06-15 10:09:12'),
(788, 62, 86, '2023-06-15 10:11:04'),
(912, 47, 75, '2023-07-07 07:04:47'),
(873, 47, 56, '2023-07-04 06:35:47'),
(874, 62, 47, '2023-07-04 07:19:00'),
(875, 48, 43, '2023-07-06 09:28:27'),
(906, 47, 63, '2023-07-07 06:49:52'),
(918, 47, 59, '2023-07-07 07:14:09'),
(904, 47, 54, '2023-07-07 06:49:38'),
(870, 61, 47, '2023-06-23 06:52:19'),
(790, 48, 7, '2023-06-15 10:26:55'),
(791, 48, 6, '2023-06-15 10:35:56'),
(792, 48, 40, '2023-06-15 10:35:59'),
(793, 48, 39, '2023-06-15 10:36:02'),
(794, 48, 38, '2023-06-15 10:40:26'),
(797, 48, 37, '2023-06-15 10:43:32'),
(801, 48, 36, '2023-06-15 10:47:29'),
(803, 48, 61, '2023-06-15 10:48:23'),
(805, 48, 35, '2023-06-15 10:52:46'),
(806, 48, 34, '2023-06-15 10:54:00'),
(807, 48, 32, '2023-06-15 10:55:48'),
(808, 96, 5, '2023-06-15 11:17:59'),
(809, 96, 6, '2023-06-15 11:18:07'),
(810, 96, 7, '2023-06-15 11:49:21'),
(811, 96, 8, '2023-06-15 11:49:25'),
(812, 96, 40, '2023-06-15 11:49:28'),
(814, 47, 50, '2023-06-15 13:00:41'),
(815, 47, 51, '2023-06-15 13:00:42'),
(817, 47, 7, '2023-06-19 07:22:45'),
(821, 47, 25, '2023-06-19 07:23:40'),
(922, 47, 64, '2023-07-07 07:15:43'),
(850, 48, 53, '2023-06-20 12:49:57'),
(823, 47, 55, '2023-06-19 07:23:56'),
(825, 48, 28, '2023-06-19 10:52:12'),
(827, 48, 65, '2023-06-19 10:52:39'),
(828, 48, 64, '2023-06-19 10:52:54'),
(829, 48, 44, '2023-06-19 10:53:14'),
(831, 48, 45, '2023-06-19 10:53:36'),
(832, 48, 33, '2023-06-19 10:53:45'),
(833, 48, 31, '2023-06-19 10:53:47'),
(834, 48, 30, '2023-06-19 10:53:50'),
(835, 48, 29, '2023-06-19 11:00:15'),
(836, 48, 27, '2023-06-19 11:00:20'),
(837, 46, 31, '2023-06-20 08:22:50'),
(930, 47, 46, '2023-07-07 07:21:53'),
(839, 47, 80, '2023-06-20 09:58:30'),
(840, 47, 81, '2023-06-20 09:58:33'),
(841, 47, 82, '2023-06-20 09:58:36'),
(932, 47, 78, '2023-07-07 07:21:59'),
(851, 48, 55, '2023-06-20 12:50:00'),
(852, 48, 56, '2023-06-20 12:50:02'),
(854, 48, 58, '2023-06-20 12:52:09'),
(855, 48, 59, '2023-06-20 12:52:11'),
(856, 48, 60, '2023-06-20 12:52:15'),
(858, 48, 66, '2023-06-20 12:52:20'),
(903, 47, 52, '2023-07-07 06:49:34'),
(861, 47, 57, '2023-06-22 06:30:00'),
(864, 61, 6, '2023-06-22 06:37:25'),
(923, 47, 70, '2023-07-07 07:15:55'),
(888, 47, 74, '2023-07-07 06:43:08'),
(925, 47, 61, '2023-07-07 07:16:47'),
(926, 47, 65, '2023-07-07 07:20:21'),
(891, 47, 76, '2023-07-07 06:43:16'),
(929, 47, 67, '2023-07-07 07:21:16'),
(931, 47, 79, '2023-07-07 07:21:56'),
(911, 47, 73, '2023-07-07 07:04:37'),
(914, 61, 49, '2023-07-07 07:10:05'),
(913, 47, 77, '2023-07-07 07:04:53'),
(898, 47, 68, '2023-07-07 06:44:57'),
(899, 47, 71, '2023-07-07 06:45:27'),
(900, 47, 69, '2023-07-07 06:45:29'),
(936, 48, 46, '2023-07-07 07:52:16'),
(934, 48, 54, '2023-07-07 07:50:58'),
(937, 48, 50, '2023-07-07 07:52:29'),
(938, 48, 70, '2023-07-07 07:52:36'),
(939, 48, 57, '2023-07-07 07:53:08'),
(940, 48, 63, '2023-07-07 07:53:11'),
(941, 48, 72, '2023-07-07 07:53:40'),
(942, 111, 107, '2023-07-07 12:41:04'),
(964, 105, 104, '2023-07-08 04:44:23'),
(945, 105, 106, '2023-07-07 12:43:38'),
(946, 111, 105, '2023-07-07 12:43:42'),
(947, 105, 107, '2023-07-07 12:43:48'),
(948, 105, 108, '2023-07-07 12:43:53'),
(949, 111, 108, '2023-07-07 12:44:45'),
(957, 111, 104, '2023-07-07 12:49:03'),
(951, 111, 109, '2023-07-07 12:44:51'),
(952, 111, 106, '2023-07-07 12:44:55'),
(953, 111, 110, '2023-07-07 12:44:57'),
(954, 105, 109, '2023-07-07 12:45:10'),
(955, 105, 110, '2023-07-07 12:45:13'),
(975, 105, 111, '2023-07-08 06:40:26'),
(977, 111, 113, '2023-07-08 06:41:28'),
(963, 107, 113, '2023-07-08 04:43:15'),
(1009, 114, 113, '2023-07-08 08:20:00'),
(973, 113, 111, '2023-07-08 06:35:17'),
(974, 113, 110, '2023-07-08 06:35:25'),
(1020, 118, 106, '2023-07-12 10:54:00'),
(1010, 114, 110, '2023-07-08 08:20:03'),
(1008, 114, 106, '2023-07-08 08:19:47'),
(1013, 115, 110, '2023-07-09 09:00:49'),
(1021, 118, 109, '2023-07-12 10:54:02'),
(1019, 115, 113, '2023-07-09 09:01:59'),
(1023, 118, 115, '2023-07-12 10:54:26'),
(1024, 121, 106, '2023-07-13 05:52:22'),
(1025, 119, 113, '2023-07-13 05:59:39'),
(1071, 125, 128, '2023-08-15 10:46:10'),
(1038, 125, 113, '2023-07-20 05:40:53'),
(1039, 118, 120, '2023-07-20 07:45:31'),
(1036, 118, 114, '2023-07-20 05:30:41'),
(1035, 118, 113, '2023-07-20 05:30:37'),
(1031, 115, 106, '2023-07-14 03:09:04'),
(1072, 125, 105, '2023-08-15 10:56:06'),
(1074, 129, 128, '2023-09-01 11:24:11'),
(1043, 125, 119, '2023-07-24 09:02:11'),
(1044, 125, 122, '2023-07-24 09:02:12'),
(1045, 125, 123, '2023-07-24 09:02:13'),
(1046, 125, 114, '2023-07-24 09:02:18'),
(1054, 125, 129, '2023-07-27 14:11:16'),
(1048, 125, 109, '2023-07-24 09:02:20'),
(1049, 105, 124, '2023-07-24 10:52:33'),
(1073, 105, 125, '2023-08-15 10:57:45'),
(1051, 105, 122, '2023-07-25 10:47:05'),
(1060, 125, 130, '2023-07-27 20:00:18'),
(1053, 125, 106, '2023-07-26 12:42:11'),
(1058, 115, 128, '2023-07-27 19:20:00'),
(1059, 115, 119, '2023-07-27 19:20:04'),
(1061, 105, 119, '2023-07-31 09:31:41'),
(1062, 128, 105, '2023-07-31 11:06:21'),
(1063, 105, 128, '2023-07-31 11:07:52'),
(1064, 113, 113, '2023-08-02 06:45:38'),
(1065, 113, 119, '2023-08-02 06:56:40'),
(1066, 113, 130, '2023-08-02 06:56:45'),
(1067, 123, 125, '2023-08-02 06:57:57'),
(1068, 123, 128, '2023-08-02 06:58:13'),
(1075, 129, 119, '2023-09-01 11:24:29'),
(1070, 113, 124, '2023-08-03 10:56:33'),
(1076, 129, 123, '2023-09-01 11:24:51'),
(1077, 129, 130, '2023-09-01 11:24:58'),
(1078, 129, 133, '2023-09-01 11:33:53'),
(1083, 129, 105, '2023-09-02 05:58:12'),
(1080, 129, 143, '2023-09-01 12:49:54'),
(1082, 105, 129, '2023-09-02 04:43:16');

-- --------------------------------------------------------

--
-- Table structure for table `google_captcha_key`
--

CREATE TABLE `google_captcha_key` (
  `id` bigint UNSIGNED NOT NULL,
  `site_key` varchar(255) CHARACTER SET utf8mb4 COLLATE utf8mb4_unicode_ci NOT NULL DEFAULT '',
  `secret_key` varchar(255) CHARACTER SET utf8mb4 COLLATE utf8mb4_unicode_ci NOT NULL DEFAULT ''
) ENGINE=MyISAM DEFAULT CHARSET=utf8mb4 COLLATE=utf8mb4_unicode_ci;

-- --------------------------------------------------------

--
-- Table structure for table `guest_users`
--

CREATE TABLE `guest_users` (
  `id` int NOT NULL,
  `platform_id` varchar(255) CHARACTER SET utf8mb4 COLLATE utf8mb4_unicode_ci NOT NULL DEFAULT '',
  `fcm_token` varchar(255) CHARACTER SET utf8mb4 COLLATE utf8mb4_unicode_ci NOT NULL DEFAULT '',
  `joined_on` datetime NOT NULL DEFAULT CURRENT_TIMESTAMP,
  `updated_on` datetime DEFAULT NULL
) ENGINE=MyISAM DEFAULT CHARSET=utf8mb4 COLLATE=utf8mb4_unicode_ci;

--
-- Dumping data for table `guest_users`
--

INSERT INTO `guest_users` (`id`, `platform_id`, `fcm_token`, `joined_on`, `updated_on`) VALUES
(1, '7CC2F7A8-B810-4DF3-A497-DE513F6300AC', 'f2KaQk9i3UACp9rlYcrojT:APA91bHlEkihjc0w-_G32RUgi93R3uyMncIy21nZNfd8blqbJNws1go63qRprV9cimGNUKkJL8P65x7_N8kcEj9Oa870r7JM-EaPbdHTYDb2yGFUj-gxQuN--geFBrNKlnhTVsd0hS3D', '2022-11-23 09:42:02', NULL),
(2, '4A696AD4-6CF4-407A-A267-5CA2A86467B4', 'ec6sa-r7wUi8ndYsJJ9dyR:APA91bEEtXAJcRUPqYnUINFbSTbdKxD1yJlQ01otwS3bnzuSrZJMKa8dknemwFbg2YfFyGfPuTRgmeInmR6ry2mTDGqhyUtwf0oHtMxRN_a09RyXtnIqwlY7HzyS4cOYMRveO0C6ZH-M', '2022-11-24 10:17:03', NULL),
(3, '962d08e95c023424', 'eg4qEz5aQOeI4SxaTEZGD1:APA91bFm1SjXeQ8qt7cF92AN8_DQZBMqIX1XIKnaP7B5WCUjSqtb8orDHdcDEXGeew4cKwS_stUIlCn0936m9fCmqjnCXRmLUNLPU2wheHlPDlJSSOylPB3vG7v9CMWYMX0xDgk5vYAc', '2022-11-26 08:07:25', NULL),
(4, '0aff229af2273d8a', 'dJWIvs9-TQWR2u6nizcsmD:APA91bFhikNG0dJ5WVWUspCpj0WEdTdUQf8i0VpTGFl0J7806mGKMt6OYeinfw1jOCoGLPOJQbRZ91mGVt5ysCcyReNSgptoS26JN1wP95xRHvx891sdc5t1ZgyQZNA6u6KN_J0rmfDX', '2023-01-18 06:00:57', '2023-04-19 06:48:03'),
(5, 'A83FAF5D-3F3A-4387-B404-EC950FAD2B48', 'eNmaBo6aJkG5kOjxxx9TrS:APA91bFVuNQhbBNn2otJV9dDWgKHphlG_RaHl6Ivtxnh6vaLfAXQ4tBSyobNZxGhpkV8Q0QL0qJrGGs-F7XBNUe3KEOlqfOlO0HSequthPDh6XqaqJeBw0UVoJlbGgt8TWJ1UDgJNHw2', '2023-01-28 10:59:44', '2023-03-30 10:19:56'),
(6, '22B0799C-AD24-412D-9430-66D9BC8DFBAA', 'fo7Eeb4KlUFujwvMGtMbz4:APA91bGJzRw4_mW7aj6QJsHgFpPSiFrrNUQ7-QJV0Lr0YcMJr2DDBrIh_wZBNAh9vXPAlb7u-hCSHPQlQDJxg7gYVXR6jHIhmk_bssr-CmTx0Uxtgz4VTn0Wx17Sz-LTWd5SOEwnwNnC', '2023-01-28 11:09:46', NULL),
(7, 'ad7304ea0e1947ab', 'dZYE1bBCRDOzup6-ghI21R:APA91bGkDTZq5cKiU2O600PlEVq_0XFNwb3vg6WEv7IwN5xuiGFg8d64fsFOum0ayp7QP0tj1iRriRg_uuxDLQwhkWgAM3KQq8kY_ofvVJYbNeNnSaeE-VspcnidcTSddWTSqNgOQ3p1', '2023-01-30 06:46:59', NULL),
(8, '8be387f1b111d26e', 'fA21ejZjRBKTMAbFqjwUvD:APA91bEKiP7Ut1hK_tGMeQw9ce9Y2LJY0RqfUGov959_lYrabWVf-eNK1iNea79HsSA3K_q6Swt21Ar9KioAW6T4QtXW3cKE8bCktxwBiU0zPMhybcQfUWDnqDMXFUPBXjkF5_QhzAn3', '2023-01-30 08:19:22', '2023-02-27 05:52:24'),
(9, 'b54a5c8203acf2bd', 'fZuxcUN1QTeyVdJiG9Ukvl:APA91bGX-IR6RAd6QKDju5ZESS7XCjAT7i0V4Bamrqu-nWiCjQMFhVjuA-_EaK6E0wnC07oQGVVHeIyYYfm1CgeEfpvkDnQ6xPMPaW5C9G7SHna_G1yparUWrb4iwzhhAPhCb5UbQ8qD', '2023-02-14 06:22:44', '2023-07-14 15:11:28'),
(10, 'd94402dcb939148a', 'fa9PRxu7TwaX6OovTJyaP7:APA91bHqwcoarKWzSmq5nWUpZZXkpdIL3kMHIUFJ-DQng-50UhqxymqdJYpFj7P_oBOmTtBp4IDD8vgjWCTKDV9HFy7cCh9TtQCgmPqqU3DPPOJHjSm-BsDuWOJR1pc34XXd6jScIGG9', '2023-04-15 07:23:30', '2023-06-14 09:39:03'),
(11, '08C55912-30DA-4BEC-9E11-12F9DC9723FD', 'dYIpAjzP4E4sl2mG8avyXE:APA91bGjf1hl5ejkQi0Y9gMUbgrLBbBBBhRnNojfzgcJa1vHL85P0HrEn7UkA_oJn-qCsPaS1o9VL1cPWqdBE2aCnxUpo_WpvretyVkHoA_U0BbJk8rAYUrpc6fgiw1ltsARX7I1kRM_', '2023-04-15 09:11:31', NULL),
(12, 'CA9249EC-5F7D-4B68-B8B3-C44BA48CE0EE', 'dDmreuN2CkvEgtsyf_MPP2:APA91bFIzdzMJqgLEU2jROr_UleAMdO7dgA7rfWo-ZGD1_fvHWzTmWtQ29PzLJDQAcTwTuYKMJIPzewAP5PGDnn04SsB4WoVk6BiVKxBfN558-ehqw1WJaFv_5UEyJN0wVG4GsJCzcCz', '2023-04-15 09:32:48', NULL),
(13, 'BBB69FE1-4C14-4C8A-9988-BC5B037B5B2E', 'fcTPC5ja6Enfpzr_ILkPW6:APA91bFgEcX1u_M5Gd2cF3HE9QdG8uCNaC4bAwoEKxEpkxvYY3MaftnIu87zceZ7MLF0ywWX9S-NOAUbDoIs7UiO9vJdAfDn1ocBUoe8171viRlYjEWPwOQ1pMnOJOrjBI2R4QgMETRL', '2023-05-06 06:00:41', NULL),
(14, '68FE507E-A655-4B5E-80D4-C167BF85D9AE', 'e8YgisAQ5UybuQRiz1QS0j:APA91bGeKUSlE83MuoSnPGMURl7dCWlAasXArCeZmWYRU7CkcU8W15Wcb6_XlTUNstqzLJMuAJe6bz385oPoTg8lOmZismPgX_lPHSvqVmBpoUWzHDjzFvHXougzyOXXnqVckR4jgebW', '2023-05-06 08:03:54', '2023-05-15 07:57:04'),
(15, 'A51FFF7B-371E-4081-AE3B-88E7193C142D', 'f0IY75uDNUCZl1c5PBtFsX:APA91bE-rPDdyu2lK8_GDtwtMVIyVxcIx6VR8CbK2VjXvRLgxgtapC3VPxePIS7SSJSeU_p2TZQ6gjIOmpZjM5a4j6xccGMdHMf5ose4G-b5zswngoJaNixX5vy80o2qp7G_xLH7RByO', '2023-05-15 09:04:39', NULL),
(16, '9498396B-CF89-4CD2-B787-45E08395B24A', 'd-FtKCEkdUHgko4cUzkYxQ:APA91bG4RpkNXE6BD4wrSkcCTO7m_szBEtSPjxehsev9ofOOFnHWHryG5Q2LsErwAQQfsDoXsfMTHigAUi3bVqgLeuforC4YKyNeFi-M1LXST2yw1adBe8BTWPEjq3nsFLQmcLPGTQN2', '2023-05-15 09:06:11', NULL),
(17, '574E94AB-8431-47EF-AC0F-99B5876F3C30', 'dktdUSj-IUCfiaLb-pWvCE:APA91bFSnJ63pH49oMWucLzE72w1WDtSZiC6Rp2qb9gC_xpDCPsf7k4dkFx3DzqM36ViCsFD2bp0GSZD_NRX4jcV0Pd9I0lCDIZAz9gVGMErHNtip08DeRRdzxzXtPVXr78pyYMXCE7N', '2023-05-15 09:07:18', NULL),
(18, '1AB19228-0D1B-4D4A-8F71-BA8579DC456A', 'eN4F_w8iMEJTtDKETTcKTb:APA91bFjhLLm4MXhvRMcMWybFRAlLU7zjkDqVEO21gb3Dz-8CT_AxtX0SWdWfasOUEGMDD9DuRCv0M0YFVjd7SgCi79W-pgoR4DdRwnysFyhS8GP6poU0zyabV9FHH0jApHhT63uXjeK', '2023-05-15 09:17:56', NULL),
(19, 'B3E45371-0C37-456D-AA87-BEA37E83883D', 'fmXWJRWrdksTlYTYqhQkH8:APA91bEUfGuS8Jb694-zCkGj63WZZhr1O1Erl1jxmlrKIZoRRDgP8V_K2PuJquKptptW2dslIO3jydjsy66u7hd3Ou1vVcePBdpCwIZ0h8ljRjRV4nFA8ynBZBJYgR7T3_3KyTaQB2m5', '2023-05-15 09:25:09', NULL),
(20, '4F4359A7-7E9E-4BA8-B7D9-0D125791ED86', 'dWrEWLIe004uuQUJ2H46wr:APA91bGgXNk3QclJBXi4w42DQb7Ggn39st8sYz6aiXIFGHpLuDb-b6urAnlyj_CPMzob7gUn_Gi3s5K6k_1DyrhXt3hauikwwZDlDhZX9CkjVXF0pSO0eLqXT_tGDvRqsSQHFnsh6RWQ', '2023-05-17 09:05:50', '2023-06-03 08:01:45'),
(21, '830EC15B-4451-4D98-8BBC-484C9A767E0A', 'dsLlsUa3Sk4JpDf7W5VH6k:APA91bGLwEex3YCQ_PkWwGkTcz4-lLkWgayASYn-jMT311VzL-vBuATkcNsQcBHy2b_H19Hb7fOnR0NHkWgOG0t0_9s1WJyFmsHGmz8l5rAdNQf-eoks4KxCfTecGCkuS0cIY4AWe8r5', '2023-05-17 09:43:49', '2023-08-05 03:37:36'),
(22, 'C429573B-F2C1-470B-A771-D354E99A6450', 'eHG3TMIHZ0-ulYNrwQTGwJ:APA91bHt9fQOeNJA0r_eKVon4nPPgJ0ZRf4LGM41NgYYc3rifmRWnWTBMlczrMj_zfnSXTcRdskDxHJIZ43c4F6tPjIIDwoUdNgpJiXjH5Y_Y8rYkOQoTOD5qcIWaiAWb19W_m_kTkuP', '2023-05-18 00:31:48', '2023-05-18 07:02:49'),
(23, 'E75EEA34-F789-4598-BDC5-65531D958E6E', 'fBkIcaF9Kkp9pO9mVmX1ch:APA91bH3eQsSRmwmAlZLiBxynyK_NkUzIw7LFmEGXbEZyLCPH7BGFLSdawMYIMxxVyWC42nQsawqpiL4XVVe87MNMuEt1aW3dvJJqsqp9LSm_b0y202OAKYSZqBB4cv2PNt3Fog6hTwm', '2023-05-26 07:57:14', NULL),
(24, 'AA21D79F-43B1-4747-96C2-7D2302668291', 'eVcGq2F6FkbPlix-0ByVCJ:APA91bGqJwTfmO8Wned6pmL8o3o7-BWBO7ka8E3FKRKTHjxP2N3i06ggc0TPth5koTnZWTwXpFuk-qDybFjQgbc368h9bvlZTshzom2IYdFo5KUMTRLMVwjQkENJ5ye3QcU1ZFj6E5K2', '2023-06-03 08:02:15', NULL),
(25, '128D213C-A4A1-481B-8667-C91D8E6ABE0B', 'e7IeqBqrmkj2lf_Paw0rD3:APA91bF3A_VeUKM4z9K5U-F47cu7VaTjkJPCcRNGUdQBgOeYkq4JPIGu2VvY_M0nQOcp66HnJsOZ_NZHBlXUYdBBmZm8SMzam2b9ayyzNgM96Y_iHzl9qNajovE2lGMrYTQn8Nz7X0cA', '2023-06-03 08:05:04', NULL),
(26, 'CAFCD07D-F265-45F4-B343-70781113785B', 'cAp68BCNgE19htJyHc4eBw:APA91bHPT9P7emnGzfIzHYPdwEqRP1RyRf0ej_UwOO8BgOUm7Ln_EcLmKF03j8-BR4OUNm-d_KVgu-2CZSl51FHHSDYnxpnVLKmx7IpHkKvrSbZGew3p22vrXn6L2Y6uwE7P4OVzctJc', '2023-06-08 12:09:53', '2023-06-12 08:49:28'),
(27, '19467db218f46f6f', 'd3Jrh8PZQi6pJnbZPfAPGH:APA91bEPByTn6LYQXrW0deYk_rMZVUjtxB8HDrdsEKJVexJK9DtVccuiQ8qsz4P6FItSwnfOGS71b7fuvbS3yxK3UfsFcPgIZGqcKPCr5_4m4rraGzFGEU2HKmRr_n322vKLxCp1uXF3', '2023-06-15 04:24:17', '2023-08-31 10:07:52'),
(28, 'BB3A3FD5-720E-4AF8-A408-F6CCD199A906', 'eB0VrSPWmE6PgItz-ulL5U:APA91bEFjz59uet1i4lh6a3lfPVDb1nN7TaWPfmYg2Dyrvny5GTmpPA-klMpPTr3jq0GAIXqaG_lshQHJcmKgDtRi4MUfVxQ8dWCCyn8pdggKA5677uRTR_LoHv5deT34emlQL-4rG0x', '2023-06-15 12:01:47', NULL),
(29, 'EA50084C-28F0-456F-93A3-7C0A8CF6603D', 'fHsdGxIqMkC6gFAjdqCnhh:APA91bHqgNjZe8a5nqOHdtRtgvuq8NB53-pxanvJ6PnEsAGYlHfCyZ_Qd-gkNEL8ABkSNsvkuwvZXeFebmIHU7XrskQQi2cfWanGyr57gx6f3hXQJ6fljfB7pEMuq1mlmhbHmFUyGtNe', '2023-06-15 12:53:18', NULL),
(30, 'B49771FB-2E2C-4C88-9764-2E455286DDC7', 'd1uXxEILp0mksOGimTUx-u:APA91bH8k6hiNdOwHfKDCwTg1ATeOxulib-RvsVOnVSQSQpoyV_LcurWf9UumJ3gKEZzHvY-IBF-2_j4p6RwBEGvz8tKhrcUCcWtav4slWHT7mPQUGOY8lyF-0nFaHqQF0_PVlb2gKEx', '2023-06-17 15:01:15', '2023-06-20 07:58:42'),
(31, 'D9C1AD84-10B4-4043-9238-9CAD53F63629', 'elRt7ZuRdEGQpfGtxJVFh3:APA91bFNY1Qd5c3BqMC1ejj1QXytP2XOlRZPRXfSLk5EX3BWUSPzJ22sbZ23J7i4ds5xPJ7WrYGXgCqIzZh7xG_78Qa4DA0yX8s5QOJ2apdm6WVKM-PE3jKdcbrSV-fb-vPcrcxGREqg', '2023-06-20 08:21:55', '2023-07-07 11:46:05'),
(32, '7E61308A-6C56-4F23-99EE-C140E8E52642', 'fQU_oAjlG0jCo4sfRcySf2:APA91bHECesZf2W1Ja-v-byL9KHrHcRsHTkTK-X8z1oU1EcxbT3ku63uB8V1uQTOXU6VSsqmnySYaaxiKq9qv5RYrvIph4f65k5CkQz5HW7hWjcFLawuDWAhz6o5xfFqhPn2JV99OeeM', '2023-06-22 06:35:17', '2023-09-04 08:34:32'),
(33, '3FFFDE0E-BB06-4B32-87FF-C12DDD00AA75', 'dLA7yfHKR0sliUzTGzpdOd:APA91bE8WG4lSU6UX0NMEoJrR6-uC7Q-CDHFMZdA0d4DXRofYHtooieq4lzcSLfJcuWUFENlQZ_hNlZP0ApaMg1JB_o8BnjRSRQj0C-9ZmZA-E278xF_T1WAinaCtaJEz3Jh0rwEMPLO', '2023-06-27 06:46:24', NULL),
(34, '2979011f1a4b5db3', 'fIBWt464RsGGHckzMFHL9N:APA91bFeSjmdlrh7q600lPv5EyXm0JmLq8u5olM4gg-wpPQ7iIm396yr19utVLKS7V59jv1DA0T8eK3FPxHapq3Ry5zaqKamdFm6iQ_tUTtiuIboAzdQpwU9InMIhMwxh4qKLDNdbJp5', '2023-07-04 10:56:31', '2023-07-08 08:03:31'),
(35, '114D3DBF-C3F4-4B3E-B90C-D910BDA780A4', 'fKxpoMK2a0Z1ibVjWCMF_p:APA91bE6ZWKuGWt4zsXSsvqOohxXgj8rtfgU4GW3CE-ugXaI60iBjy0c6ILVMPeJHGrGWUbWqev83rey6SuzwTXIymRBTbw84hVjGDQoMdYWiI0Mgju7Ci1CN7r7oaA9sFNG9NovjPrP', '2023-07-06 11:58:33', '2023-07-06 12:22:04'),
(36, 'E5710E52-3FF1-435B-B927-7DF9C0EBDC84', 'fmTQGTFvq0i4qdpZyFHa1l:APA91bExBLB3PMr0Ge7Hm4AoO6H0FIOd96SzwtC_m2l_s809LwMQg-I4JQUViDpSwv6tRYKABvpesXKrZh3erArmJppFnrOhrgp4kTfF6oTTCGH41cM6Ra2LSgnLMBtIVLv8a7eWUWDq', '2023-07-06 13:03:53', NULL),
(37, '12BC77BC-0739-40BB-A316-EB912BD1704D', 'crT1wRDPBk1qi_wff0YKPb:APA91bGlNj27cUJc4nmSlmwM17Tn0fHDutV8-PV4VdeDfpsof2GX_Qlfq022t3uPiAcF6age0zxeKsKDYacMog9w4eOxlzvM8104J3Nd4Umx_XP-Tcv4ASpqsHjACECOIzz8a5YQDhKT', '2023-07-06 13:52:09', NULL),
(38, 'A455AE02-E2FE-4609-A51F-DB1B9DB5526D', 'cZ4dCa7wtEvdk8vYbjDLWb:APA91bHDFs_h_-GjwkdqKJv3UZMcIQBbRld6XxvQjTExxu6cnLMEh9IyOyjP-emgeJWxl1oCpPMJcxDRAdz1NyA4KAY17odu7LzN-g5pLc1rbgzK2eGa9x2qyvMNXxp0QFvgzFTNQ439', '2023-07-09 08:51:34', '2023-09-01 12:47:48'),
(39, '3712c74938508401', 'cUsCQ1AtSYSQVYbIlZefRs:APA91bHp8_do5dGF0oUwdjOGNDgfjFNEneY_uyEsdwp_WIYOx_ZfyL5NTnPUpwpkd_7iRHHzW_aaThATnnyFr94DaR3ouHyqx4yAifs0JsvSO1Nou_qVNitqb0Lmidtya1xamUqL_X0y', '2023-07-24 08:58:18', '2023-07-26 12:51:33');

-- --------------------------------------------------------

--
-- Table structure for table `home_settings`
--

CREATE TABLE `home_settings` (
  `home_setting_id` int NOT NULL,
  `heading` varchar(200) CHARACTER SET utf8mb4 COLLATE utf8mb4_unicode_ci NOT NULL DEFAULT '',
  `sub_heading` varchar(200) CHARACTER SET utf8mb4 COLLATE utf8mb4_unicode_ci NOT NULL DEFAULT '',
  `img1` varchar(200) CHARACTER SET utf8mb4 COLLATE utf8mb4_unicode_ci NOT NULL DEFAULT '',
  `img2` varchar(200) CHARACTER SET utf8mb4 COLLATE utf8mb4_unicode_ci NOT NULL DEFAULT '',
  `img1_link` varchar(200) CHARACTER SET utf8mb4 COLLATE utf8mb4_unicode_ci NOT NULL DEFAULT '',
  `img2_link` varchar(200) CHARACTER SET utf8mb4 COLLATE utf8mb4_unicode_ci NOT NULL DEFAULT '',
  `comments_per_page` int NOT NULL DEFAULT '8',
  `logo` varchar(255) CHARACTER SET utf8mb4 COLLATE utf8mb4_unicode_ci NOT NULL DEFAULT '',
  `site_title` varchar(255) CHARACTER SET utf8mb4 COLLATE utf8mb4_unicode_ci NOT NULL DEFAULT '',
  `white_logo` varchar(255) CHARACTER SET utf8mb4 COLLATE utf8mb4_unicode_ci NOT NULL DEFAULT '',
  `main_color` text CHARACTER SET utf8mb4 COLLATE utf8mb4_unicode_ci,
  `videos_per_page` int NOT NULL DEFAULT '12',
  `home_top_background_img` varchar(255) CHARACTER SET utf8mb4 COLLATE utf8mb4_unicode_ci NOT NULL DEFAULT ''
) ENGINE=MyISAM DEFAULT CHARSET=utf8mb4 COLLATE=utf8mb4_unicode_ci;

--
-- Dumping data for table `home_settings`
--

INSERT INTO `home_settings` (`home_setting_id`, `heading`, `sub_heading`, `img1`, `img2`, `img1_link`, `img2_link`, `comments_per_page`, `logo`, `site_title`, `white_logo`, `main_color`, `videos_per_page`, `home_top_background_img`) VALUES
(1, 'Set The World On Fire With Your', 'Unique Talent', 'kFVPslXs49xuqAAkZSILbjW0xlISZTZCWzxBu5R1.png', 'f0lQZkcQXBUtWmpy6hkkIJrJSiMDayEuQXYYAf0J.png', '#', '#', 10, 'xlnt1GSWkzhOvYirig3Cdu4EBLghgPN6IhEIsKk8.png', 'Yulo', '4WpX6mWxHKbqqS7BSRdpOPEEJbyyBIHhu9QvqY0E.png', '<p>background: linear-gradient(left , rgb(115, 80, 199) 7% , rgb(236, 74, 99) 86%); background: -o-linear-gradient(left , rgb(115, 80, 199) 7% , rgb(236, 74, 99) 86%); background: -ms-linear-gradient(left , rgb(115, 80, 199) 7% , rgb(236, 74, 99) 86%); background: -moz-linear-gradient(left , rgb(115, 80, 199) 7% , rgb(236, 74, 99) 86%); background: -webkit-linear-gradient(left , rgb(115, 80, 199) 7% , rgb(236, 74, 99) 86%);</p>', 12, 'QrekyBkQjCekZtl11TJv8MJTpc7ipURMO4F3IuU2.jpg');

-- --------------------------------------------------------

--
-- Table structure for table `jobs`
--

CREATE TABLE `jobs` (
  `id` bigint UNSIGNED NOT NULL,
  `queue` varchar(255) CHARACTER SET utf8mb4 COLLATE utf8mb4_unicode_ci NOT NULL,
  `payload` longtext CHARACTER SET utf8mb4 COLLATE utf8mb4_unicode_ci NOT NULL,
  `attempts` tinyint UNSIGNED NOT NULL,
  `reserved_at` int UNSIGNED DEFAULT NULL,
  `available_at` int UNSIGNED NOT NULL,
  `created_at` int UNSIGNED NOT NULL
) ENGINE=MyISAM DEFAULT CHARSET=utf8mb4 COLLATE=utf8mb4_unicode_ci;

-- --------------------------------------------------------

--
-- Table structure for table `likes`
--

CREATE TABLE `likes` (
  `like_id` int NOT NULL,
  `liked_on` datetime DEFAULT NULL,
  `user_id` int NOT NULL DEFAULT '0',
  `video_id` int NOT NULL DEFAULT '0'
) ENGINE=MyISAM DEFAULT CHARSET=utf8mb4 COLLATE=utf8mb4_unicode_ci;

--
-- Dumping data for table `likes`
--

INSERT INTO `likes` (`like_id`, `liked_on`, `user_id`, `video_id`) VALUES
(29, '2023-03-13 09:21:23', 7, 43),
(30, '2023-03-13 09:35:29', 7, 46),
(31, '2023-03-13 09:35:33', 7, 44),
(32, '2023-03-13 09:35:35', 7, 48),
(33, '2023-03-13 09:35:38', 7, 49),
(131, '2023-05-02 07:59:16', 48, 50),
(99, '2023-04-08 05:47:17', 25, 43),
(43, '2023-03-27 06:44:31', 47, 49),
(44, '2023-03-27 08:08:34', 25, 60),
(50, '2023-03-29 08:52:27', 47, 50),
(51, '2023-04-01 06:34:19', 47, 46),
(113, '2023-04-17 05:58:08', 47, 64),
(127, '2023-05-02 06:13:00', 50, 72),
(54, '2023-04-01 07:28:51', 50, 43),
(55, '2023-04-01 07:31:24', 47, 66),
(128, '2023-05-02 07:51:11', 64, 48),
(112, '2023-04-15 09:35:35', 47, 62),
(114, '2023-04-17 08:41:48', 62, 61),
(118, '2023-04-17 10:57:20', 62, 67),
(119, '2023-04-18 00:23:07', 61, 46),
(120, '2023-04-19 05:11:42', 72, 55),
(121, '2023-04-19 05:11:45', 72, 67),
(122, '2023-04-19 06:27:46', 47, 70),
(125, '2023-04-29 05:18:29', 72, 43),
(129, '2023-05-02 07:51:15', 64, 70),
(130, '2023-05-02 07:51:19', 64, 61),
(132, '2023-05-02 07:59:29', 48, 48),
(133, '2023-05-02 09:41:37', 48, 44),
(134, '2023-05-02 09:44:21', 48, 73),
(135, '2023-05-02 10:04:37', 25, 69),
(136, '2023-05-03 10:31:42', 46, 75),
(137, '2023-05-03 10:31:54', 46, 49),
(139, '2023-05-06 06:50:02', 47, 74),
(141, '2023-05-08 06:47:58', 61, 71),
(142, '2023-05-09 05:17:52', 62, 43),
(143, '2023-05-15 07:31:41', 61, 66),
(144, '2023-05-15 07:31:50', 61, 74),
(145, '2023-05-15 09:15:31', 62, 74),
(146, '2023-05-17 09:24:24', 84, 50),
(147, '2023-05-17 09:24:26', 84, 58),
(148, '2023-05-17 10:46:23', 84, 61),
(149, '2023-05-19 05:24:53', 47, 76),
(150, '2023-05-19 05:24:56', 47, 80),
(186, '2023-07-06 05:58:25', 62, 83),
(152, '2023-05-19 07:40:23', 62, 50),
(153, '2023-05-19 07:40:25', 62, 49),
(154, '2023-05-19 12:27:08', 62, 70),
(155, '2023-05-25 12:18:32', 48, 79),
(156, '2023-06-03 22:28:18', 61, 80),
(157, '2023-06-07 09:16:15', 92, 50),
(158, '2023-06-07 09:16:18', 92, 75),
(159, '2023-06-07 09:16:20', 92, 86),
(165, '2023-06-10 05:12:54', 96, 96),
(164, '2023-06-08 19:36:08', 61, 49),
(166, '2023-06-17 15:05:27', 47, 118),
(167, '2023-06-19 07:21:22', 47, 89),
(168, '2023-06-19 07:21:56', 62, 95),
(169, '2023-06-19 10:56:44', 48, 101),
(170, '2023-06-22 06:48:49', 47, 83),
(182, '2023-07-06 05:40:51', 62, 72),
(187, '2023-07-06 06:04:46', 62, 78),
(218, '2023-07-07 07:10:41', 48, 122),
(196, '2023-07-06 07:31:31', 48, 114),
(199, '2023-07-06 07:36:44', 48, 81),
(200, '2023-07-06 07:53:43', 48, 43),
(210, '2023-07-06 08:07:25', 25, 88),
(204, '2023-07-06 08:01:35', 25, 89),
(212, '2023-07-06 08:08:15', 25, 106),
(213, '2023-07-06 08:11:58', 25, 87),
(215, '2023-07-06 08:13:17', 48, 60),
(216, '2023-07-06 09:35:31', 48, 67),
(219, '2023-07-07 07:54:47', 25, 50),
(220, '2023-07-07 07:55:15', 25, 73),
(228, '2023-07-07 12:50:45', 105, 128),
(229, '2023-07-08 04:20:19', 113, 127),
(230, '2023-07-09 09:05:48', 115, 128),
(231, '2023-07-13 05:55:54', 121, 132),
(232, '2023-07-13 06:13:09', 119, 133),
(234, '2023-07-20 05:39:15', 125, 130),
(239, '2023-07-29 07:33:53', 125, 134),
(237, '2023-07-26 12:43:32', 125, 140),
(238, '2023-07-26 12:46:50', 125, 136),
(240, '2023-07-31 11:09:21', 105, 143),
(241, '2023-08-03 10:26:57', 125, 137),
(242, '2023-08-04 12:48:46', 113, 143),
(243, '2023-08-04 12:49:40', 113, 140),
(244, '2023-08-31 09:32:54', 105, 193),
(245, '2023-08-31 09:45:35', 105, 1),
(246, '2023-09-01 11:11:32', 129, 6),
(247, '2023-09-01 11:22:48', 129, 8),
(248, '2023-09-01 11:23:28', 105, 8),
(249, '2023-09-01 11:23:44', 105, 7);

-- --------------------------------------------------------

--
-- Table structure for table `mail_settings`
--

CREATE TABLE `mail_settings` (
  `m_id` int NOT NULL,
  `mail_type_id` int DEFAULT '0',
  `api_key` varchar(100) CHARACTER SET utf8mb4 COLLATE utf8mb4_unicode_ci NOT NULL DEFAULT '',
  `api_secret` varchar(100) CHARACTER SET utf8mb4 COLLATE utf8mb4_unicode_ci NOT NULL DEFAULT '',
  `from_email` varchar(100) CHARACTER SET utf8mb4 COLLATE utf8mb4_unicode_ci NOT NULL DEFAULT '',
  `mail_host` varchar(200) CHARACTER SET utf8mb4 COLLATE utf8mb4_unicode_ci NOT NULL DEFAULT '',
  `mail_port` varchar(200) CHARACTER SET utf8mb4 COLLATE utf8mb4_unicode_ci NOT NULL DEFAULT '',
  `mail_username` varchar(200) CHARACTER SET utf8mb4 COLLATE utf8mb4_unicode_ci NOT NULL DEFAULT '',
  `mail_password` varchar(200) CHARACTER SET utf8mb4 COLLATE utf8mb4_unicode_ci NOT NULL DEFAULT '',
  `mail_encryption` varchar(200) CHARACTER SET utf8mb4 COLLATE utf8mb4_unicode_ci NOT NULL DEFAULT '',
  `mail_type` char(3) CHARACTER SET utf8mb4 COLLATE utf8mb4_unicode_ci NOT NULL DEFAULT '',
  `status` tinyint(1) NOT NULL DEFAULT '0' COMMENT '1: yes, 0: no'
) ENGINE=MyISAM DEFAULT CHARSET=utf8mb4 COLLATE=utf8mb4_unicode_ci;

--
-- Dumping data for table `mail_settings`
--

INSERT INTO `mail_settings` (`m_id`, `mail_type_id`, `api_key`, `api_secret`, `from_email`, `mail_host`, `mail_port`, `mail_username`, `mail_password`, `mail_encryption`, `mail_type`, `status`) VALUES
(1, 2, '', '', 'support@thebookshopnft.io', 'mail.thebookshopnft.io', '2525', 'support@thebookshopnft.io', 'VIiZ2^8ctv=0', 'tls', '', 0);

-- --------------------------------------------------------

--
-- Table structure for table `mail_types`
--

CREATE TABLE `mail_types` (
  `mail_type_id` int NOT NULL,
  `name` varchar(100) CHARACTER SET utf8mb4 COLLATE utf8mb4_unicode_ci NOT NULL DEFAULT '',
  `mail_type` char(3) CHARACTER SET utf8mb4 COLLATE utf8mb4_unicode_ci NOT NULL DEFAULT '',
  `active` tinyint NOT NULL DEFAULT '0' COMMENT '1: yes, 0: no'
) ENGINE=MyISAM DEFAULT CHARSET=utf8mb4 COLLATE=utf8mb4_unicode_ci;

--
-- Dumping data for table `mail_types`
--

INSERT INTO `mail_types` (`mail_type_id`, `name`, `mail_type`, `active`) VALUES
(1, 'SendGrid', 'SG', 0),
(2, 'SMTP', 'SM', 1);

-- --------------------------------------------------------

--
-- Table structure for table `migrations`
--

CREATE TABLE `migrations` (
  `id` int UNSIGNED NOT NULL,
  `migration` varchar(255) CHARACTER SET utf8mb4 COLLATE utf8mb4_unicode_ci NOT NULL,
  `batch` int NOT NULL
) ENGINE=MyISAM DEFAULT CHARSET=utf8mb4 COLLATE=utf8mb4_unicode_ci;

--
-- Dumping data for table `migrations`
--

INSERT INTO `migrations` (`id`, `migration`, `batch`) VALUES
(1, '2020_12_14_103847_create_ad_settings_table', 1),
(2, '2020_12_14_103847_create_admin_table', 1),
(3, '2020_12_14_103847_create_blocked_users_table', 1),
(4, '2020_12_14_103847_create_categories_table', 1),
(5, '2020_12_14_103847_create_comments_table', 1),
(6, '2020_12_14_103847_create_failed_jobs_table', 1),
(7, '2020_12_14_103847_create_favourite_sound_table', 1),
(8, '2020_12_14_103847_create_follow_table', 1),
(9, '2020_12_14_103847_create_home_settings_table', 1),
(10, '2020_12_14_103847_create_jobs_table', 1),
(11, '2020_12_14_103847_create_likes_table', 1),
(12, '2020_12_14_103847_create_mail_settings_table', 1),
(13, '2020_12_14_103847_create_notifications_table', 1),
(14, '2020_12_14_103847_create_nsfw_settings_table', 1),
(15, '2020_12_14_103847_create_pages_table', 1),
(16, '2020_12_14_103847_create_pusher_settings_table', 1),
(17, '2020_12_14_103847_create_reports_table', 1),
(18, '2020_12_14_103847_create_settings_table', 1),
(19, '2020_12_14_103847_create_social_media_links_table', 1),
(20, '2020_12_14_103847_create_social_settings_table', 1),
(21, '2020_12_14_103847_create_sounds_table', 1),
(22, '2020_12_14_103847_create_unique_users_ids_table', 1),
(23, '2020_12_14_103847_create_users_table', 1),
(24, '2020_12_14_103847_create_video_tags_table', 1),
(25, '2020_12_14_103847_create_video_views_table', 1),
(26, '2020_12_14_103847_create_videos_table', 1),
(27, '2020_12_24_044111_logo', 1),
(28, '2020_12_24_045209_site_title', 1),
(29, '2020_12_24_051402_app_settings', 1),
(30, '2020_12_24_095025_active', 1),
(31, '2020_12_29_090050_sponsors', 1),
(32, '2020_12_30_105222_userverify', 1),
(33, '2020_12_31_073735_white_logo', 1),
(34, '2021_01_01_102832_storage_settings', 1),
(35, '2021_01_02_071812_chats', 1),
(36, '2021_01_02_090345_mail_types', 1),
(37, '2021_01_02_090635_driver', 1),
(38, '2021_01_07_063224_user_active_status', 1),
(39, '2021_01_09_061510_favorites', 1),
(40, '2021_01_09_062615_main_color', 1),
(41, '2021_01_11_121429_mail_setting_update_columns', 1),
(42, '2021_01_15_092236_user_remember_token', 1),
(43, '2021_01_23_103430_create_video_per_page', 1),
(44, '2021_01_23_105021_create_home_top_background_img', 1),
(45, '2021_01_25_085252_create_app_login_page', 1),
(46, '2021_01_30_104003_add_columns_to_ad_settings', 1),
(47, '2021_02_06_100841_eula_agree', 1),
(48, '2021_02_09_070740_sound_image', 1),
(49, '2021_02_15_071052_apple_app_login', 1),
(50, '2021_02_23_120802_app_setting_color', 1),
(51, '2021_03_10_092024_app_background_img', 1),
(52, '2021_03_10_102014_create_google_captcha_key', 1),
(53, '2021_03_12_121017_video_time_limit', 1),
(54, '2021_03_13_100720_inactive_button', 1),
(55, '2021_09_15_114250_create_guest_users', 1),
(56, '2021_09_15_114720_user_fcm_token', 1),
(57, '2021_09_17_045524_create_notification_settings', 1),
(58, '2021_10_13_035149_create_chat_conversations', 1),
(59, '2021_10_13_043652_create_chat_messages', 1),
(60, '2021_10_13_045327_create_chat_chats', 1),
(61, '2021_11_02_054748_chat_with', 1),
(62, '2021_11_02_061634_migrated', 1),
(63, '2021_11_06_112742_add_new_fields_to_settings_table', 1),
(64, '2021_11_25_064152_update__default_values_notification_settings_table', 1),
(65, '2022_06_14_083158_add_wide_cloumn', 1);

-- --------------------------------------------------------

--
-- Table structure for table `notifications`
--

CREATE TABLE `notifications` (
  `notify_id` int UNSIGNED NOT NULL,
  `notify_by` int UNSIGNED NOT NULL DEFAULT '0',
  `notify_to` int UNSIGNED NOT NULL DEFAULT '0',
  `video_id` int UNSIGNED NOT NULL DEFAULT '0',
  `message` varchar(255) CHARACTER SET utf8mb4 COLLATE utf8mb4_unicode_ci DEFAULT NULL,
  `type` varchar(50) CHARACTER SET utf8mb4 COLLATE utf8mb4_unicode_ci DEFAULT NULL COMMENT 'L:like, UL:unlike, F:follow, UF:unfollow, C:comment',
  `read` tinyint DEFAULT '0',
  `added_on` timestamp NULL DEFAULT NULL
) ENGINE=MyISAM DEFAULT CHARSET=utf8mb4 COLLATE=utf8mb4_unicode_ci;

--
-- Dumping data for table `notifications`
--

INSERT INTO `notifications` (`notify_id`, `notify_by`, `notify_to`, `video_id`, `message`, `type`, `read`, `added_on`) VALUES
(1, 5, 7, 44, 'Demo test likes Demo Video 2', 'L', 1, '2023-01-30 14:41:51'),
(2, 5, 7, 44, 'Demo test likes Demo Video 2', 'L', 1, '2023-01-30 14:41:54'),
(3, 5, 7, 44, 'Demo test likes Demo Video 2', 'L', 1, '2023-01-30 14:41:55'),
(4, 5, 7, 44, 'Demo test likes Demo Video 2', 'L', 1, '2023-01-30 14:43:37'),
(5, 5, 7, 44, 'Demo test likes Demo Video 2', 'L', 1, '2023-01-30 14:43:40'),
(6, 5, 7, 44, 'Demo test likes Demo Video 2', 'L', 1, '2023-01-30 14:56:01'),
(7, 5, 7, 44, 'Demo test commented on Demo Video 2', 'C', 1, '2023-01-30 14:56:05'),
(8, 5, 7, 44, 'Demo test commented on Demo Video 2', 'C', 1, '2023-01-30 14:56:34'),
(9, 5, 7, 44, 'Demo test likes Demo Video 2', 'L', 1, '2023-01-30 15:02:52'),
(10, 5, 7, 44, 'Demo test likes Demo Video 2', 'L', 1, '2023-01-30 15:02:55'),
(11, 5, 7, 44, 'Demo test likes Demo Video 2', 'L', 1, '2023-01-30 15:02:58'),
(12, 5, 7, 44, 'Demo test likes Demo Video 2', 'L', 1, '2023-01-30 15:03:01'),
(13, 5, 7, 44, 'Demo test likes Demo Video 2', 'L', 1, '2023-01-30 15:03:04'),
(14, 5, 7, 44, 'Demo test likes Demo Video 2', 'L', 1, '2023-02-02 13:29:35'),
(15, 5, 7, 44, 'Demo test likes Demo Video 2', 'L', 1, '2023-02-02 13:40:36'),
(16, 5, 7, 44, 'Demo test likes Demo Video 2', 'L', 1, '2023-02-02 14:04:23'),
(17, 5, 7, 44, 'Demo test likes Demo Video 2', 'L', 1, '2023-02-02 14:36:51'),
(18, 8, 6, 0, 'Demo 3 following you ', 'F', 0, '2023-02-14 13:43:18'),
(19, 8, 6, 0, 'Demo 3 following you ', 'F', 0, '2023-02-14 13:45:14'),
(20, 7, 6, 0, 'Demo 2 following you ', 'F', 0, '2023-02-14 14:05:33'),
(21, 7, 6, 0, 'Demo 2 following you ', 'F', 0, '2023-02-14 14:05:33'),
(22, 7, 6, 0, 'Demo 2 following you ', 'F', 0, '2023-02-15 12:53:23'),
(23, 7, 6, 0, 'Demo 2 following you ', 'F', 0, '2023-02-15 12:53:27'),
(24, 7, 6, 0, 'Demo 2 following you ', 'F', 0, '2023-02-15 12:54:01'),
(25, 7, 6, 0, 'Demo 2 following you ', 'F', 0, '2023-02-15 12:54:35'),
(26, 7, 6, 0, 'Demo 2 following you ', 'F', 0, '2023-02-15 13:11:00'),
(27, 7, 6, 0, 'Demo 2 following you ', 'F', 0, '2023-02-15 13:11:01'),
(28, 7, 6, 0, 'Demo 2 following you ', 'F', 0, '2023-02-15 13:11:03'),
(29, 7, 6, 0, 'Demo 2 following you ', 'F', 0, '2023-02-15 13:11:05'),
(30, 7, 6, 0, 'Demo 2 following you ', 'F', 0, '2023-02-15 13:11:33'),
(31, 7, 6, 0, 'Demo 2 following you ', 'F', 0, '2023-02-15 13:11:37'),
(32, 7, 6, 0, 'Demo 2 following you ', 'F', 0, '2023-02-15 13:51:25'),
(33, 7, 6, 0, 'Demo 2 following you ', 'F', 0, '2023-02-15 14:03:41'),
(34, 7, 6, 0, 'Demo 2 following you ', 'F', 0, '2023-02-15 14:03:41'),
(35, 7, 6, 43, 'Demo 2 likes Demo Video 1', 'L', 0, '2023-02-15 15:55:11'),
(36, 7, 6, 43, 'Demo 2 commented on Demo Video 1', 'C', 0, '2023-02-15 15:55:17'),
(37, 7, 6, 43, 'Demo 2 likes Demo Video 1', 'L', 0, '2023-02-16 12:59:23'),
(38, 7, 6, 43, 'Demo 2 likes Demo Video 1', 'L', 0, '2023-02-16 12:59:25'),
(39, 7, 6, 43, 'Demo 2 likes Demo Video 1', 'L', 0, '2023-02-16 12:59:28'),
(40, 5, 7, 46, 'Demo test likes Demo Video 2', 'L', 1, '2023-02-27 12:55:04'),
(41, 5, 7, 0, 'Demo test following you ', 'F', 1, '2023-02-27 12:59:00'),
(42, 5, 7, 0, 'Demo test following you ', 'F', 1, '2023-02-27 13:00:15'),
(43, 7, 6, 0, 'Demo rer following you ', 'F', 0, '2023-02-27 13:11:21'),
(44, 7, 6, 0, 'Demo rer following you ', 'F', 0, '2023-03-03 14:42:29'),
(45, 7, 6, 0, 'Demo rer following you ', 'F', 0, '2023-03-03 14:50:49'),
(46, 7, 6, 43, 'Demo rer commented on Demo Video 1', 'C', 0, '2023-03-03 19:18:29'),
(47, 7, 6, 43, 'Demo rer likes Demo Video 1', 'L', 0, '2023-03-03 19:34:01'),
(48, 7, 6, 43, 'Demo rer likes Demo Video 1', 'L', 0, '2023-03-03 19:34:14'),
(49, 7, 6, 43, 'Demo rer commented on Demo Video 1', 'C', 0, '2023-03-03 19:37:59'),
(50, 7, 6, 43, 'Demo rer commented on Demo Video 1', 'C', 0, '2023-03-03 19:38:06'),
(51, 7, 6, 43, 'Demo rer commented on Demo Video 1', 'C', 0, '2023-03-03 19:38:10'),
(52, 7, 6, 43, 'Demo rer commented on Demo Video 1', 'C', 0, '2023-03-03 19:38:13'),
(53, 7, 6, 43, 'Demo rer commented on Demo Video 1', 'C', 0, '2023-03-03 19:38:22'),
(54, 7, 6, 43, 'Demo rer commented on Demo Video 1', 'C', 0, '2023-03-03 19:38:24'),
(55, 7, 6, 43, 'Demo rer likes Demo Video 1', 'L', 0, '2023-03-03 19:43:46'),
(56, 7, 6, 0, 'Demo rer following you ', 'F', 0, '2023-03-03 19:51:50'),
(57, 7, 6, 0, 'Demo rer following you ', 'F', 0, '2023-03-03 19:51:56'),
(58, 7, 6, 0, 'Demo rer following you ', 'F', 0, '2023-03-03 19:54:40'),
(59, 7, 6, 0, 'Demo rer following you ', 'F', 0, '2023-03-03 19:54:48'),
(60, 7, 6, 0, 'Demo rer following you ', 'F', 0, '2023-03-03 19:55:07'),
(61, 7, 6, 0, 'Demo rer following you ', 'F', 0, '2023-03-03 19:55:16'),
(62, 7, 6, 0, 'Demo rer following you ', 'F', 0, '2023-03-03 19:55:39'),
(63, 7, 6, 0, 'Demo rer following you ', 'F', 0, '2023-03-03 19:55:47'),
(64, 7, 6, 0, 'Demo rer following you ', 'F', 0, '2023-03-03 19:55:54'),
(65, 7, 6, 0, 'Demo rer following you ', 'F', 0, '2023-03-03 20:00:50'),
(66, 7, 6, 0, 'Demo rer following you ', 'F', 0, '2023-03-04 12:02:03'),
(67, 7, 6, 0, 'Demo rer following you ', 'F', 0, '2023-03-04 12:02:23'),
(68, 7, 6, 0, 'Demo rer following you ', 'F', 0, '2023-03-04 12:13:58'),
(69, 7, 6, 43, 'Demo rer likes Demo Video 1', 'L', 0, '2023-03-04 12:14:05'),
(70, 7, 6, 0, 'Demo rer following you ', 'F', 0, '2023-03-04 12:17:25'),
(71, 7, 6, 0, 'Demo rer following you ', 'F', 0, '2023-03-04 12:17:57'),
(72, 7, 6, 0, 'Demo rer following you ', 'F', 0, '2023-03-04 12:19:48'),
(73, 7, 6, 0, 'Demo rer following you ', 'F', 0, '2023-03-04 12:20:33'),
(74, 7, 6, 0, 'Demo rer following you ', 'F', 0, '2023-03-04 12:20:42'),
(75, 7, 6, 43, 'Demo rer likes Demo Video 1', 'L', 0, '2023-03-13 16:21:23'),
(76, 7, 25, 48, 'Demo rer likes ', 'L', 1, '2023-03-13 16:35:37'),
(77, 7, 45, 49, 'Demo rer likes ', 'L', 0, '2023-03-13 16:35:39'),
(78, 25, 7, 0, 'Test Spam following you ', 'F', 1, '2023-03-14 19:35:32'),
(79, 25, 7, 0, 'Test Spam following you ', 'F', 1, '2023-03-14 19:35:46'),
(80, 25, 7, 0, 'Test Spam following you ', 'F', 1, '2023-03-14 19:35:48'),
(81, 25, 7, 0, 'Test Spam following you ', 'F', 1, '2023-03-15 17:00:18'),
(82, 25, 6, 0, 'Test Spam following you ', 'F', 0, '2023-03-15 17:00:57'),
(83, 25, 6, 43, 'Test Spam likes Demo Video 1', 'L', 0, '2023-03-15 17:10:38'),
(84, 25, 6, 43, 'Test Spam likes Demo Video 1', 'L', 0, '2023-03-15 17:10:40'),
(85, 47, 7, 0, 'anna singer following you ', 'F', 1, '2023-03-15 19:42:43'),
(86, 47, 6, 0, 'anna singer following you ', 'F', 0, '2023-03-15 19:42:49'),
(87, 7, 6, 0, 'Areeb  following you ', 'F', 0, '2023-03-16 12:28:10'),
(88, 25, 6, 0, 'Test Spam following you ', 'F', 0, '2023-03-16 12:44:03'),
(89, 25, 6, 0, 'Test Spam following you ', 'F', 0, '2023-03-16 12:44:10'),
(90, 25, 7, 0, 'Test Spam following you ', 'F', 1, '2023-03-16 18:04:12'),
(91, 25, 6, 43, 'Test Spam likes Demo Video 1', 'L', 0, '2023-03-16 18:07:18'),
(92, 25, 6, 43, 'Test Spam likes Demo Video 1', 'L', 0, '2023-03-16 18:07:23'),
(93, 25, 6, 43, 'Test Spam likes Demo Video 1', 'L', 0, '2023-03-16 18:07:26'),
(94, 25, 6, 43, 'Test Spam likes Demo Video 1', 'L', 0, '2023-03-16 18:07:28'),
(95, 25, 6, 43, 'Test Spam likes Demo Video 1', 'L', 0, '2023-03-16 18:08:21'),
(96, 25, 7, 0, 'Test Spam following you ', 'F', 1, '2023-03-20 13:25:50'),
(97, 25, 7, 0, 'Test Spam following you ', 'F', 1, '2023-03-20 13:27:56'),
(98, 7, 8, 0, 'adg  following you ', 'F', 0, '2023-03-20 17:55:22'),
(99, 7, 8, 0, 'adg  following you ', 'F', 0, '2023-03-20 17:55:22'),
(100, 7, 8, 0, 'adg  following you ', 'F', 0, '2023-03-20 17:55:26'),
(101, 7, 8, 0, 'adg  following you ', 'F', 0, '2023-03-20 17:55:27'),
(102, 7, 8, 0, 'adg  following you ', 'F', 0, '2023-03-20 17:55:29'),
(103, 7, 8, 0, 'adg  following you ', 'F', 0, '2023-03-20 17:55:30'),
(104, 7, 5, 0, 'adg  following you ', 'F', 1, '2023-03-20 17:55:52'),
(105, 7, 5, 0, 'adg  following you ', 'F', 1, '2023-03-20 18:38:20'),
(106, 7, 5, 0, 'adg  following you ', 'F', 1, '2023-03-20 18:40:16'),
(107, 7, 5, 0, 'adg  following you ', 'F', 1, '2023-03-20 18:41:22'),
(108, 7, 5, 0, 'adg  following you ', 'F', 1, '2023-03-20 18:46:40'),
(109, 7, 5, 0, 'adg  following you ', 'F', 1, '2023-03-20 18:47:33'),
(110, 7, 5, 0, 'adg  following you ', 'F', 1, '2023-03-20 18:48:25'),
(111, 7, 5, 0, 'adg  following you ', 'F', 1, '2023-03-20 18:48:25'),
(112, 7, 5, 0, 'adg  following you ', 'F', 1, '2023-03-20 18:48:26'),
(113, 7, 5, 0, 'adg  following you ', 'F', 1, '2023-03-20 18:48:27'),
(114, 7, 5, 0, 'adg  following you ', 'F', 1, '2023-03-20 18:48:29'),
(115, 7, 5, 0, 'adg  following you ', 'F', 1, '2023-03-20 18:48:30'),
(116, 7, 5, 0, 'adg  following you ', 'F', 1, '2023-03-20 18:48:31'),
(117, 7, 5, 0, 'adg  following you ', 'F', 1, '2023-03-20 18:50:51'),
(118, 7, 5, 0, 'adg  following you ', 'F', 1, '2023-03-20 18:53:06'),
(119, 7, 5, 0, 'adg  following you ', 'F', 1, '2023-03-20 18:54:45'),
(120, 7, 40, 0, 'adg  following you ', 'F', 0, '2023-03-20 19:12:12'),
(121, 7, 40, 0, 'adg  following you ', 'F', 0, '2023-03-20 19:12:13'),
(122, 7, 40, 0, 'adg  following you ', 'F', 0, '2023-03-20 19:12:14'),
(123, 7, 40, 0, 'adg  following you ', 'F', 0, '2023-03-20 19:12:15'),
(124, 7, 40, 0, 'adg  following you ', 'F', 0, '2023-03-20 19:14:11'),
(125, 7, 40, 0, 'adg  following you ', 'F', 0, '2023-03-20 19:14:12'),
(126, 7, 40, 0, 'adg  following you ', 'F', 0, '2023-03-20 19:14:13'),
(127, 7, 40, 0, 'adg  following you ', 'F', 0, '2023-03-20 19:14:14'),
(128, 7, 40, 0, 'adg  following you ', 'F', 0, '2023-03-20 19:14:55'),
(129, 7, 40, 0, 'adg  following you ', 'F', 0, '2023-03-20 19:16:38'),
(130, 7, 40, 0, 'adg  following you ', 'F', 0, '2023-03-20 19:16:56'),
(131, 7, 40, 0, 'adg  following you ', 'F', 0, '2023-03-20 19:17:03'),
(132, 7, 40, 0, 'adg  following you ', 'F', 0, '2023-03-20 19:17:06'),
(133, 7, 40, 0, 'adg  following you ', 'F', 0, '2023-03-20 19:17:07'),
(134, 7, 40, 0, 'adg  following you ', 'F', 0, '2023-03-20 19:17:13'),
(135, 7, 40, 0, 'adg  following you ', 'F', 0, '2023-03-20 19:21:26'),
(136, 7, 40, 0, 'adg  following you ', 'F', 0, '2023-03-20 19:22:09'),
(137, 7, 40, 0, 'adg  following you ', 'F', 0, '2023-03-20 19:26:25'),
(138, 7, 40, 0, 'adg  following you ', 'F', 0, '2023-03-20 19:26:26'),
(139, 7, 40, 0, 'adg  following you ', 'F', 0, '2023-03-20 19:26:27'),
(140, 7, 40, 0, 'adg  following you ', 'F', 0, '2023-03-20 19:26:28'),
(141, 7, 40, 0, 'adg  following you ', 'F', 0, '2023-03-20 19:26:29'),
(142, 7, 40, 0, 'adg  following you ', 'F', 0, '2023-03-20 19:26:30'),
(143, 7, 40, 0, 'adg  following you ', 'F', 0, '2023-03-20 19:26:57'),
(144, 7, 40, 0, 'adg  following you ', 'F', 0, '2023-03-20 19:27:24'),
(145, 7, 39, 0, 'adg  following you ', 'F', 0, '2023-03-20 19:27:26'),
(146, 7, 38, 0, 'adg  following you ', 'F', 0, '2023-03-20 19:27:44'),
(147, 7, 36, 0, 'adg  following you ', 'F', 0, '2023-03-20 19:27:46'),
(148, 7, 36, 0, 'adg  following you ', 'F', 0, '2023-03-20 19:27:48'),
(149, 7, 38, 0, 'adg  following you ', 'F', 0, '2023-03-20 19:27:50'),
(150, 7, 38, 0, 'adg  following you ', 'F', 0, '2023-03-20 19:27:51'),
(151, 7, 37, 0, 'adg  following you ', 'F', 0, '2023-03-20 19:27:54'),
(152, 7, 38, 0, 'adg  following you ', 'F', 0, '2023-03-20 19:27:55'),
(153, 7, 37, 0, 'adg  following you ', 'F', 0, '2023-03-20 19:27:55'),
(154, 7, 36, 0, 'adg  following you ', 'F', 0, '2023-03-20 19:27:57'),
(155, 7, 36, 0, 'adg  following you ', 'F', 0, '2023-03-20 19:27:58'),
(156, 7, 40, 0, 'adg  following you ', 'F', 0, '2023-03-20 19:28:12'),
(157, 7, 39, 0, 'adg  following you ', 'F', 0, '2023-03-20 19:28:14'),
(158, 7, 39, 0, 'adg  following you ', 'F', 0, '2023-03-20 19:28:15'),
(159, 7, 39, 0, 'adg  following you ', 'F', 0, '2023-03-20 19:28:20'),
(160, 7, 38, 0, 'adg  following you ', 'F', 0, '2023-03-20 19:28:22'),
(161, 7, 39, 0, 'adg  following you ', 'F', 0, '2023-03-20 19:28:30'),
(162, 7, 40, 0, 'adg  following you ', 'F', 0, '2023-03-20 19:28:30'),
(163, 7, 38, 0, 'adg  following you ', 'F', 0, '2023-03-20 19:28:52'),
(164, 7, 37, 0, 'adg  following you ', 'F', 0, '2023-03-20 19:28:53'),
(165, 7, 37, 0, 'adg  following you ', 'F', 0, '2023-03-20 19:28:56'),
(166, 7, 38, 0, 'adg  following you ', 'F', 0, '2023-03-20 19:28:57'),
(167, 7, 38, 0, 'adg  following you ', 'F', 0, '2023-03-20 19:28:59'),
(168, 7, 40, 0, 'adg  following you ', 'F', 0, '2023-03-20 19:40:18'),
(169, 7, 39, 0, 'adg  following you ', 'F', 0, '2023-03-20 19:40:23'),
(170, 7, 40, 0, 'adg  following you ', 'F', 0, '2023-03-20 19:40:26'),
(171, 7, 38, 0, 'adg  following you ', 'F', 0, '2023-03-20 19:42:31'),
(172, 7, 37, 0, 'adg  following you ', 'F', 0, '2023-03-20 19:42:33'),
(173, 7, 38, 0, 'adg  following you ', 'F', 0, '2023-03-20 19:42:35'),
(174, 7, 37, 0, 'adg  following you ', 'F', 0, '2023-03-20 19:42:36'),
(175, 7, 37, 0, 'adg  following you ', 'F', 0, '2023-03-20 19:42:41'),
(176, 7, 38, 0, 'adg  following you ', 'F', 0, '2023-03-20 19:43:17'),
(177, 7, 38, 0, 'adg  following you ', 'F', 0, '2023-03-20 19:43:17'),
(178, 7, 37, 0, 'adg  following you ', 'F', 0, '2023-03-20 19:43:20'),
(179, 7, 37, 0, 'adg  following you ', 'F', 0, '2023-03-20 19:48:54'),
(180, 7, 37, 0, 'adg  following you ', 'F', 0, '2023-03-20 19:48:55'),
(181, 7, 37, 0, 'adg  following you ', 'F', 0, '2023-03-20 19:48:56'),
(182, 7, 38, 0, 'adg  following you ', 'F', 0, '2023-03-20 19:48:57'),
(183, 7, 38, 0, 'adg  following you ', 'F', 0, '2023-03-20 19:48:58'),
(184, 7, 37, 0, 'adg  following you ', 'F', 0, '2023-03-20 19:49:40'),
(185, 7, 38, 0, 'adg  following you ', 'F', 0, '2023-03-20 19:53:25'),
(186, 7, 38, 0, 'adg  following you ', 'F', 0, '2023-03-20 19:55:38'),
(187, 7, 37, 0, 'adg  following you ', 'F', 0, '2023-03-21 11:46:05'),
(188, 7, 37, 0, 'adg  following you ', 'F', 0, '2023-03-21 11:47:46'),
(189, 7, 37, 0, 'adg  following you ', 'F', 0, '2023-03-21 11:47:46'),
(190, 7, 36, 0, 'adg  following you ', 'F', 0, '2023-03-21 11:47:47'),
(191, 7, 35, 0, 'adg  following you ', 'F', 0, '2023-03-21 11:47:49'),
(192, 7, 34, 0, 'adg  following you ', 'F', 0, '2023-03-21 11:47:52'),
(193, 7, 33, 0, 'adg  following you ', 'F', 0, '2023-03-21 11:47:54'),
(194, 7, 36, 0, 'adg  following you ', 'F', 0, '2023-03-21 11:47:56'),
(195, 7, 37, 0, 'adg  following you ', 'F', 0, '2023-03-21 11:47:58'),
(196, 7, 36, 0, 'adg  following you ', 'F', 0, '2023-03-21 11:47:59'),
(197, 7, 35, 0, 'adg  following you ', 'F', 0, '2023-03-21 11:48:00'),
(198, 7, 35, 0, 'adg  following you ', 'F', 0, '2023-03-21 11:48:02'),
(199, 7, 34, 0, 'adg  following you ', 'F', 0, '2023-03-21 11:48:02'),
(200, 7, 34, 0, 'adg  following you ', 'F', 0, '2023-03-21 11:48:05'),
(201, 7, 33, 0, 'adg  following you ', 'F', 0, '2023-03-21 11:48:06'),
(202, 7, 34, 0, 'adg  following you ', 'F', 0, '2023-03-21 11:48:06'),
(203, 7, 34, 0, 'adg  following you ', 'F', 0, '2023-03-21 12:04:51'),
(204, 7, 33, 0, 'adg  following you ', 'F', 0, '2023-03-21 12:04:52'),
(205, 7, 33, 0, 'adg  following you ', 'F', 0, '2023-03-21 12:04:54'),
(206, 7, 32, 0, 'adg  following you ', 'F', 0, '2023-03-21 12:04:56'),
(207, 7, 34, 0, 'adg  following you ', 'F', 0, '2023-03-21 12:17:02'),
(208, 7, 34, 0, 'adg  following you ', 'F', 0, '2023-03-21 12:17:04'),
(209, 7, 32, 0, 'adg  following you ', 'F', 0, '2023-03-21 12:17:04'),
(210, 7, 31, 0, 'adg  following you ', 'F', 0, '2023-03-21 12:17:06'),
(211, 7, 34, 0, 'adg  following you ', 'F', 0, '2023-03-21 12:17:34'),
(212, 7, 34, 0, 'adg  following you ', 'F', 0, '2023-03-21 12:17:36'),
(213, 7, 32, 0, 'adg  following you ', 'F', 0, '2023-03-21 12:17:37'),
(214, 7, 34, 0, 'adg  following you ', 'F', 0, '2023-03-21 12:32:22'),
(215, 7, 28, 0, 'adg  following you ', 'F', 0, '2023-03-21 12:32:23'),
(216, 7, 44, 0, 'adg  following you ', 'F', 0, '2023-03-21 12:32:25'),
(217, 7, 32, 0, 'adg  following you ', 'F', 0, '2023-03-21 12:32:51'),
(218, 7, 31, 0, 'adg  following you ', 'F', 0, '2023-03-21 12:32:51'),
(219, 7, 30, 0, 'adg  following you ', 'F', 0, '2023-03-21 12:32:51'),
(220, 7, 34, 0, 'adg  following you ', 'F', 0, '2023-03-21 12:32:52'),
(221, 7, 30, 0, 'adg  following you ', 'F', 0, '2023-03-21 12:32:53'),
(222, 7, 27, 0, 'adg  following you ', 'F', 0, '2023-03-21 12:33:03'),
(223, 7, 29, 0, 'adg  following you ', 'F', 0, '2023-03-21 12:33:03'),
(224, 7, 28, 0, 'adg  following you ', 'F', 0, '2023-03-21 12:33:03'),
(225, 7, 34, 0, 'adg  following you ', 'F', 0, '2023-03-21 12:49:42'),
(226, 7, 34, 0, 'adg  following you ', 'F', 0, '2023-03-21 12:49:43'),
(227, 7, 34, 0, 'adg  following you ', 'F', 0, '2023-03-21 12:49:44'),
(228, 7, 32, 0, 'adg  following you ', 'F', 0, '2023-03-21 12:49:44'),
(229, 7, 32, 0, 'adg  following you ', 'F', 0, '2023-03-21 12:59:08'),
(230, 7, 32, 0, 'adg  following you ', 'F', 0, '2023-03-21 12:59:10'),
(231, 7, 27, 0, 'adg  following you ', 'F', 0, '2023-03-21 12:59:15'),
(232, 7, 32, 0, 'adg  following you ', 'F', 0, '2023-03-21 13:00:51'),
(233, 7, 27, 0, 'adg  following you ', 'F', 0, '2023-03-21 13:01:01'),
(234, 7, 32, 0, 'adg  following you ', 'F', 0, '2023-03-21 13:02:40'),
(235, 7, 32, 0, 'adg  following you ', 'F', 0, '2023-03-21 13:03:47'),
(236, 7, 32, 0, 'adg  following you ', 'F', 0, '2023-03-21 13:03:48'),
(237, 7, 32, 0, 'adg  following you ', 'F', 0, '2023-03-21 13:04:04'),
(238, 7, 28, 0, 'adg  following you ', 'F', 0, '2023-03-21 13:05:14'),
(239, 7, 28, 0, 'adg  following you ', 'F', 0, '2023-03-21 13:05:19'),
(240, 7, 28, 0, 'adg  following you ', 'F', 0, '2023-03-21 13:07:32'),
(241, 7, 6, 0, 'adg  following you ', 'F', 0, '2023-03-21 14:06:47'),
(242, 7, 6, 0, 'adg  following you ', 'F', 0, '2023-03-21 14:06:54'),
(243, 7, 6, 0, 'adg  following you ', 'F', 0, '2023-03-21 14:06:57'),
(244, 7, 6, 0, 'adg  following you ', 'F', 0, '2023-03-21 14:27:03'),
(245, 7, 6, 0, 'adg  following you ', 'F', 0, '2023-03-21 14:27:29'),
(246, 7, 6, 0, 'adg  following you ', 'F', 0, '2023-03-21 14:28:56'),
(247, 7, 6, 0, 'adg  following you ', 'F', 0, '2023-03-21 14:29:29'),
(248, 7, 6, 0, 'adg  following you ', 'F', 0, '2023-03-21 14:29:31'),
(249, 7, 6, 0, 'adg  following you ', 'F', 0, '2023-03-21 14:29:56'),
(250, 7, 43, 0, 'adg  following you ', 'F', 0, '2023-03-21 14:40:00'),
(251, 7, 43, 0, 'adg  following you ', 'F', 0, '2023-03-21 14:40:02'),
(252, 7, 43, 0, 'adg  following you ', 'F', 0, '2023-03-21 14:42:07'),
(253, 7, 44, 0, 'adg  following you ', 'F', 0, '2023-03-21 14:42:10'),
(254, 7, 43, 0, 'adg  following you ', 'F', 0, '2023-03-21 14:47:16'),
(255, 7, 44, 0, 'adg  following you ', 'F', 0, '2023-03-21 14:47:17'),
(256, 7, 49, 0, 'adg  following you ', 'F', 0, '2023-03-21 14:47:19'),
(257, 7, 6, 0, 'adg  following you ', 'F', 0, '2023-03-21 16:42:22'),
(258, 51, 5, 0, 'adnan kh following you ', 'F', 1, '2023-03-21 16:43:09'),
(259, 51, 6, 0, 'adnan kh following you ', 'F', 0, '2023-03-21 16:43:13'),
(260, 51, 7, 0, 'adnan kh following you ', 'F', 1, '2023-03-21 16:43:34'),
(261, 51, 8, 0, 'adnan kh following you ', 'F', 0, '2023-03-21 16:43:53'),
(262, 51, 40, 0, 'adnan kh following you ', 'F', 0, '2023-03-21 16:44:45'),
(263, 51, 39, 0, 'adnan kh following you ', 'F', 0, '2023-03-21 16:45:41'),
(264, 51, 37, 0, 'adnan kh following you ', 'F', 0, '2023-03-21 16:45:42'),
(265, 51, 38, 0, 'adnan kh following you ', 'F', 0, '2023-03-21 16:45:43'),
(266, 51, 36, 0, 'adnan kh following you ', 'F', 0, '2023-03-21 16:46:59'),
(267, 51, 32, 0, 'adnan kh following you ', 'F', 0, '2023-03-21 16:47:11'),
(268, 51, 33, 0, 'adnan kh following you ', 'F', 0, '2023-03-21 16:47:16'),
(269, 51, 35, 0, 'adnan kh following you ', 'F', 0, '2023-03-21 16:47:32'),
(270, 51, 34, 0, 'adnan kh following you ', 'F', 0, '2023-03-22 12:01:22'),
(271, 47, 7, 0, 'anna singer following you ', 'F', 1, '2023-03-27 13:27:43'),
(272, 47, 5, 0, 'anna singer following you ', 'F', 1, '2023-03-27 13:27:49'),
(273, 47, 8, 0, 'anna singer following you ', 'F', 0, '2023-03-27 13:38:47'),
(274, 47, 40, 0, 'anna singer following you ', 'F', 0, '2023-03-27 13:38:48'),
(275, 47, 39, 0, 'anna singer following you ', 'F', 0, '2023-03-27 13:38:52'),
(276, 47, 38, 0, 'anna singer following you ', 'F', 0, '2023-03-27 13:38:53'),
(277, 47, 37, 0, 'anna singer following you ', 'F', 0, '2023-03-27 13:38:53'),
(278, 47, 36, 0, 'anna singer following you ', 'F', 0, '2023-03-27 13:38:54'),
(279, 47, 32, 0, 'anna singer following you ', 'F', 0, '2023-03-27 13:39:03'),
(280, 47, 31, 0, 'anna singer following you ', 'F', 0, '2023-03-27 13:39:04'),
(281, 47, 30, 0, 'anna singer following you ', 'F', 0, '2023-03-27 13:39:05'),
(282, 47, 29, 0, 'anna singer following you ', 'F', 0, '2023-03-27 13:39:06'),
(283, 47, 27, 0, 'anna singer following you ', 'F', 0, '2023-03-27 13:39:06'),
(284, 47, 28, 0, 'anna singer following you ', 'F', 0, '2023-03-27 13:39:08'),
(285, 47, 43, 0, 'anna singer following you ', 'F', 0, '2023-03-27 13:39:09'),
(286, 47, 44, 0, 'anna singer following you ', 'F', 0, '2023-03-27 13:39:12'),
(287, 47, 33, 0, 'anna singer following you ', 'F', 0, '2023-03-27 13:39:16'),
(288, 47, 49, 0, 'anna singer following you ', 'F', 0, '2023-03-27 13:39:16'),
(289, 47, 34, 0, 'anna singer following you ', 'F', 0, '2023-03-27 13:39:17'),
(290, 47, 35, 0, 'anna singer following you ', 'F', 0, '2023-03-27 13:39:17'),
(291, 47, 45, 49, 'anna singer likes ', 'L', 0, '2023-03-27 13:44:33'),
(292, 25, 7, 44, 'Test Spam likes Demo Video 2', 'L', 1, '2023-03-27 16:48:41'),
(293, 25, 7, 44, 'Test Spam likes Demo Video 2', 'L', 1, '2023-03-28 12:47:41'),
(294, 25, 7, 44, 'Test Spam likes Demo Video 2', 'L', 1, '2023-03-28 12:48:08'),
(295, 25, 7, 44, 'Test Spam likes Demo Video 2', 'L', 1, '2023-03-28 12:48:36'),
(296, 25, 7, 44, 'Test Spam likes Demo Video 2', 'L', 1, '2023-03-28 12:48:39'),
(297, 25, 7, 44, 'Test Spam commented on Demo Video 2', 'C', 1, '2023-03-28 12:54:00'),
(298, 25, 7, 44, 'Test Spam commented on Demo Video 2', 'C', 1, '2023-03-28 13:03:30'),
(299, 25, 7, 44, 'Test Spam commented on Demo Video 2', 'C', 1, '2023-03-28 13:29:26'),
(300, 25, 7, 44, 'Test Spam commented on Demo Video 2', 'C', 1, '2023-03-28 13:33:36'),
(301, 25, 7, 44, 'Test Spam commented on Demo Video 2', 'C', 1, '2023-03-28 13:33:42'),
(302, 25, 7, 44, 'Test Spam commented on Demo Video 2', 'C', 1, '2023-03-28 13:40:16'),
(303, 25, 7, 44, 'Test Spam commented on Demo Video 2', 'C', 1, '2023-03-28 13:40:19'),
(304, 25, 7, 44, 'Test Spam commented on Demo Video 2', 'C', 1, '2023-03-28 13:40:23'),
(305, 25, 7, 44, 'Test Spam commented on Demo Video 2', 'C', 1, '2023-03-28 13:40:28'),
(306, 25, 7, 0, 'Test Spam following you ', 'F', 1, '2023-03-28 16:15:13'),
(307, 47, 48, 50, 'anna singer commented on ', 'C', 1, '2023-03-29 15:52:13'),
(308, 47, 48, 50, 'anna singer commented on ', 'C', 1, '2023-03-29 15:52:24'),
(309, 47, 48, 50, 'anna singer likes ', 'L', 1, '2023-03-29 15:52:27'),
(310, 47, 7, 46, 'anna singer likes Demo Video 2', 'L', 1, '2023-04-01 13:34:19'),
(311, 50, 6, 43, 'adnan ameen likes Demo Video 1', 'L', 0, '2023-04-01 14:28:51'),
(312, 50, 7, 0, 'adnan ameen following you ', 'F', 1, '2023-04-01 14:29:02'),
(313, 48, 7, 0, 'Adnan ameen following you ', 'F', 1, '2023-04-01 14:31:15'),
(314, 47, 50, 66, 'anna singer likes ', 'L', 1, '2023-04-01 14:31:24'),
(315, 47, 50, 66, 'anna singer commented on ', 'C', 1, '2023-04-01 14:31:53'),
(316, 47, 50, 66, 'anna singer commented on ', 'C', 1, '2023-04-01 14:33:51'),
(317, 50, 47, 64, 'adnan ameen commented on ', 'C', 1, '2023-04-01 14:33:51'),
(318, 50, 47, 64, 'adnan ameen likes ', 'L', 1, '2023-04-01 14:34:34'),
(319, 48, 5, 0, 'Adnan ameen following you ', 'F', 1, '2023-04-03 17:58:26'),
(320, 48, 6, 0, 'Adnan ameen following you ', 'F', 0, '2023-04-03 17:58:28'),
(321, 48, 8, 0, 'Adnan ameen following you ', 'F', 0, '2023-04-03 17:58:30'),
(322, 62, 7, 0, 'adnan ameen following you ', 'F', 1, '2023-04-04 14:44:50'),
(323, 62, 6, 0, 'adnan ameen following you ', 'F', 0, '2023-04-04 14:44:55'),
(324, 64, 7, 0, 'adnan ameen following you ', 'F', 1, '2023-04-04 16:18:23'),
(325, 47, 25, 56, 'anna singer likes ', 'L', 1, '2023-04-06 14:11:31'),
(326, 47, 25, 56, 'anna singer commented on ', 'C', 1, '2023-04-06 14:11:39'),
(327, 61, 25, 62, 'twst test likes ', 'L', 1, '2023-04-07 03:05:41'),
(328, 61, 25, 62, 'twst test likes ', 'L', 1, '2023-04-07 03:05:44'),
(329, 61, 25, 62, 'twst test likes ', 'L', 1, '2023-04-07 03:05:47'),
(330, 61, 25, 62, 'twst test likes ', 'L', 1, '2023-04-07 03:05:50'),
(331, 61, 25, 62, 'twst test likes ', 'L', 1, '2023-04-07 03:05:53'),
(332, 61, 25, 62, 'twst test likes ', 'L', 1, '2023-04-07 03:05:58'),
(333, 61, 25, 62, 'twst test likes ', 'L', 1, '2023-04-07 03:06:02'),
(334, 61, 25, 62, 'twst test likes ', 'L', 1, '2023-04-07 03:06:03'),
(335, 61, 25, 62, 'twst test likes ', 'L', 1, '2023-04-07 03:06:07'),
(336, 61, 25, 62, 'twst test likes ', 'L', 1, '2023-04-07 03:06:10'),
(337, 61, 25, 62, 'twst test likes ', 'L', 1, '2023-04-07 03:06:15'),
(338, 61, 25, 62, 'twst test likes ', 'L', 1, '2023-04-07 03:06:18'),
(339, 61, 25, 62, 'twst test likes ', 'L', 1, '2023-04-07 03:06:30'),
(340, 61, 31, 0, 'twst test following you ', 'F', 0, '2023-04-07 03:09:34'),
(341, 61, 5, 0, 'twst test following you ', 'F', 1, '2023-04-07 03:09:40'),
(342, 61, 6, 0, 'twst test following you ', 'F', 0, '2023-04-07 03:10:52'),
(343, 61, 7, 0, 'twst test following you ', 'F', 1, '2023-04-07 03:10:57'),
(344, 61, 58, 0, 'twst test following you ', 'F', 0, '2023-04-07 03:18:54'),
(345, 61, 25, 61, 'twst test commented on ', 'C', 1, '2023-04-07 03:30:14'),
(346, 61, 39, 0, 'Karan Singla following you ', 'F', 0, '2023-04-07 03:36:37'),
(347, 61, 8, 0, 'Karan Singla following you ', 'F', 0, '2023-04-07 03:36:38'),
(348, 61, 37, 0, 'Karan Singla following you ', 'F', 0, '2023-04-07 03:36:39'),
(349, 61, 38, 0, 'Karan Singla following you ', 'F', 0, '2023-04-07 03:36:39'),
(350, 61, 40, 0, 'Karan Singla following you ', 'F', 0, '2023-04-07 03:36:40'),
(351, 61, 35, 0, 'Karan Singla following you ', 'F', 0, '2023-04-07 03:36:40'),
(352, 61, 33, 0, 'Karan Singla following you ', 'F', 0, '2023-04-07 03:36:40'),
(353, 61, 47, 64, 'Karan Singla commented on ', 'C', 1, '2023-04-07 14:09:42'),
(354, 61, 34, 0, 'Karan Singla following you ', 'F', 0, '2023-04-07 14:11:53'),
(355, 61, 32, 0, 'Karan Singla following you ', 'F', 0, '2023-04-07 14:13:49'),
(356, 61, 36, 0, 'Karan Singla following you ', 'F', 0, '2023-04-07 14:13:49'),
(357, 61, 30, 0, 'Karan Singla following you ', 'F', 0, '2023-04-07 14:13:50'),
(358, 61, 28, 0, 'Karan Singla following you ', 'F', 0, '2023-04-07 14:13:51'),
(359, 25, 6, 43, 'Test Spam likes Demo Video 1', 'L', 0, '2023-04-07 16:25:40'),
(360, 25, 6, 43, 'Test Spam likes Demo Video 1', 'L', 0, '2023-04-08 12:08:40'),
(361, 25, 6, 43, 'Test Spam likes Demo Video 1', 'L', 0, '2023-04-08 12:08:42'),
(362, 25, 6, 43, 'Test Spam likes Demo Video 1', 'L', 0, '2023-04-08 12:11:33'),
(363, 25, 6, 43, 'Test Spam likes Demo Video 1', 'L', 0, '2023-04-08 12:11:36'),
(364, 25, 6, 43, 'Test Spam likes Demo Video 1', 'L', 0, '2023-04-08 12:11:40'),
(365, 25, 6, 43, 'Test Spam likes Demo Video 1', 'L', 0, '2023-04-08 12:14:07'),
(366, 25, 6, 43, 'Test Spam likes Demo Video 1', 'L', 0, '2023-04-08 12:24:55'),
(367, 25, 6, 43, 'Test Spam likes Demo Video 1', 'L', 0, '2023-04-08 12:27:53'),
(368, 25, 6, 43, 'Test Spam likes Demo Video 1', 'L', 0, '2023-04-08 12:27:58'),
(369, 25, 6, 43, 'Test Spam likes Demo Video 1', 'L', 0, '2023-04-08 12:28:01'),
(370, 25, 6, 43, 'Test Spam likes Demo Video 1', 'L', 0, '2023-04-08 12:30:27'),
(371, 25, 6, 43, 'Test Spam likes Demo Video 1', 'L', 0, '2023-04-08 12:33:13'),
(372, 25, 6, 43, 'Test Spam likes Demo Video 1', 'L', 0, '2023-04-08 12:33:15'),
(373, 25, 6, 43, 'Test Spam likes Demo Video 1', 'L', 0, '2023-04-08 12:36:14'),
(374, 25, 6, 43, 'Test Spam likes Demo Video 1', 'L', 0, '2023-04-08 12:36:47'),
(375, 25, 6, 43, 'Test Spam likes Demo Video 1', 'L', 0, '2023-04-08 12:36:51'),
(376, 25, 6, 43, 'Test Spam likes Demo Video 1', 'L', 0, '2023-04-08 12:36:56'),
(377, 25, 6, 43, 'Test Spam likes Demo Video 1', 'L', 0, '2023-04-08 12:37:00'),
(378, 25, 6, 43, 'Test Spam likes Demo Video 1', 'L', 0, '2023-04-08 12:39:12'),
(379, 25, 6, 43, 'Test Spam likes Demo Video 1', 'L', 0, '2023-04-08 12:41:41'),
(380, 25, 6, 43, 'Test Spam likes Demo Video 1', 'L', 0, '2023-04-08 12:42:02'),
(381, 25, 6, 43, 'Test Spam likes Demo Video 1', 'L', 0, '2023-04-08 12:42:05'),
(382, 25, 6, 43, 'Test Spam likes Demo Video 1', 'L', 0, '2023-04-08 12:42:10'),
(383, 25, 6, 43, 'Test Spam likes Demo Video 1', 'L', 0, '2023-04-08 12:45:07'),
(384, 25, 6, 43, 'Test Spam likes Demo Video 1', 'L', 0, '2023-04-08 12:45:10'),
(385, 25, 6, 43, 'Test Spam likes Demo Video 1', 'L', 0, '2023-04-08 12:45:13'),
(386, 25, 6, 43, 'Test Spam likes Demo Video 1', 'L', 0, '2023-04-08 12:47:13'),
(387, 25, 6, 43, 'Test Spam likes Demo Video 1', 'L', 0, '2023-04-08 12:47:17'),
(388, 66, 25, 55, 'h vy ycgyyv commented on ', 'C', 1, '2023-04-08 13:15:31'),
(389, 66, 25, 55, 'h vy ycgyyv commented on ', 'C', 1, '2023-04-08 13:24:00'),
(390, 66, 25, 67, 'h vy ycgyyv commented on ', 'C', 1, '2023-04-08 13:38:14'),
(391, 25, 50, 66, 'Test Spam likes ', 'L', 1, '2023-04-10 12:41:57'),
(392, 25, 50, 66, 'Test Spam likes ', 'L', 1, '2023-04-10 12:42:05'),
(393, 25, 50, 66, 'Test Spam likes ', 'L', 1, '2023-04-10 12:42:08'),
(394, 25, 50, 66, 'Test Spam likes ', 'L', 1, '2023-04-10 12:42:12'),
(395, 25, 50, 66, 'Test Spam likes ', 'L', 1, '2023-04-10 12:42:15'),
(396, 25, 50, 66, 'Test Spam likes ', 'L', 1, '2023-04-10 12:42:17'),
(397, 62, 25, 48, 'adnan ameen likes ', 'L', 1, '2023-04-12 14:50:30'),
(398, 62, 25, 48, 'adnan ameen likes ', 'L', 1, '2023-04-12 14:50:38'),
(399, 62, 25, 48, 'adnan ameen likes ', 'L', 1, '2023-04-12 14:51:09'),
(400, 62, 25, 48, 'adnan ameen likes ', 'L', 1, '2023-04-12 14:51:17'),
(401, 62, 25, 48, 'adnan ameen likes ', 'L', 1, '2023-04-12 14:51:34'),
(402, 25, 56, 0, 'Test Spam following you ', 'F', 0, '2023-04-14 12:56:11'),
(403, 25, 5, 0, 'Test Spam following you ', 'F', 1, '2023-04-14 12:57:26'),
(404, 25, 38, 0, 'Test Spam following you ', 'F', 0, '2023-04-14 12:57:59'),
(405, 25, 39, 0, 'Test Spam following you ', 'F', 0, '2023-04-14 12:58:01'),
(406, 25, 36, 0, 'Test Spam following you ', 'F', 0, '2023-04-14 12:58:02'),
(407, 25, 8, 0, 'Test Spam following you ', 'F', 0, '2023-04-14 12:58:25'),
(408, 61, 7, 46, 'Karan Singla commented on Demo Video 2', 'C', 1, '2023-04-15 02:53:46'),
(409, 47, 25, 62, 'anna singer commented on ', 'C', 1, '2023-04-15 16:35:26'),
(410, 47, 25, 62, 'anna singer likes ', 'L', 1, '2023-04-15 16:35:30'),
(411, 47, 25, 62, 'anna singer likes ', 'L', 1, '2023-04-15 16:35:36'),
(412, 62, 7, 0, 'adnan ameen following you ', 'F', 1, '2023-04-17 13:04:37'),
(413, 62, 25, 61, 'adnan ameen likes ', 'L', 1, '2023-04-17 15:41:49'),
(414, 62, 40, 0, 'adnan ameen following you ', 'F', 0, '2023-04-17 16:58:46'),
(415, 62, 5, 0, 'adnan ameen following you ', 'F', 1, '2023-04-17 16:58:46'),
(416, 62, 25, 67, 'adnan ameen likes ', 'L', 1, '2023-04-17 17:57:05'),
(417, 62, 25, 67, 'adnan ameen likes ', 'L', 1, '2023-04-17 17:57:10'),
(418, 62, 25, 67, 'adnan ameen likes ', 'L', 1, '2023-04-17 17:57:17'),
(419, 62, 25, 67, 'adnan ameen likes ', 'L', 1, '2023-04-17 17:57:21'),
(420, 62, 32, 0, 'adnan ameen following you ', 'F', 0, '2023-04-17 18:01:18'),
(421, 61, 7, 46, 'Karan Singla likes Demo Video 2', 'L', 1, '2023-04-18 07:23:07'),
(422, 72, 25, 55, 'adnan ameen likes ', 'L', 1, '2023-04-19 12:11:44'),
(423, 72, 25, 67, 'adnan ameen likes ', 'L', 1, '2023-04-19 12:11:46'),
(424, 72, 6, 0, 'adnan ameen following you ', 'F', 0, '2023-04-19 12:38:01'),
(425, 72, 7, 0, 'adnan ameen following you ', 'F', 1, '2023-04-19 12:38:03'),
(426, 47, 61, 70, 'anna singer likes ', 'L', 1, '2023-04-19 13:27:46'),
(427, 47, 61, 70, 'anna singer commented on ', 'C', 1, '2023-04-19 13:27:58'),
(428, 72, 6, 43, 'adnan ameen likes Demo Video 1', 'L', 0, '2023-04-29 12:18:29'),
(429, 64, 25, 48, 'adnan ameen likes ', 'L', 1, '2023-05-02 14:51:12'),
(430, 64, 61, 70, 'adnan ameen likes ', 'L', 1, '2023-05-02 14:51:16'),
(431, 64, 25, 61, 'adnan ameen likes ', 'L', 1, '2023-05-02 14:51:20'),
(432, 48, 25, 48, 'Adnan ameen likes ', 'L', 1, '2023-05-02 14:59:30'),
(433, 48, 7, 44, 'Adnan ameen likes Demo Video 2', 'L', 1, '2023-05-02 16:41:37'),
(434, 25, 47, 69, 'Test Spam likes ', 'L', 1, '2023-05-02 17:04:38'),
(435, 46, 45, 49, 'mughees malik likes ', 'L', 0, '2023-05-03 17:31:55'),
(436, 61, 25, 61, 'Karan Singla likes ', 'L', 1, '2023-05-06 13:49:55'),
(437, 61, 25, 67, 'Karan Singla likes ', 'L', 1, '2023-05-06 13:50:06'),
(438, 61, 47, 71, 'Karan Singla likes ', 'L', 1, '2023-05-08 13:48:00'),
(439, 62, 6, 43, 'adnan ameen likes Demo Video 1', 'L', 0, '2023-05-09 12:17:52'),
(440, 62, 39, 0, 'adnan ameen following you ', 'F', 0, '2023-05-10 18:57:49'),
(441, 62, 5, 0, 'adnan ameen following you ', 'F', 0, '2023-05-12 12:01:42'),
(442, 62, 5, 0, 'adnan ameen following you ', 'F', 0, '2023-05-12 12:01:44'),
(443, 62, 5, 0, 'adnan ameen following you ', 'F', 0, '2023-05-12 12:01:45'),
(444, 62, 5, 0, 'adnan ameen following you ', 'F', 0, '2023-05-12 12:01:51'),
(445, 62, 5, 0, 'adnan ameen following you ', 'F', 0, '2023-05-12 12:01:52'),
(446, 62, 7, 0, 'adnan ameen following you ', 'F', 1, '2023-05-12 12:02:34'),
(447, 62, 7, 0, 'adnan ameen following you ', 'F', 1, '2023-05-12 12:05:15'),
(448, 62, 7, 0, 'adnan ameen following you ', 'F', 1, '2023-05-12 12:05:20'),
(449, 62, 7, 0, 'adnan ameen following you ', 'F', 1, '2023-05-12 12:08:02'),
(450, 61, 50, 66, 'Karan Singla likes ', 'L', 0, '2023-05-15 14:31:41'),
(451, 61, 47, 74, 'Karan Singla likes ', 'L', 1, '2023-05-15 14:31:50'),
(452, 62, 47, 74, 'adnan ameen likes ', 'L', 1, '2023-05-15 16:15:32'),
(453, 48, 7, 0, 'Adnan ameen following you ', 'F', 1, '2023-05-15 16:57:12'),
(454, 62, 5, 0, 'adnan ameen following you ', 'F', 0, '2023-05-16 16:20:19'),
(455, 62, 5, 0, 'adnan ameen following you ', 'F', 0, '2023-05-16 16:21:51'),
(456, 62, 7, 0, 'adnan ameen following you ', 'F', 1, '2023-05-16 16:21:53'),
(457, 62, 6, 0, 'adnan ameen following you ', 'F', 0, '2023-05-16 17:46:34'),
(458, 84, 48, 50, 'adnan adnan likes ', 'L', 1, '2023-05-17 16:24:25'),
(459, 84, 25, 58, 'adnan adnan likes ', 'L', 1, '2023-05-17 16:24:27'),
(460, 84, 25, 61, 'adnan adnan likes ', 'L', 1, '2023-05-17 17:46:24'),
(461, 47, 62, 76, 'anna singer likes ', 'L', 1, '2023-05-19 12:24:55'),
(462, 47, 61, 80, 'anna singer likes ', 'L', 1, '2023-05-19 12:24:57'),
(463, 62, 61, 83, 'adnan ameen likes ', 'L', 1, '2023-05-19 14:40:21'),
(464, 62, 48, 50, 'adnan ameen likes ', 'L', 1, '2023-05-19 14:40:24'),
(465, 62, 45, 49, 'adnan ameen likes ', 'L', 0, '2023-05-19 14:40:27'),
(466, 62, 61, 70, 'adnan ameen likes ', 'L', 1, '2023-05-19 19:27:10'),
(467, 86, 6, 0, 'adnan adnan following you ', 'F', 0, '2023-05-22 13:31:12'),
(468, 48, 62, 79, 'Adnan ameen likes ', 'L', 1, '2023-05-25 19:18:34'),
(469, 47, 6, 0, 'anna singer following you ', 'F', 0, '2023-06-03 15:23:20'),
(470, 47, 6, 0, 'anna singer following you ', 'F', 0, '2023-06-03 15:23:26'),
(471, 47, 6, 0, 'anna singer following you ', 'F', 0, '2023-06-03 15:24:02'),
(472, 92, 48, 50, 'ahshur ahshur likes ', 'L', 1, '2023-06-07 16:16:16'),
(473, 92, 46, 75, 'ahshur ahshur likes ', 'L', 1, '2023-06-07 16:16:19'),
(474, 92, 62, 86, 'ahshur ahshur likes ', 'L', 1, '2023-06-07 16:16:20'),
(475, 96, 48, 50, 'adnanameengmailcom adnanameengmailcom likes ', 'L', 1, '2023-06-07 18:45:33'),
(476, 96, 50, 66, 'adnanameengmailcom adnanameengmailcom likes ', 'L', 0, '2023-06-07 18:45:37'),
(477, 62, 40, 0, 'adnan ameen following you ', 'F', 0, '2023-06-08 14:29:21'),
(478, 61, 45, 49, 'Karan Singla likes ', 'L', 0, '2023-06-09 02:36:10'),
(479, 62, 7, 0, 'adnan ameen following you ', 'F', 0, '2023-06-15 11:58:48'),
(480, 62, 7, 0, 'adnan ameen following you ', 'F', 0, '2023-06-15 11:59:07'),
(481, 62, 7, 0, 'adnan ameen following you ', 'F', 0, '2023-06-15 11:59:22'),
(482, 62, 7, 0, 'adnan ameen following you ', 'F', 0, '2023-06-15 11:59:24'),
(483, 62, 8, 0, 'adnan ameen following you ', 'F', 0, '2023-06-15 12:24:10'),
(484, 62, 8, 0, 'adnan ameen following you ', 'F', 0, '2023-06-15 12:26:52'),
(485, 62, 40, 0, 'adnan ameen following you ', 'F', 0, '2023-06-15 12:28:46'),
(486, 62, 38, 0, 'adnan ameen following you ', 'F', 0, '2023-06-15 12:28:47'),
(487, 62, 37, 0, 'adnan ameen following you ', 'F', 0, '2023-06-15 12:28:47'),
(488, 62, 36, 0, 'adnan ameen following you ', 'F', 0, '2023-06-15 12:28:48'),
(489, 62, 35, 0, 'adnan ameen following you ', 'F', 0, '2023-06-15 12:28:49'),
(490, 62, 34, 0, 'adnan ameen following you ', 'F', 0, '2023-06-15 12:29:52'),
(491, 62, 33, 0, 'adnan ameen following you ', 'F', 0, '2023-06-15 12:31:01'),
(492, 62, 33, 0, 'adnan ameen following you ', 'F', 0, '2023-06-15 12:31:43'),
(493, 62, 31, 0, 'adnan ameen following you ', 'F', 0, '2023-06-15 12:32:06'),
(494, 62, 30, 0, 'adnan ameen following you ', 'F', 0, '2023-06-15 12:32:14'),
(495, 62, 31, 0, 'adnan ameen following you ', 'F', 0, '2023-06-15 12:32:21'),
(496, 62, 30, 0, 'adnan ameen following you ', 'F', 0, '2023-06-15 12:41:57'),
(497, 62, 29, 0, 'adnan ameen following you ', 'F', 0, '2023-06-15 12:50:31'),
(498, 62, 29, 0, 'adnan ameen following you ', 'F', 0, '2023-06-15 12:50:51'),
(499, 62, 29, 0, 'adnan ameen following you ', 'F', 0, '2023-06-15 12:50:53'),
(500, 62, 29, 0, 'adnan ameen following you ', 'F', 0, '2023-06-15 12:50:54'),
(501, 62, 27, 0, 'adnan ameen following you ', 'F', 0, '2023-06-15 12:52:26'),
(502, 62, 28, 0, 'adnan ameen following you ', 'F', 0, '2023-06-15 12:52:29'),
(503, 62, 28, 0, 'adnan ameen following you ', 'F', 0, '2023-06-15 12:53:37'),
(504, 62, 28, 0, 'adnan ameen following you ', 'F', 0, '2023-06-15 12:53:39'),
(505, 62, 28, 0, 'adnan ameen following you ', 'F', 0, '2023-06-15 12:54:18'),
(506, 62, 55, 0, 'adnan ameen following you ', 'F', 0, '2023-06-15 12:54:41'),
(507, 62, 28, 0, 'adnan ameen following you ', 'F', 0, '2023-06-15 12:58:13'),
(508, 62, 43, 0, 'adnan ameen following you ', 'F', 0, '2023-06-15 12:58:26'),
(509, 62, 49, 0, 'adnan ameen following you ', 'F', 0, '2023-06-15 13:01:27'),
(510, 62, 43, 0, 'adnan ameen following you ', 'F', 0, '2023-06-15 13:10:03'),
(511, 62, 44, 0, 'adnan ameen following you ', 'F', 0, '2023-06-15 13:10:13'),
(512, 62, 28, 0, 'adnan ameen following you ', 'F', 0, '2023-06-15 13:10:51'),
(513, 62, 28, 0, 'adnan ameen following you ', 'F', 0, '2023-06-15 13:11:07'),
(514, 62, 80, 0, 'adnan ameen following you ', 'F', 0, '2023-06-15 13:17:24'),
(515, 62, 80, 0, 'adnan ameen following you ', 'F', 0, '2023-06-15 13:18:59'),
(516, 62, 80, 0, 'adnan ameen following you ', 'F', 0, '2023-06-15 13:21:02'),
(517, 62, 80, 0, 'adnan ameen following you ', 'F', 0, '2023-06-15 13:21:13'),
(518, 62, 80, 0, 'adnan ameen following you ', 'F', 0, '2023-06-15 13:22:25'),
(519, 62, 80, 0, 'adnan ameen following you ', 'F', 0, '2023-06-15 13:23:29'),
(520, 62, 28, 0, 'adnan ameen following you ', 'F', 0, '2023-06-15 13:37:41'),
(521, 62, 28, 0, 'adnan ameen following you ', 'F', 0, '2023-06-15 13:38:59'),
(522, 62, 28, 0, 'adnan ameen following you ', 'F', 0, '2023-06-15 13:41:26'),
(523, 62, 56, 0, 'adnan ameen following you ', 'F', 0, '2023-06-15 13:47:34'),
(524, 62, 54, 0, 'adnan ameen following you ', 'F', 0, '2023-06-15 13:50:19'),
(525, 62, 53, 0, 'adnan ameen following you ', 'F', 0, '2023-06-15 13:59:28'),
(526, 62, 54, 0, 'adnan ameen following you ', 'F', 0, '2023-06-15 14:02:43'),
(527, 62, 57, 0, 'adnan ameen following you ', 'F', 0, '2023-06-15 14:09:04'),
(528, 62, 58, 0, 'adnan ameen following you ', 'F', 0, '2023-06-15 14:09:46'),
(529, 62, 60, 0, 'adnan ameen following you ', 'F', 0, '2023-06-15 14:35:45'),
(530, 62, 68, 0, 'adnan ameen following you ', 'F', 0, '2023-06-15 14:40:07'),
(531, 62, 73, 0, 'adnan ameen following you ', 'F', 0, '2023-06-15 14:42:03'),
(532, 62, 74, 0, 'adnan ameen following you ', 'F', 0, '2023-06-15 14:42:24'),
(533, 62, 75, 0, 'adnan ameen following you ', 'F', 0, '2023-06-15 14:42:35'),
(534, 62, 76, 0, 'adnan ameen following you ', 'F', 0, '2023-06-15 14:42:40'),
(535, 62, 71, 0, 'adnan ameen following you ', 'F', 0, '2023-06-15 14:42:44'),
(536, 62, 69, 0, 'adnan ameen following you ', 'F', 0, '2023-06-15 14:46:35'),
(537, 62, 77, 0, 'adnan ameen following you ', 'F', 0, '2023-06-15 15:03:41'),
(538, 62, 80, 0, 'adnan ameen following you ', 'F', 0, '2023-06-15 15:04:09'),
(539, 62, 82, 0, 'adnan ameen following you ', 'F', 0, '2023-06-15 15:04:22'),
(540, 62, 81, 0, 'adnan ameen following you ', 'F', 0, '2023-06-15 15:04:25'),
(541, 62, 81, 0, 'adnan ameen following you ', 'F', 0, '2023-06-15 16:12:10'),
(542, 62, 85, 0, 'adnan ameen following you ', 'F', 0, '2023-06-15 16:13:07'),
(543, 62, 92, 0, 'adnan ameen following you ', 'F', 0, '2023-06-15 17:09:22'),
(544, 62, 93, 0, 'adnan ameen following you ', 'F', 0, '2023-06-15 17:09:31'),
(545, 62, 94, 0, 'adnan ameen following you ', 'F', 0, '2023-06-15 17:09:49'),
(546, 62, 95, 0, 'adnan ameen following you ', 'F', 0, '2023-06-15 17:10:20'),
(547, 62, 96, 0, 'adnan ameen following you ', 'F', 1, '2023-06-15 17:10:46'),
(548, 62, 97, 0, 'adnan ameen following you ', 'F', 0, '2023-06-15 17:10:49'),
(549, 62, 88, 0, 'adnan ameen following you ', 'F', 0, '2023-06-15 17:10:51'),
(550, 62, 87, 0, 'adnan ameen following you ', 'F', 0, '2023-06-15 17:10:54'),
(551, 48, 7, 0, 'Adnan ameen following you ', 'F', 0, '2023-06-15 17:26:50'),
(552, 48, 7, 0, 'Adnan ameen following you ', 'F', 0, '2023-06-15 17:26:55'),
(553, 48, 6, 0, 'Adnan ameen following you ', 'F', 0, '2023-06-15 17:35:56'),
(554, 48, 40, 0, 'Adnan ameen following you ', 'F', 0, '2023-06-15 17:35:59'),
(555, 48, 39, 0, 'Adnan ameen following you ', 'F', 0, '2023-06-15 17:36:02'),
(556, 48, 38, 0, 'Adnan ameen following you ', 'F', 0, '2023-06-15 17:40:26'),
(557, 48, 37, 0, 'Adnan ameen following you ', 'F', 0, '2023-06-15 17:40:36'),
(558, 48, 37, 0, 'Adnan ameen following you ', 'F', 0, '2023-06-15 17:43:16'),
(559, 48, 37, 0, 'Adnan ameen following you ', 'F', 0, '2023-06-15 17:43:32'),
(560, 48, 36, 0, 'Adnan ameen following you ', 'F', 0, '2023-06-15 17:45:33'),
(561, 48, 36, 0, 'Adnan ameen following you ', 'F', 0, '2023-06-15 17:45:40'),
(562, 48, 36, 0, 'Adnan ameen following you ', 'F', 0, '2023-06-15 17:46:46'),
(563, 48, 36, 0, 'Adnan ameen following you ', 'F', 0, '2023-06-15 17:47:29'),
(564, 48, 35, 0, 'Adnan ameen following you ', 'F', 0, '2023-06-15 17:52:46'),
(565, 48, 34, 0, 'Adnan ameen following you ', 'F', 0, '2023-06-15 17:54:00'),
(566, 48, 32, 0, 'Adnan ameen following you ', 'F', 0, '2023-06-15 17:55:48'),
(567, 96, 5, 0, 'adnanameengmailcom adnanameengmailcom following you ', 'F', 0, '2023-06-15 18:17:59'),
(568, 96, 6, 0, 'adnanameengmailcom adnanameengmailcom following you ', 'F', 0, '2023-06-15 18:18:07'),
(569, 96, 7, 0, 'adnanameengmailcom adnanameengmailcom following you ', 'F', 0, '2023-06-15 18:49:21'),
(570, 96, 8, 0, 'adnanameengmailcom adnanameengmailcom following you ', 'F', 0, '2023-06-15 18:49:25'),
(571, 96, 40, 0, 'adnanameengmailcom adnanameengmailcom following you ', 'F', 0, '2023-06-15 18:49:28'),
(572, 47, 53, 0, 'anna singer following you ', 'F', 0, '2023-06-15 20:11:23'),
(573, 47, 48, 89, 'anna singer likes ', 'L', 1, '2023-06-19 14:21:22'),
(574, 62, 47, 95, 'adnan ameen likes ', 'L', 1, '2023-06-19 14:21:57'),
(575, 47, 7, 0, 'anna singer following you ', 'F', 0, '2023-06-19 14:22:45'),
(576, 47, 54, 0, 'anna singer following you ', 'F', 0, '2023-06-19 14:23:48'),
(577, 47, 55, 0, 'anna singer following you ', 'F', 0, '2023-06-19 14:23:56'),
(578, 47, 56, 0, 'anna singer following you ', 'F', 0, '2023-06-19 14:24:01'),
(579, 48, 28, 0, 'Adnan ameen following you ', 'F', 0, '2023-06-19 17:52:12'),
(580, 48, 44, 0, 'Adnan ameen following you ', 'F', 0, '2023-06-19 17:53:14'),
(581, 48, 33, 0, 'Adnan ameen following you ', 'F', 0, '2023-06-19 17:53:45'),
(582, 48, 31, 0, 'Adnan ameen following you ', 'F', 0, '2023-06-19 17:53:47'),
(583, 48, 30, 0, 'Adnan ameen following you ', 'F', 0, '2023-06-19 17:53:50'),
(584, 48, 29, 0, 'Adnan ameen following you ', 'F', 0, '2023-06-19 18:00:15'),
(585, 48, 27, 0, 'Adnan ameen following you ', 'F', 0, '2023-06-19 18:00:20'),
(586, 46, 31, 0, 'mughees malik following you ', 'F', 0, '2023-06-20 15:22:50'),
(587, 47, 80, 0, 'anna singer following you ', 'F', 0, '2023-06-20 16:58:30'),
(588, 47, 81, 0, 'anna singer following you ', 'F', 0, '2023-06-20 16:58:33'),
(589, 47, 82, 0, 'anna singer following you ', 'F', 0, '2023-06-20 16:58:36'),
(590, 48, 49, 0, 'Adnan ameen following you ', 'F', 0, '2023-06-20 19:49:45'),
(591, 48, 53, 0, 'Adnan ameen following you ', 'F', 0, '2023-06-20 19:49:57'),
(592, 48, 55, 0, 'Adnan ameen following you ', 'F', 0, '2023-06-20 19:50:00'),
(593, 48, 56, 0, 'Adnan ameen following you ', 'F', 0, '2023-06-20 19:50:02'),
(594, 48, 57, 0, 'Adnan ameen following you ', 'F', 0, '2023-06-20 19:52:07'),
(595, 48, 58, 0, 'Adnan ameen following you ', 'F', 0, '2023-06-20 19:52:09'),
(596, 48, 60, 0, 'Adnan ameen following you ', 'F', 0, '2023-06-20 19:52:15'),
(597, 47, 54, 0, 'anna singer following you ', 'F', 0, '2023-06-22 13:29:56'),
(598, 47, 57, 0, 'anna singer following you ', 'F', 0, '2023-06-22 13:30:00'),
(599, 61, 6, 0, 'Karan Singla following you ', 'F', 0, '2023-06-22 13:37:25'),
(600, 47, 61, 70, 'anna singer commented on ', 'C', 1, '2023-06-22 13:48:20'),
(601, 47, 61, 83, 'anna singer likes ', 'L', 1, '2023-06-22 13:48:50'),
(602, 47, 61, 83, 'anna singer commented on ', 'C', 1, '2023-06-22 13:48:57'),
(603, 47, 54, 0, 'anna singer following you ', 'F', 0, '2023-07-04 13:27:40'),
(604, 47, 56, 0, 'anna singer following you ', 'F', 0, '2023-07-04 13:35:47'),
(605, 48, 62, 92, 'Adnan ameen likes ', 'L', 1, '2023-07-04 17:40:31'),
(606, 48, 62, 92, 'Adnan ameen likes ', 'L', 1, '2023-07-04 17:41:07'),
(607, 48, 62, 92, 'Adnan ameen likes ', 'L', 1, '2023-07-04 17:41:31'),
(608, 25, 48, 73, 'Test Spam likes ', 'L', 1, '2023-07-04 17:57:24'),
(609, 25, 48, 73, 'Test Spam likes ', 'L', 1, '2023-07-04 17:58:01'),
(610, 25, 48, 73, 'Test Spam likes ', 'L', 1, '2023-07-04 17:58:01'),
(611, 25, 48, 73, 'Test Spam likes ', 'L', 1, '2023-07-04 17:59:29'),
(612, 25, 48, 73, 'Test Spam likes ', 'L', 1, '2023-07-04 18:02:34'),
(613, 25, 48, 73, 'Test Spam likes ', 'L', 1, '2023-07-04 18:03:00'),
(614, 25, 48, 73, 'Test Spam likes ', 'L', 1, '2023-07-04 18:04:15'),
(615, 62, 50, 72, 'adnan ameen likes ', 'L', 0, '2023-07-06 12:40:46'),
(616, 62, 50, 72, 'adnan ameen likes ', 'L', 0, '2023-07-06 12:40:52'),
(617, 62, 61, 83, 'adnan ameen likes ', 'L', 1, '2023-07-06 12:53:07'),
(618, 62, 61, 83, 'adnan ameen likes ', 'L', 1, '2023-07-06 12:53:36'),
(619, 62, 61, 83, 'adnan ameen likes ', 'L', 1, '2023-07-06 12:53:53'),
(620, 62, 61, 83, 'adnan ameen likes ', 'L', 1, '2023-07-06 12:58:25'),
(621, 48, 47, 122, 'Adnan ameen likes ', 'L', 1, '2023-07-06 13:08:12'),
(622, 48, 47, 122, 'Adnan ameen likes ', 'L', 1, '2023-07-06 13:08:18'),
(623, 48, 47, 122, 'Adnan ameen likes ', 'L', 1, '2023-07-06 13:08:20'),
(624, 48, 47, 95, 'Adnan ameen likes ', 'L', 1, '2023-07-06 13:10:17'),
(625, 48, 47, 95, 'Adnan ameen likes ', 'L', 1, '2023-07-06 13:11:29'),
(626, 48, 47, 95, 'Adnan ameen likes ', 'L', 1, '2023-07-06 13:14:45'),
(627, 48, 47, 95, 'Adnan ameen likes ', 'L', 1, '2023-07-06 13:18:48'),
(628, 48, 47, 122, 'Adnan ameen likes ', 'L', 1, '2023-07-06 14:30:32'),
(629, 48, 62, 114, 'Adnan ameen likes ', 'L', 0, '2023-07-06 14:31:32'),
(630, 48, 83, 81, 'Adnan ameen likes ', 'L', 0, '2023-07-06 14:34:08'),
(631, 48, 83, 81, 'Adnan ameen likes ', 'L', 0, '2023-07-06 14:34:40'),
(632, 48, 83, 81, 'Adnan ameen likes ', 'L', 0, '2023-07-06 14:36:46'),
(633, 48, 6, 43, 'Adnan ameen likes Demo Video 1', 'L', 0, '2023-07-06 14:53:43'),
(634, 48, 25, 55, 'Adnan ameen likes ', 'L', 1, '2023-07-06 14:54:17'),
(635, 25, 48, 89, 'Test Spam likes ', 'L', 1, '2023-07-06 14:57:59'),
(636, 25, 48, 89, 'Test Spam likes ', 'L', 1, '2023-07-06 15:00:08'),
(637, 25, 48, 89, 'Test Spam likes ', 'L', 1, '2023-07-06 15:01:36'),
(638, 48, 25, 55, 'Adnan ameen likes ', 'L', 1, '2023-07-06 15:03:07'),
(639, 25, 48, 88, 'Test Spam likes ', 'L', 1, '2023-07-06 15:04:33'),
(640, 25, 48, 88, 'Test Spam likes ', 'L', 1, '2023-07-06 15:06:33'),
(641, 25, 48, 88, 'Test Spam likes ', 'L', 1, '2023-07-06 15:07:10'),
(642, 25, 48, 88, 'Test Spam likes ', 'L', 1, '2023-07-06 15:07:10'),
(643, 25, 48, 88, 'Test Spam likes ', 'L', 1, '2023-07-06 15:07:26'),
(644, 25, 62, 106, 'Test Spam likes ', 'L', 0, '2023-07-06 15:08:00'),
(645, 25, 62, 106, 'Test Spam likes ', 'L', 0, '2023-07-06 15:08:15'),
(646, 25, 86, 87, 'Test Spam likes ', 'L', 0, '2023-07-06 15:12:00'),
(647, 48, 25, 60, 'Adnan ameen likes ', 'L', 1, '2023-07-06 15:12:29'),
(648, 48, 25, 60, 'Adnan ameen likes ', 'L', 1, '2023-07-06 15:13:18'),
(649, 48, 25, 67, 'Adnan ameen commented on ', 'C', 1, '2023-07-06 16:21:07'),
(650, 48, 43, 0, 'Adnan ameen following you ', 'F', 0, '2023-07-06 16:28:27'),
(651, 48, 25, 67, 'Adnan ameen commented on ', 'C', 1, '2023-07-06 16:33:40'),
(652, 48, 25, 67, 'Adnan ameen likes ', 'L', 1, '2023-07-06 16:35:33'),
(653, 48, 25, 67, 'Adnan ameen commented on ', 'C', 1, '2023-07-06 16:35:48'),
(654, 48, 47, 122, 'Adnan ameen likes ', 'L', 1, '2023-07-06 19:25:16'),
(655, 47, 58, 0, 'anna singer following you ', 'F', 0, '2023-07-07 13:39:51'),
(656, 47, 74, 0, 'anna singer following you ', 'F', 0, '2023-07-07 13:43:08'),
(657, 47, 73, 0, 'anna singer following you ', 'F', 0, '2023-07-07 13:43:11'),
(658, 47, 75, 0, 'anna singer following you ', 'F', 0, '2023-07-07 13:43:14'),
(659, 47, 76, 0, 'anna singer following you ', 'F', 0, '2023-07-07 13:43:16'),
(660, 47, 77, 0, 'anna singer following you ', 'F', 0, '2023-07-07 13:43:21'),
(661, 47, 60, 0, 'anna singer following you ', 'F', 0, '2023-07-07 13:44:00'),
(662, 47, 68, 0, 'anna singer following you ', 'F', 0, '2023-07-07 13:44:57'),
(663, 47, 71, 0, 'anna singer following you ', 'F', 0, '2023-07-07 13:45:27'),
(664, 47, 69, 0, 'anna singer following you ', 'F', 0, '2023-07-07 13:45:29'),
(665, 47, 54, 0, 'anna singer following you ', 'F', 0, '2023-07-07 13:49:38'),
(666, 47, 73, 0, 'anna singer following you ', 'F', 0, '2023-07-07 14:04:37'),
(667, 47, 75, 0, 'anna singer following you ', 'F', 0, '2023-07-07 14:04:47'),
(668, 47, 77, 0, 'anna singer following you ', 'F', 0, '2023-07-07 14:04:53'),
(669, 61, 49, 0, 'Karan Singla following you ', 'F', 0, '2023-07-07 14:10:05'),
(670, 48, 47, 122, 'Adnan ameen likes ', 'L', 1, '2023-07-07 14:10:41'),
(671, 47, 60, 0, 'anna singer following you ', 'F', 0, '2023-07-07 14:14:19'),
(672, 48, 54, 0, 'Adnan ameen following you ', 'F', 0, '2023-07-07 14:50:58'),
(673, 48, 57, 0, 'Adnan ameen following you ', 'F', 0, '2023-07-07 14:53:08'),
(674, 25, 48, 50, 'Test Spam likes ', 'L', 1, '2023-07-07 14:54:48'),
(675, 25, 48, 73, 'Test Spam likes ', 'L', 1, '2023-07-07 14:55:17'),
(676, 111, 104, 0, 'Mughees Malik following you ', 'F', 1, '2023-07-07 19:41:27');
INSERT INTO `notifications` (`notify_id`, `notify_by`, `notify_to`, `video_id`, `message`, `type`, `read`, `added_on`) VALUES
(677, 105, 104, 0, 'adnan  following you ', 'F', 1, '2023-07-07 19:43:35'),
(678, 105, 106, 0, 'adnan  following you ', 'F', 0, '2023-07-07 19:43:38'),
(679, 105, 108, 0, 'adnan  following you ', 'F', 0, '2023-07-07 19:43:53'),
(680, 111, 108, 0, 'Mughees Malik following you ', 'F', 0, '2023-07-07 19:44:45'),
(681, 111, 104, 0, 'Mughees Malik following you ', 'F', 1, '2023-07-07 19:44:47'),
(682, 111, 109, 0, 'Mughees Malik following you ', 'F', 1, '2023-07-07 19:44:51'),
(683, 111, 106, 0, 'Mughees Malik following you ', 'F', 0, '2023-07-07 19:44:55'),
(684, 105, 109, 0, 'adnan  following you ', 'F', 1, '2023-07-07 19:45:10'),
(685, 105, 111, 128, 'adnan  likes ', 'L', 1, '2023-07-07 19:46:08'),
(686, 111, 104, 0, 'Mughees Malik following you ', 'F', 1, '2023-07-07 19:49:03'),
(687, 105, 111, 128, 'adnan  likes ', 'L', 1, '2023-07-07 19:50:46'),
(688, 113, 104, 127, 'Adnan Adnan likes ', 'L', 1, '2023-07-08 11:20:19'),
(689, 113, 104, 0, 'Adnan Adnan following you ', 'F', 1, '2023-07-08 11:32:19'),
(690, 113, 104, 0, 'Adnan Adnan following you ', 'F', 1, '2023-07-08 11:36:37'),
(691, 105, 104, 0, 'adnan  following you ', 'F', 1, '2023-07-08 11:44:23'),
(692, 113, 106, 0, 'Adnan Adnan following you ', 'F', 0, '2023-07-08 13:34:07'),
(693, 113, 109, 0, 'Adnan Adnan following you ', 'F', 1, '2023-07-08 13:34:15'),
(694, 109, 106, 0, 'adnan ameen adnan ameen following you ', 'F', 0, '2023-07-08 14:12:17'),
(695, 109, 106, 0, 'adnan ameen adnan ameen following you ', 'F', 0, '2023-07-08 14:18:37'),
(696, 109, 106, 0, 'adnan ameen adnan ameen following you ', 'F', 0, '2023-07-08 14:21:56'),
(697, 109, 106, 0, 'adnan ameen adnan ameen following you ', 'F', 0, '2023-07-08 14:25:48'),
(698, 109, 106, 0, 'adnan ameen adnan ameen following you ', 'F', 0, '2023-07-08 14:29:07'),
(699, 109, 106, 0, 'adnan ameen adnan ameen following you ', 'F', 0, '2023-07-08 14:31:33'),
(700, 109, 106, 0, 'adnan ameen adnan ameen following you ', 'F', 0, '2023-07-08 14:35:26'),
(701, 109, 106, 0, 'adnan ameen adnan ameen following you ', 'F', 0, '2023-07-08 14:41:24'),
(702, 109, 106, 0, 'adnan ameen adnan ameen following you ', 'F', 0, '2023-07-08 14:42:20'),
(703, 114, 106, 0, 'Test Spam Test Spam following you ', 'F', 0, '2023-07-08 15:19:47'),
(704, 115, 106, 0, 'karansingla karansingla following you ', 'F', 0, '2023-07-09 16:00:50'),
(705, 115, 111, 128, 'karansingla karansingla likes ', 'L', 1, '2023-07-09 16:05:49'),
(706, 115, 111, 128, 'karansingla karansingla commented on ', 'C', 1, '2023-07-09 16:05:54'),
(707, 118, 106, 0, 'Mughees Malik following you ', 'F', 0, '2023-07-12 17:54:00'),
(708, 118, 115, 0, 'Mughees Malik following you ', 'F', 1, '2023-07-12 17:54:09'),
(709, 118, 115, 0, 'Mughees Malik following you ', 'F', 1, '2023-07-12 17:54:26'),
(710, 121, 106, 0, 'info bonsify following you ', 'F', 0, '2023-07-13 12:52:22'),
(711, 119, 113, 129, 'Anna singer commented on ', 'C', 1, '2023-07-13 12:59:48'),
(712, 119, 104, 127, 'Anna singer commented on ', 'C', 0, '2023-07-13 13:12:37'),
(713, 115, 119, 133, 'Karan Singla likes ', 'L', 0, '2023-07-14 10:05:01'),
(714, 115, 122, 0, 'Karan Singla following you ', 'F', 0, '2023-07-14 10:08:57'),
(715, 115, 123, 0, 'Karan Singla following you ', 'F', 1, '2023-07-14 10:08:58'),
(716, 115, 106, 0, 'Karan Singla following you ', 'F', 0, '2023-07-14 10:09:04'),
(717, 115, 122, 0, 'Karan Singla following you ', 'F', 0, '2023-07-14 10:15:25'),
(718, 125, 105, 130, 'Mughees malik likes ', 'L', 1, '2023-07-20 12:39:17'),
(719, 125, 105, 130, 'Mughees malik commented on ', 'C', 1, '2023-07-20 12:39:43'),
(720, 125, 115, 0, 'Mughees malik following you ', 'F', 1, '2023-07-20 12:40:50'),
(721, 125, 115, 134, 'Mughees malik likes ', 'L', 1, '2023-07-20 12:41:38'),
(722, 125, 115, 134, 'Mughees malik commented on ', 'C', 1, '2023-07-20 12:41:42'),
(723, 115, 125, 0, 'Karan Singla following you ', 'F', 1, '2023-07-21 10:09:19'),
(724, 113, 115, 134, 'Adnan Adnan likes ', 'L', 1, '2023-07-24 07:02:49'),
(725, 125, 122, 0, 'Mughees malik following you ', 'F', 0, '2023-07-24 09:02:12'),
(726, 125, 123, 0, 'Mughees malik following you ', 'F', 1, '2023-07-24 09:02:13'),
(727, 105, 125, 0, 'adnan  following you ', 'F', 1, '2023-07-24 10:52:34'),
(728, 105, 122, 0, 'adnan  following you ', 'F', 0, '2023-07-25 10:47:05'),
(729, 125, 130, 0, 'Mughees malik following you ', 'F', 0, '2023-07-26 10:38:34'),
(730, 125, 106, 0, 'Mughees malik following you ', 'F', 0, '2023-07-26 12:42:11'),
(731, 125, 130, 136, 'Mughees malik likes ', 'L', 0, '2023-07-26 12:46:50'),
(732, 125, 115, 0, 'Mughees malik following you ', 'F', 1, '2023-07-27 14:13:06'),
(733, 125, 115, 134, 'Mughees malik commented on ', 'C', 1, '2023-07-27 14:13:15'),
(734, 115, 125, 0, 'Karan Singla following you ', 'F', 1, '2023-07-27 19:19:48'),
(735, 115, 125, 0, 'Karan Singla following you ', 'F', 1, '2023-07-27 19:19:55'),
(736, 125, 130, 0, 'Mughees malik following you ', 'F', 0, '2023-07-27 20:00:18'),
(737, 125, 115, 134, 'Mughees malik commented on ', 'C', 1, '2023-07-29 07:33:48'),
(738, 125, 115, 134, 'Mughees malik likes ', 'L', 1, '2023-07-29 07:33:53'),
(739, 105, 128, 143, 'adnan  likes ', 'L', 1, '2023-07-31 11:09:21'),
(740, 113, 130, 0, 'Adnan Adnan following you ', 'F', 0, '2023-08-02 06:56:45'),
(741, 123, 125, 0, 'adnan  following you ', 'F', 1, '2023-08-02 06:57:57'),
(742, 125, 126, 0, 'Mughees malik following you ', 'F', 0, '2023-08-03 10:25:14'),
(743, 125, 105, 137, 'Mughees malik likes ', 'L', 1, '2023-08-03 10:26:57'),
(744, 125, 105, 137, 'Mughees malik commented on ', 'C', 1, '2023-08-03 10:27:03'),
(745, 113, 128, 143, 'Adnan Adnan likes ', 'L', 0, '2023-08-04 12:48:46'),
(746, 113, 125, 140, 'Adnan Adnan likes ', 'L', 1, '2023-08-04 12:49:40'),
(747, 105, 125, 0, 'adnan  following you ', 'F', 1, '2023-08-15 10:57:45'),
(748, 105, 129, 8, 'adnan  likes ', 'L', 1, '2023-09-01 11:23:28'),
(749, 105, 129, 7, 'adnan  likes ', 'L', 1, '2023-09-01 11:23:44'),
(750, 129, 123, 0, 'Mughees Malik following you ', 'F', 0, '2023-09-01 11:24:51'),
(751, 129, 130, 0, 'Mughees Malik following you ', 'F', 0, '2023-09-01 11:24:58'),
(752, 129, 133, 0, 'Mughees Malik following you ', 'F', 0, '2023-09-01 11:33:53'),
(753, 129, 143, 0, 'Mughees Malik following you ', 'F', 0, '2023-09-01 12:49:54');

-- --------------------------------------------------------

--
-- Table structure for table `notification_settings`
--

CREATE TABLE `notification_settings` (
  `id` int NOT NULL,
  `follow` smallint NOT NULL DEFAULT '1',
  `like` smallint NOT NULL DEFAULT '1',
  `comment` smallint NOT NULL DEFAULT '1',
  `user_id` int DEFAULT NULL
) ENGINE=MyISAM DEFAULT CHARSET=utf8mb4 COLLATE=utf8mb4_unicode_ci;

--
-- Dumping data for table `notification_settings`
--

INSERT INTO `notification_settings` (`id`, `follow`, `like`, `comment`, `user_id`) VALUES
(1, 0, 0, 0, 7),
(2, 0, 0, 0, 5),
(3, 1, 1, 1, 23),
(4, 1, 1, 1, 24),
(5, 1, 1, 1, 25),
(6, 1, 1, 1, 27),
(7, 1, 1, 1, 28),
(8, 1, 1, 1, 29),
(9, 1, 1, 1, 30),
(10, 1, 1, 1, 33),
(11, 1, 1, 1, 34),
(12, 1, 1, 1, 35),
(13, 1, 1, 1, 36),
(14, 1, 1, 1, 37),
(15, 1, 1, 1, 38),
(16, 1, 1, 1, 39),
(17, 1, 1, 1, 40),
(18, 1, 1, 1, 41),
(19, 1, 1, 1, 42),
(20, 1, 1, 1, 43),
(21, 1, 1, 1, 44),
(22, 1, 1, 1, 45),
(23, 1, 1, 1, 46),
(24, 1, 1, 1, 47),
(25, 1, 1, 1, 48),
(26, 1, 1, 1, 49),
(27, 1, 1, 1, 50),
(28, 1, 1, 1, 51),
(29, 1, 1, 1, 52),
(30, 1, 1, 1, 53),
(31, 1, 1, 1, 54),
(32, 1, 1, 1, 55),
(33, 1, 1, 1, 56),
(34, 1, 1, 1, 57),
(35, 1, 1, 1, 46),
(36, 1, 1, 1, 46),
(37, 1, 1, 1, 46),
(38, 1, 1, 1, 52),
(39, 1, 1, 1, 58),
(40, 1, 1, 1, 52),
(41, 1, 1, 1, 59),
(42, 1, 1, 1, 52),
(43, 1, 1, 1, 46),
(44, 1, 1, 1, 46),
(45, 1, 1, 1, 46),
(46, 1, 1, 1, 52),
(47, 1, 1, 1, 52),
(48, 1, 1, 1, 60),
(49, 1, 1, 1, 60),
(50, 1, 1, 1, 60),
(51, 1, 1, 1, 61),
(52, 1, 1, 1, 62),
(53, 1, 1, 1, 63),
(54, 1, 1, 1, 64),
(55, 1, 1, 1, 65),
(56, 1, 1, 1, 66),
(57, 1, 1, 1, 67),
(58, 1, 1, 1, 69),
(59, 1, 1, 1, 68),
(60, 1, 1, 1, 70),
(61, 1, 1, 1, 71),
(62, 1, 1, 1, 72),
(63, 1, 1, 1, 73),
(64, 1, 1, 1, 75),
(65, 1, 1, 1, 76),
(66, 1, 1, 1, 77),
(67, 1, 1, 1, 78),
(68, 1, 1, 1, 79),
(69, 1, 1, 1, 80),
(70, 1, 1, 1, 81),
(71, 1, 1, 1, 82),
(72, 1, 1, 1, 83),
(73, 1, 1, 1, 84),
(74, 1, 1, 1, 85),
(75, 1, 1, 1, 86),
(76, 1, 1, 1, 99),
(77, 1, 1, 1, 100),
(78, 1, 1, 1, 105),
(79, 1, 1, 1, 107),
(80, 1, 1, 1, 108),
(81, 1, 1, 1, 109),
(82, 1, 1, 1, 110),
(83, 1, 1, 1, 111),
(84, 1, 1, 1, 112),
(85, 1, 1, 1, 113),
(86, 1, 1, 1, 114),
(87, 1, 1, 1, 118),
(88, 1, 1, 1, 119),
(89, 1, 1, 1, 120),
(90, 1, 1, 1, 121),
(91, 1, 1, 1, 124),
(92, 1, 1, 1, 127),
(93, 1, 1, 1, 128),
(94, 1, 1, 1, 129),
(95, 1, 1, 1, 135),
(96, 1, 1, 1, 136),
(97, 1, 1, 1, 137),
(98, 1, 1, 1, 138),
(99, 1, 1, 1, 139),
(100, 1, 1, 1, 140),
(101, 1, 1, 1, 141),
(102, 1, 1, 1, 142);

-- --------------------------------------------------------

--
-- Table structure for table `nsfw_settings`
--

CREATE TABLE `nsfw_settings` (
  `ns_id` int NOT NULL,
  `api_key` varchar(100) CHARACTER SET utf8mb4 COLLATE utf8mb4_unicode_ci NOT NULL DEFAULT '',
  `api_secret` varchar(100) CHARACTER SET utf8mb4 COLLATE utf8mb4_unicode_ci DEFAULT '',
  `status` tinyint(1) NOT NULL DEFAULT '0' COMMENT '1: yes, 0: no',
  `wad` tinyint(1) NOT NULL DEFAULT '1' COMMENT 'Weapons Alcohol Drugs Detection',
  `offensive` tinyint(1) NOT NULL DEFAULT '1' COMMENT 'Offensive',
  `nudity` tinyint(1) NOT NULL DEFAULT '1' COMMENT 'Nudity'
) ENGINE=MyISAM DEFAULT CHARSET=utf8mb4 COLLATE=utf8mb4_unicode_ci;

-- --------------------------------------------------------

--
-- Table structure for table `pages`
--

CREATE TABLE `pages` (
  `page_id` int NOT NULL,
  `title` varchar(200) CHARACTER SET utf8mb4 COLLATE utf8mb4_unicode_ci NOT NULL DEFAULT '',
  `content` text CHARACTER SET utf8mb4 COLLATE utf8mb4_unicode_ci,
  `type` varchar(100) CHARACTER SET utf8mb4 COLLATE utf8mb4_unicode_ci NOT NULL DEFAULT ''
) ENGINE=MyISAM DEFAULT CHARSET=utf8mb4 COLLATE=utf8mb4_unicode_ci;

--
-- Dumping data for table `pages`
--

INSERT INTO `pages` (`page_id`, `title`, `content`, `type`) VALUES
(3, 'Privacy Policy', '<h3 style=\"text-align: center;\"><span style=\"color: #800080;\">The standard Lorem Ipsum passage, used since the 1500s</span></h3>\r\n<p style=\"text-align: center;\">\"Lorem ipsum dolor sit amet, consectetur adipiscing elit, sed do eiusmod tempor incididunt ut labore et dolore magna aliqua. Ut enim ad minim veniam, quis nostrud exercitation ullamco laboris nisi ut aliquip ex ea commodo consequat. Duis aute irure dolor in reprehenderit in voluptate velit esse cillum dolore eu fugiat nulla pariatur. Excepteur sint occaecat cupidatat non proident, sunt in culpa qui officia deserunt mollit anim id est laborum.\"</p>\r\n<h3 style=\"text-align: center;\"><span style=\"color: #800080;\">Section 1.10.32 of \"de Finibus Bonorum et Malorum\", written by Cicero in 45 BC</span></h3>\r\n<p style=\"text-align: center;\">\"Sed ut perspiciatis unde omnis iste natus error sit voluptatem accusantium doloremque laudantium, totam rem aperiam, eaque ipsa quae ab illo inventore veritatis et quasi architecto beatae vitae dicta sunt explicabo. Nemo enim ipsam voluptatem quia voluptas sit aspernatur aut odit aut fugit, sed quia consequuntur magni dolores eos qui ratione voluptatem sequi nesciunt. Neque porro quisquam est, qui dolorem ipsum quia dolor sit amet, consectetur, adipisci velit, sed quia non numquam eius modi tempora incidunt ut labore et dolore magnam aliquam quaerat voluptatem. Ut enim ad minima veniam, quis nostrum exercitationem ullam corporis suscipit laboriosam, nisi ut aliquid ex ea commodi consequatur? Quis autem vel eum iure reprehenderit qui in ea voluptate velit esse quam nihil molestiae consequatur, vel illum qui dolorem eum fugiat quo voluptas nulla pariatur?\"</p>', 'privacy-policy'),
(2, 'Terms and Conditions', '<div>\r\n<h2>What is Lorem Ipsum?</h2>\r\n<p><strong>Lorem Ipsum</strong>&nbsp;is simply dummy text of the printing and typesetting industry. Lorem Ipsum has been the industry\'s standard dummy text ever since the 1500s, when an unknown printer took a galley of type and scrambled it to make a type specimen book. It has survived not only five centuries, but also the leap into electronic typesetting, remaining essentially unchanged. It was popularised in the 1960s with the release of Letraset sheets containing Lorem Ipsum passages, and more recently with desktop publishing software like Aldus PageMaker including versions of Lorem Ipsum.</p>\r\n</div>\r\n<div>\r\n<h2>Why do we use it?</h2>\r\n<p>It is a long established fact that a reader will be distracted by the readable content of a page when looking at its layout. The point of using Lorem Ipsum is that it has a more-or-less normal distribution of letters, as opposed to using \'Content here, content here\', making it look like readable English. Many desktop publishing packages and web page editors now use Lorem Ipsum as their default model text, and a search for \'lorem ipsum\' will uncover many web sites still in their infancy. Various versions have evolved over the years, sometimes by accident, sometimes on purpose (injected humour and the like).</p>\r\n</div>', 'terms');

-- --------------------------------------------------------

--
-- Table structure for table `pusher_settings`
--

CREATE TABLE `pusher_settings` (
  `pusher_setting_id` int NOT NULL,
  `pusher_app_id` varchar(225) CHARACTER SET utf8mb4 COLLATE utf8mb4_unicode_ci NOT NULL DEFAULT '',
  `pusher_app_key` varchar(225) CHARACTER SET utf8mb4 COLLATE utf8mb4_unicode_ci NOT NULL DEFAULT '',
  `pusher_app_secret` varchar(225) CHARACTER SET utf8mb4 COLLATE utf8mb4_unicode_ci NOT NULL DEFAULT '',
  `pusher_app_cluster` varchar(225) CHARACTER SET utf8mb4 COLLATE utf8mb4_unicode_ci NOT NULL DEFAULT ''
) ENGINE=MyISAM DEFAULT CHARSET=utf8mb4 COLLATE=utf8mb4_unicode_ci;

-- --------------------------------------------------------

--
-- Table structure for table `reports`
--

CREATE TABLE `reports` (
  `report_id` int NOT NULL,
  `type` varchar(100) CHARACTER SET utf8mb4 COLLATE utf8mb4_unicode_ci NOT NULL DEFAULT '',
  `description` varchar(500) CHARACTER SET utf8mb4 COLLATE utf8mb4_unicode_ci NOT NULL DEFAULT '',
  `report_on` datetime DEFAULT NULL,
  `user_id` int NOT NULL DEFAULT '0',
  `video_id` int NOT NULL DEFAULT '0'
) ENGINE=MyISAM DEFAULT CHARSET=utf8mb4 COLLATE=utf8mb4_unicode_ci;

--
-- Dumping data for table `reports`
--

INSERT INTO `reports` (`report_id`, `type`, `description`, `report_on`, `user_id`, `video_id`) VALUES
(1, 'It\'s spam', '', '2023-02-02 10:20:18', 5, 44);

-- --------------------------------------------------------

--
-- Table structure for table `settings`
--

CREATE TABLE `settings` (
  `setting_id` int NOT NULL,
  `site_name` varchar(200) CHARACTER SET utf8mb4 COLLATE utf8mb4_unicode_ci NOT NULL DEFAULT '',
  `site_address` text CHARACTER SET utf8mb4 COLLATE utf8mb4_unicode_ci,
  `site_email` varchar(100) CHARACTER SET utf8mb4 COLLATE utf8mb4_unicode_ci NOT NULL DEFAULT '',
  `site_phone` varchar(15) CHARACTER SET utf8mb4 COLLATE utf8mb4_unicode_ci NOT NULL DEFAULT '',
  `site_logo` varchar(200) CHARACTER SET utf8mb4 COLLATE utf8mb4_unicode_ci NOT NULL DEFAULT '',
  `watermark` varchar(200) CHARACTER SET utf8mb4 COLLATE utf8mb4_unicode_ci NOT NULL DEFAULT '',
  `cur_version` varchar(200) CHARACTER SET utf8mb4 COLLATE utf8mb4_unicode_ci NOT NULL DEFAULT '',
  `updated_at` datetime DEFAULT NULL,
  `migrated` int NOT NULL DEFAULT '0' COMMENT '0: No, 1: yes'
) ENGINE=MyISAM DEFAULT CHARSET=utf8mb4 COLLATE=utf8mb4_unicode_ci;

--
-- Dumping data for table `settings`
--

INSERT INTO `settings` (`setting_id`, `site_name`, `site_address`, `site_email`, `site_phone`, `site_logo`, `watermark`, `cur_version`, `updated_at`, `migrated`) VALUES
(1, 'Yulo', '<p>Yulo</p>', 'support@example.com', '7878787878', 'e3OmflruMP3svmc7WIg8Y7akapif3C3IRcymoixo.png', 'JE67SetxBb8o1DSlhFuC86zZ9RdQ1YPSu2nwfBu9.png', 'v3.5', '2022-12-24 09:21:25', 0);

-- --------------------------------------------------------

--
-- Table structure for table `social_media_links`
--

CREATE TABLE `social_media_links` (
  `social_media_link_id` int NOT NULL,
  `fb_link` varchar(225) CHARACTER SET utf8mb4 COLLATE utf8mb4_unicode_ci NOT NULL DEFAULT '',
  `twitter_link` varchar(225) CHARACTER SET utf8mb4 COLLATE utf8mb4_unicode_ci NOT NULL DEFAULT '',
  `google_link` varchar(225) CHARACTER SET utf8mb4 COLLATE utf8mb4_unicode_ci NOT NULL DEFAULT '',
  `youtube_link` varchar(225) CHARACTER SET utf8mb4 COLLATE utf8mb4_unicode_ci NOT NULL DEFAULT ''
) ENGINE=MyISAM DEFAULT CHARSET=utf8mb4 COLLATE=utf8mb4_unicode_ci;

--
-- Dumping data for table `social_media_links`
--

INSERT INTO `social_media_links` (`social_media_link_id`, `fb_link`, `twitter_link`, `google_link`, `youtube_link`) VALUES
(1, 'https://www.facebook.com/', 'https://twitter.com/', 'https://google.com', 'https://www.youtube.com/');

-- --------------------------------------------------------

--
-- Table structure for table `social_settings`
--

CREATE TABLE `social_settings` (
  `social_setting_id` int NOT NULL,
  `google_client_id` varchar(225) CHARACTER SET utf8mb4 COLLATE utf8mb4_unicode_ci NOT NULL DEFAULT '',
  `google_secret` varchar(225) CHARACTER SET utf8mb4 COLLATE utf8mb4_unicode_ci NOT NULL DEFAULT '',
  `facebook_client_id` varchar(225) CHARACTER SET utf8mb4 COLLATE utf8mb4_unicode_ci NOT NULL DEFAULT '',
  `facebook_secret` varchar(225) CHARACTER SET utf8mb4 COLLATE utf8mb4_unicode_ci NOT NULL DEFAULT '',
  `google_active` tinyint NOT NULL DEFAULT '0' COMMENT '1: yes, 0: no',
  `fb_active` tinyint NOT NULL DEFAULT '0' COMMENT '1: yes, 0: no'
) ENGINE=MyISAM DEFAULT CHARSET=utf8mb4 COLLATE=utf8mb4_unicode_ci;

-- --------------------------------------------------------

--
-- Table structure for table `sounds`
--

CREATE TABLE `sounds` (
  `sound_id` int NOT NULL,
  `title` varchar(200) CHARACTER SET utf8mb4 COLLATE utf8mb4_unicode_ci NOT NULL DEFAULT '',
  `sound_name` varchar(200) CHARACTER SET utf8mb4 COLLATE utf8mb4_unicode_ci NOT NULL DEFAULT '',
  `user_id` int NOT NULL DEFAULT '0',
  `cat_id` varchar(100) CHARACTER SET utf8mb4 COLLATE utf8mb4_unicode_ci NOT NULL DEFAULT '',
  `parent_id` int NOT NULL DEFAULT '0',
  `duration` int NOT NULL DEFAULT '0' COMMENT 'in seconds',
  `album` varchar(200) CHARACTER SET utf8mb4 COLLATE utf8mb4_unicode_ci NOT NULL DEFAULT '',
  `artist` varchar(200) CHARACTER SET utf8mb4 COLLATE utf8mb4_unicode_ci NOT NULL DEFAULT '',
  `tags` text CHARACTER SET utf8mb4 COLLATE utf8mb4_unicode_ci,
  `used_times` int NOT NULL DEFAULT '0',
  `deleted` tinyint NOT NULL DEFAULT '0' COMMENT '1:yes, 0:no',
  `created_at` datetime DEFAULT NULL,
  `active` tinyint NOT NULL DEFAULT '1',
  `image` varchar(255) CHARACTER SET utf8mb4 COLLATE utf8mb4_unicode_ci NOT NULL DEFAULT ''
) ENGINE=MyISAM DEFAULT CHARSET=utf8mb4 COLLATE=utf8mb4_unicode_ci;

--
-- Dumping data for table `sounds`
--

INSERT INTO `sounds` (`sound_id`, `title`, `sound_name`, `user_id`, `cat_id`, `parent_id`, `duration`, `album`, `artist`, `tags`, `used_times`, `deleted`, `created_at`, `active`, `image`) VALUES
(1, '1693474750.mp3', '1693474750.mp3', 105, '0', 0, 2, '', '', NULL, 1, 0, '2023-08-31 09:39:11', 1, ''),
(2, '1693475131.mp3', '1693475131.mp3', 105, '0', 0, 2, '', '', NULL, 1, 0, '2023-08-31 09:45:32', 1, ''),
(3, '1693476066.mp3', '1693476066.mp3', 105, '0', 0, 2, '', '', NULL, 1, 0, '2023-08-31 10:01:07', 1, ''),
(4, '1693476122.mp3', '1693476122.mp3', 105, '0', 0, 1, '', '', NULL, 1, 0, '2023-08-31 10:02:03', 1, ''),
(5, '1693476281.mp3', '1693476281.mp3', 105, '0', 0, 2, '', '', NULL, 1, 0, '2023-08-31 10:04:42', 1, ''),
(6, '1693566321.mp3', '1693566321.mp3', 129, '0', 0, 2, '', '', NULL, 1, 0, '2023-09-01 11:05:22', 1, ''),
(7, '1693566831.mp3', '1693566831.mp3', 129, '0', 0, 2, '', '', NULL, 1, 0, '2023-09-01 11:13:52', 1, ''),
(8, '1693567057.mp3', '1693567057.mp3', 129, '0', 0, 1, '', '', NULL, 1, 0, '2023-09-01 11:17:38', 1, ''),
(9, '1693567802.mp3', '1693567802.mp3', 129, '0', 0, 2, '', '', NULL, 1, 0, '2023-09-01 11:30:03', 1, ''),
(10, '1693634319.mp3', '1693634319.mp3', 105, '0', 0, 1, '', '', NULL, 1, 0, '2023-09-02 05:58:40', 1, '');

-- --------------------------------------------------------

--
-- Table structure for table `sponsors`
--

CREATE TABLE `sponsors` (
  `sponsor_id` int NOT NULL,
  `heading` varchar(100) CHARACTER SET utf8mb4 COLLATE utf8mb4_unicode_ci NOT NULL DEFAULT '',
  `title` varchar(200) CHARACTER SET utf8mb4 COLLATE utf8mb4_unicode_ci NOT NULL DEFAULT '',
  `image` varchar(200) CHARACTER SET utf8mb4 COLLATE utf8mb4_unicode_ci NOT NULL DEFAULT '',
  `url` varchar(200) CHARACTER SET utf8mb4 COLLATE utf8mb4_unicode_ci NOT NULL DEFAULT '',
  `active` tinyint NOT NULL DEFAULT '1' COMMENT '1: yes, 0: no'
) ENGINE=MyISAM DEFAULT CHARSET=utf8mb4 COLLATE=utf8mb4_unicode_ci;

--
-- Dumping data for table `sponsors`
--

INSERT INTO `sponsors` (`sponsor_id`, `heading`, `title`, `image`, `url`, `active`) VALUES
(2, 'Eigix IT Solutions', 'EIGIX', '20221123101946_eigix-logo.png', 'https://www.eigix.com', 1);

-- --------------------------------------------------------

--
-- Table structure for table `storage_settings`
--

CREATE TABLE `storage_settings` (
  `storage_setting_id` int NOT NULL,
  `driver_id` int DEFAULT '0',
  `access_key_id` varchar(100) CHARACTER SET utf8mb4 COLLATE utf8mb4_unicode_ci NOT NULL DEFAULT '',
  `secret_access_key` varchar(100) CHARACTER SET utf8mb4 COLLATE utf8mb4_unicode_ci NOT NULL DEFAULT '',
  `region` varchar(100) CHARACTER SET utf8mb4 COLLATE utf8mb4_unicode_ci NOT NULL DEFAULT '',
  `bucket` varchar(200) CHARACTER SET utf8mb4 COLLATE utf8mb4_unicode_ci NOT NULL DEFAULT '',
  `url` varchar(200) CHARACTER SET utf8mb4 COLLATE utf8mb4_unicode_ci NOT NULL DEFAULT ''
) ENGINE=MyISAM DEFAULT CHARSET=utf8mb4 COLLATE=utf8mb4_unicode_ci;

-- --------------------------------------------------------

--
-- Table structure for table `unique_users_ids`
--

CREATE TABLE `unique_users_ids` (
  `unique_id` int NOT NULL,
  `unique_token` varchar(200) CHARACTER SET utf8mb4 COLLATE utf8mb4_unicode_ci DEFAULT '',
  `user_id` int NOT NULL DEFAULT '0'
) ENGINE=MyISAM DEFAULT CHARSET=utf8mb4 COLLATE=utf8mb4_unicode_ci;

--
-- Dumping data for table `unique_users_ids`
--

INSERT INTO `unique_users_ids` (`unique_id`, `unique_token`, `user_id`) VALUES
(1, 'Twnq7q601eq1uiqoSdEjP6nTYVQMFskc', 0),
(2, '6F3kInquhYioDjzLT1NuEjkLzl8sPslF', 0),
(3, 'EWvnmANagH3z3UW7fhoVUQjV2qlFlIoa', 0),
(4, 'qie4ILBcmuCoZEftO0ZExBaW41ksTHAV', 0),
(5, 'yqzTzVl9bzNV2gQ6OCz6YTFy4XgmTMdi', 0),
(6, 'ij6SsQzt5AGI0G0', 0),
(7, 'wFW64atzlvAO5pNhcDajzdBGX9ohEGHv', 0),
(8, 'FpEjPh9OXRgM3h0CC4jNzImiUC7SO8jU', 0),
(9, '7eKzV1LAhjo0kgIoykfZx4E9T4H0jtlR', 0),
(10, 'G8pn2NzspapAEaX5pOZEykUY8hswgNHS', 0),
(11, 'jAX1Thoim2uhEwp', 0),
(12, '99EtphP9jijLZiQ', 0),
(13, 'gTMG20j2CoGCG6Us2ZZMX5fYNBLBGz1c', 0),
(14, 'cl81VWs9W00TAselVkJy6UL3ny26e7Y8', 0),
(15, 'Bs0OqYyCE3Jl0d0pNQiIJ1oZXUUwOA8T', 0),
(16, 'lgMC1EXHHl9JDhG', 0),
(17, 'bjgN82nc8JASSSv', 0),
(18, 'dgY8NIt6BT41X2p', 0),
(19, '7RgIqcRRZiqJ3HW', 0),
(20, 'd2triTiiuyasQDp', 0),
(21, 'h7dhIjnWiNaAhFz', 0),
(22, 'aew3M5RNA2pkqbR', 0),
(23, 'Tt01gNfPMeV4qru', 0),
(24, 'ThcsDVXxoNBZj4H', 0),
(25, 'FoXjhFTk7hi8Zsg', 0),
(26, 'UJE49kXHU1eA1vkoHjNOe1Od5ilSLu9z', 0),
(27, 'SwexNtoZif3ObzldDVyAUeA7xL67kuO4', 0),
(28, 't5v8NHWyWuLl6dcwtVQfhEEBrefemSZK', 0),
(29, 'DuATYlWp4WmygHD', 0),
(30, 'cK6KtEnhQKVBog7tslFniZnItd0ze3nt', 0),
(31, 'br8XyDnKZyffu0uvhxwLm5gG7kIAFYhT', 0),
(32, 'ylR8Ex0e5VqhZsqsL8hx2tnwJJraY5Dn', 0),
(33, 'rDYx5OZhjTuuawk68q1vLhd0OxLXEgOw', 0),
(34, 'IOzsTOs9NRQL16WPW8fGylBjSWk0L60j', 0),
(35, 'B2WOrmNm6w8H5xmmCJLDHy1v5TEGGNAx', 0),
(36, '8k92pzWYfUa38APzvbW47b5up0a19OJJ', 0),
(37, 'IbnFyUsLZu5H6FLTGFsCd8KlzAsZP6m7', 0),
(38, 'l4mKw8Rbf6wP1ZZ', 0),
(39, 'N3Zgv3bPXfKTZGI', 0),
(40, 'xffCwLOGJqFNBXb', 0),
(41, 'yplRLPgv40gu2S2', 0),
(42, 'qQd9SoayiIJ2vky', 0),
(43, '5gm3ULm8TTxb841', 0),
(44, 'MzfF7mCKcvm5haJ', 0),
(45, 'GJ3XJhVCDM6dluc', 0),
(46, 'umfjx39GVufFolS', 0),
(47, 'fqfeqrQwbQuPMW1BDZ9RXWyLQF2I53fv', 0),
(48, 'Fgvj3KdPccIT5zpuzykwTq7WQf8mQYVw', 0),
(49, 'wpb7p9w3Cm9AktJvKjpgSIKeo5RZkLUF', 0),
(50, '5ZEAAcCa0WFIUHL', 0),
(51, 'lOMNh9KQTOFop2g', 0),
(52, 'eiiuZ4RLmvDfWa3', 0),
(53, 'zxsqcMd1ZDmNNFE', 0),
(54, 'vSylm5DsTbReQU9', 0),
(55, 'QoyCGvM0xVj4TDo', 0),
(56, 'SJWaJIQpBKAevGr', 0),
(57, 'Ym4RZe1Qyzp3x3k', 0),
(58, 'KboWwUQ5MbP2ZjZ', 0),
(59, 'mCMPlI90vGkQ1JA', 0),
(60, 'SC3RMBkXlMepKi6', 0),
(61, 'fKC78v7tSB7SDcm', 0),
(62, 'Bepak4YMWxXPunYXVhbdZxBM3QR2cKaM', 0),
(63, 'cpHeNzUlVbxJFkrSKi2jIDpiDfuYPNpg', 0),
(64, 'DESdDmtMOpY2c19yaYSY1wS8fDHWhs4n', 0),
(65, '18aiayzckbSWkqP0oTjeVS2e5lCcgaN1', 0),
(66, 'TNqn33kyjYQZjnrZwuFOYb7VaSk8cnaf', 0),
(67, 'PVzYxw000ZLLTnUqVjkJ6NjaVuRVStYY', 61),
(68, 'jWKXqnwcCcBf5By', 0),
(69, 'WppcN4Y4Jjc9OAe', 0),
(70, '0JAigSuxQsr7XmK', 0),
(71, 'gSDyJStc1rsKdBN', 0),
(72, 'uFGVCBUzQ2nhFP5', 0),
(73, 'Xdn2rppXtTXvrOk', 0),
(74, 'lg8ztbET9O1xiPg', 0),
(75, 'luxaqG99Qoh0ovp', 0),
(76, 'pVae6oSXbsEcvGF', 0),
(77, 'GvZlWzlYE3JjkVn', 0),
(78, 'E0elW19HaDuHXKf', 0),
(79, 'hWfK3QS3QVg0E9n', 0),
(80, 'm9gMy6aQpGfuPar', 0),
(81, 'llqKDSQ29VCGoAc', 0),
(82, 'eamVpIbFwWXgVn5', 0),
(83, 'InkJTbfMja814sB', 0),
(84, 'WzFJYbhSOIRkXGy', 0),
(85, 'n9voFk4RmKbmcbO', 0),
(86, 'yPzBm6S6NxZWA6G', 0),
(87, '6804iGRxv5yQCi9', 0),
(88, 'ZR7DTjvB86DQi6v', 0),
(89, '3LKhAMt6jnHT1uz', 0),
(90, 'v98eRMlroO1ZzQK', 0),
(91, '1Wv665pOFQbfY7s', 0),
(92, 'AmTAeft76qDEJxu', 0),
(93, 'p3H62BwIf196TKq', 0),
(94, 'Pv13li4fd2mTZ5E', 0),
(95, 'KZ6zTnD8FEMre0T', 0),
(96, 'Yq1k0xvJ0Nee5AD', 0),
(97, '3vU9Ao1QIb0meLL', 0),
(98, 'PkQghEFE0jGqC5e', 0),
(99, 'lqUordkWMhsePyq', 0),
(100, 'tubo6JrRBDJ4tPVVKuiwlOpFOVPmxkqT', 0),
(101, 'pg0c36KZW0H52ExyZJGLThilK8Z9CuOx', 0),
(102, '6UCdzwX0YsTf6XB', 0),
(103, 'd5AHXT5g2L9XY7F', 0),
(104, 'OxAp8LD4TZvm8ZV', 0),
(105, 'bFuYsDjnoap2829', 0),
(106, 'D7pv8nfVQY2zrED', 0),
(107, '3FLVOtLg1j8mihN', 0),
(108, 'zwcWnBRB8RAK6ob', 0),
(109, 'r3kH3qTbbxQ7E29', 0),
(110, 'dpgEhdwqhmyr4nm', 0),
(111, 'FLxpAPjaT0AIGW6', 0),
(112, 'xZntBbotKIxgHGL', 0),
(113, 'gyIKvbrbFhDC4Jg', 0),
(114, 'DGXZPMt5HTycpJm', 0),
(115, 'JGeVIEd8CYvyJGO', 0),
(116, 'Gf3cyWzFIqDKOG8', 0),
(117, '2IxLMF4KJVWlYw6SlHaZ5DIsWIYvNtG0', 0),
(118, 'nSCGm6nATvONID1', 0),
(119, 'GGaflp9HPOGEfsv', 0),
(120, 'aMnz1A1qJwzXSMn', 0),
(121, 'JS400Ne8CdpFUNNw0DRuDXKqoRK9pFaw', 0),
(122, 'GlyYBgCkNrWsOJuGplntSZY6xXzRcy5Y', 0),
(123, 'gDHSvPKmWS9WH2w', 0),
(124, 'HZCKMU6Y1Jed39K', 0),
(125, 'vsBG8WgWGJnOjXY', 0),
(126, 'GH4dj87c4nlSNB4', 0),
(127, 'NdaUP3nlCV6qrQ3', 0),
(128, 'kA4FvOiag5oXgCW', 0),
(129, 'EuSgWde9NNl7W6H', 0),
(130, NULL, 129),
(131, 'oT4ckgyRccGz8qN', 0),
(132, 'hkMMHFzkczcEEwB', 0),
(133, '7WgazEVWtf8i83PZPyS7dNZMu5jyoWT9', 0),
(134, '6C7Ubcw7KjzvIWWfsQQFYnfY2LhoUoOZ', 0),
(135, 'CSHFRIiYPbGVRis2VIsi9ag55brdrNBY', 0),
(136, 'ZbfFo2YV8HIhxtWSlEDBAzDt71f0ErYA', 0),
(137, 'f8U06h6Cdi7K4Su', 0),
(138, 'nc76dP5XHRsAS0K', 0),
(139, '6AT6wfDiuIxp5YgHu536sy8tJOXFR68a', 0),
(140, 'iDwqmmK9wBf8hMY', 0),
(141, 'rhb50KgxC06EBPG', 0),
(142, 'NhWNfq2wuuGCTHf', 0),
(143, 'jvdoo8IDIndCeqp', 0),
(144, '7jBmOAyBvm6f8uL', 0),
(145, 'kcjbvuEnTDhBTF1', 0),
(146, 'DQrqYPNUXWxhxWa1OzjbPim6e3uOimp5', 0),
(147, 'nzWIdSVrOiFYmq6', 0),
(148, '5qBFrtsbN7EuYfL', 0),
(149, '0OnylOVGU8BBuvC', 0),
(150, 'VemV5i8ztz36KT0', 0),
(151, 'fl4itRoE7QTJojt', 0),
(152, 'puCHJUslsockA2x', 0),
(153, 'RXRAcOO9CC0Djbk', 0),
(154, 'ZWn7Q7qvJFZXpKz', 0),
(155, '2IoDJLGUIKPF0vI', 0),
(156, 'n3VOMl4OrwHztCGrs5bHVNGmYZMIOABG', 0),
(157, '8WPAp9BJPX42BLXEahiOsABra8uWdEgr', 0),
(158, 'fUZ1Nx2GJFN66VxLA3aED49CIhh5k4ay', 0),
(159, 'rzAJsNEdk4ZoqDx', 0),
(160, 'a4TfSgV4gKJPSEa0i0NTp1Fhi5YTFBOy', 0),
(161, 'uGB82ZZRwFA8ig6f22KKYSs5uzRayjqP', 0),
(162, 'T31mQMKBEQsf74B', 0),
(163, 'IVKQ2WgAkF6i94O', 0),
(164, 'b2Pokj0YMrU6XS16eOcsVX0FZCKjr0SD', 0),
(165, '1baibenI5zODlHuxETvKgMBW5II46njJ', 0),
(166, 'njIVQEcZU94scxEeb7ECv6771TBuDVz1', 0),
(167, 'AAp4ZswEbU8r4GhhVhXFzXxg4FvZmYMP', 0),
(168, 'i84D6Wds0l20Hl92M6VAxB2mokmW8YIF', 0),
(169, 'tBHypQiSLzRhLQK', 0),
(170, 'lQbnltEw7GkymRv', 0),
(171, '4oIdQhf7CFoUZrB2rsX9QLTv39dAQ2kn', 0),
(172, 'Gasftv4OGZkje25Kn4cKD4PgyCLXAdVO', 0),
(173, 'OGK0HCXeBP1a7qtcjg6LQXWHb8XilLP5', 0),
(174, 'DUo41YRCNCZrMZuYGiR2P3FZPAC3GHnz', 0),
(175, 'n9lkJ7oLrzjAHfqocb51paSjVodhUsSd', 0),
(176, 'z6oE45EPrbmD9XXKmH6TxXJEeaOlUwxE', 0),
(177, 'xnAhpxZ3vxhqUgokNwmOAjWNfLslfbxo', 0),
(178, 'mQt7RXsAvsOZ0yqpBaMeg6EJNFTt7Q54', 0),
(179, 'aNCwNTTO3HtUv7BrTSK0jWNwx2OXpaDv', 0),
(180, 'ClUQBNqxGt4xrmAyhS6C8MKdgsXayYfk', 0),
(181, 'boIyypfsK42UygRx81QKVs1lzIfuq9YG', 0),
(182, 'hUvaNYmrYNmrvZM', 0),
(183, 'sMn1q9IHD5PC8bb', 0),
(184, 'g4i7UxEbX7DkqEZ', 0),
(185, 'OgKPH3QdaOSPt2GwnFrAms8LApn7OsEh', 0),
(186, 'mRrfbPF7wjS4CzyISTqt4hUFxB4NLMav', 0),
(187, 'jvBwo0hM5syYvt2ZBSv94Md1EqaAf5Cr', 0),
(188, '35F3WX8LTOFB0HA', 0),
(189, 'Fde27j3oAcvEJ9jDXAPNy9Fz6C85V5FZ', 0),
(190, 'VZzB2yS0eGY8DVoGSfxBxSKvcu3WodkY', 0),
(191, '71f32oOKvV1GXdQphujVQQKs7p5ORpcK', 0),
(192, 'I2Z6GNLVss3NhV7s5eQ5lMs1PJfTLT78', 0),
(193, 'J8lQkuyoxwzab0IGHpyI6bv8VSjXm2Wn', 0),
(194, 'ivPhDB86CAq7zXiJWg6d0e4YybM4JxxS', 0),
(195, '9Jbr9wdeShAx79CvtLTVevcxG8QtYAkR', 0),
(196, '2USiMVhDSqqH4ewtkvZQpbA3RQVv3NDw', 0),
(197, 'pMptM195KAOhQAoCld6Cv4qfbTWHdTu4', 0),
(198, 'B23bSGc3TmmwtoCL5M0jlby7Z5quTdiT', 0),
(199, 'Qjj8UvHB0c9u9sY0CqodEK2TUiwZSWVB', 0),
(200, '8EPQxMOab5jwOOO3ZNmqVAJHU4nSykBN', 0),
(201, 'tJt19P98lbtzmmoXVhdmgpp1O56Jw4kY', 0),
(202, 'TJ2li12QuEvGttINH5yMm1RhLDE4rxn3', 0),
(203, 'dfxBoDfHeG0seN2jtci1FEfUfYo0c1Mg', 0),
(204, 'CzV8EmOvzQ4Sqc65HuvGQk72Sr9ShnN6', 0),
(205, 'HHywCG5LvADsiwyhqQ49jOtC1RGohaBy', 0),
(206, 'uGxpwm9ftacbt6Ymxk8ekG7uHTMtyeoN', 0),
(207, 'f9oPq64JqmdjLW2lPuobvoiKBIZ5VCPz', 0),
(208, 'idVRfW8RQfduZEzwwSnEnNX6tXSIB2WB', 0),
(209, 'ISA2b1qymuq8xMGTnvelvW56sXM1BeM6', 0),
(210, 'Q6pt9ptTzumJm9h7yTZ2GPDtoVfaaETN', 0),
(211, 'k6hd9UbHizn99FqziIfgtRqlWeTfA7yH', 0),
(212, 'J34FiOB79KNpssMKyc6p55PTjcPkQWb4', 0),
(213, 'ZU3LYu7KcxhTqG9HI6gEpWJEDphdmkzm', 0),
(214, 'VVjY8MrkwCzp1ykFsk9M4OFxk2Br1DkM', 0),
(215, 'cHp3vHRI4jTjRzqcLJq6QhaFLjz86omq', 0),
(216, '6wnmTb6YIkoRVZDNwXXyx1nVNLVlqTE2', 0),
(217, '7YfGN4nudBsDr97S5K9bmHYmB2Lend3G', 0),
(218, 'a54oPpbTTxv5qTuX6xS4bRe0yYFzS5Ar', 0),
(219, 'iTJ8tqcFCRV8YzYrcgc7VfDKjRYji8Jf', 0),
(220, 'EDeyXIU4yxsWLeeoQwMWgwXjysm7YLsp', 0),
(221, 'X3XHUkHdNJekqIZOaoekBY51cPaVqb3N', 0),
(222, 'AzzEqIXuLaz2BAp5AT9JMqG3MKf7BaGi', 0),
(223, '25Y8pPfTapjvu8EuflgXDG9ePWhZ2qxF', 0),
(224, 'rWQ0DcRa5h0mFwOaRYZuMPfkdyMfOSwv', 0),
(225, 'rvEt0dmG8JNzyYlGOlqG6tz9JHz3nnBA', 0),
(226, 'VLEzitBX8IM338LyMm0gBEua2bhfyCp2', 0),
(227, 'GT7RWqnCHQNE981xpVI4ZsyICFe8EuCT', 0),
(228, 'TjD5M4gpol897hmTHM7yjbjfudmcv4pc', 0),
(229, 'BwhCR2H0WlpBIMAUIij3d6ppz5uFFJAk', 0),
(230, 'bVI4v89KY8utGU9pTABpfMy8XXeJK3MG', 0),
(231, '9i4oaZVE99r1qgHSr6H1QZ2d3AgtI5v5', 0),
(232, 'Y7lfubylXSMb0zfkvlKrM3CCavgGgGBI', 0),
(233, 'CwH3rTEgrBNJgc60Y68uPgyxXt2LGvWL', 0),
(234, 'RqolCGsoWqgVYSAGjrfcsvXGd0QYcxOY', 0),
(235, 'dkLpo6U9Lbaq6rKiDFJuXz0lQoKghLbI', 0),
(236, 'LteUq09DpuoihUbxQ8B9K6NJfKsnfPuK', 0),
(237, 'gWdFrfl5VHpqvl0WWu5htyYGCDpVvbKh', 0),
(238, 'woK50j2ry7rgcHNZPX65Ib6dLylMGBWs', 0),
(239, '86teCFFvImxDDUt36yt4ACKTvwRFDu96', 0),
(240, 'obhJFZp2a4dETVeq7W0OnmZmle4nrwHV', 0),
(241, 'LCsB4O87exIyM7DLvtLErI58IWtPj1xF', 0),
(242, 'OsHtDepJbvYmc5puaRlhTE2GTDja5vei', 0),
(243, 'yGUcZRPY0oTyCOCDdUrzk59Jshwce2mO', 0),
(244, 'sqrcl586OhSQsZcqfyljf0s4oc6DtMCY', 0),
(245, '6d6RiPAfRfPKkqrvXr0w5uIqPkZas4ry', 0),
(246, 'cU281MCrpPEE5AJBG58fgdqQKKaXgjEf', 0),
(247, 'knTQK6BzrBPKDrBYjIJhIzktZeIHfXCi', 0),
(248, 'VeK4gmcBIdiRAmlt3CxoBNhxn7SMsFec', 0),
(249, 'XSs7W6ISH5tW3UUXl89mLVySaYtXHei5', 0),
(250, 'ma2dvqvWH4WKK8rQdlHhMeWio7ZXZi5d', 0),
(251, 'eYogD7ihI1t37luA0dLTRPf4LHCM5lNj', 0),
(252, 'RQOnSQ5iSsM1Lv6G3HlrhSvKwDtQOz4u', 0),
(253, 'tFkFto6D8JRWPXqxzYORofLBzHBZOU9x', 0),
(254, 'udj194fYG3U9GImUUcvTi60viRnUkfb8', 0),
(255, 'S5sZkGes0ASo0AWnzORYYsASmtbq4bDn', 0),
(256, 'ioPpSseeEAY4bzIxu49GPlrqXVF2zAJI', 0),
(257, '5QyFgyVdgTR2DE9hzOXa1U6uJn4Du4qy', 0),
(258, 'JCUkS3fqYq3zpvL1SA47tvE4SM6vMbJQ', 0),
(259, 'bmP4lOoTx7RODiEXNwjH8P6NlgVRlokk', 0),
(260, 'HS5Hj72KH69F50gpo1gcWCfZ6YQXHNp0', 0),
(261, 'w0GCNcjIrKghFcVGodbYE4qPKdX2PFgv', 0),
(262, 'anxvTc0s9ZnSaCuHqtxuGr2MBYInWn5i', 0),
(263, 'YO5UAzkJYk4nJabHyIpjVFcTEzPxE3C9', 0),
(264, '7r3RroNC79Tx1PLVW2hziwToVcFH2CEB', 0),
(265, 'mhPogCtR9ZDlbeb8VGWIReMoi37l1cui', 0),
(266, 'qkw1phrsHJ21eFAOsvYGw3hbKoMrKusa', 0),
(267, 'o0C4Rc2tTsE9ISuJHpkK0zB06LW8B02y', 0),
(268, 'sygr69odPnyBjW1xyMmoATI2K2SoGi89', 0),
(269, 'LrRAfY4tLnRiLICXKVdK0CCZcp0dyHJ5', 0),
(270, '6nm350wDCYpkXzIDXpDXHK7BKb4lYYGi', 0),
(271, '4ew0CGBWB50neiQn6gunGF4v17BQsBxq', 0),
(272, '8BobVT98HAUVvTIlcUyqxCPL3ulRN8QX', 0),
(273, 'ZhmnkFATVc6IfWz5xePC5pUeqDatsyEq', 0),
(274, 'Vb0BiNuUAXYUryTm9wT31GEActqDNyaY', 0),
(275, 'nF5wLJYBpI2RsajPKpRqORVlAWMcDp2O', 0),
(276, 'NiSzELau3nHysk2yiuTQ3qYDd6nzd3Rn', 0),
(277, '0jAayjzRkKVq6NV4CG14kQifyYRHU8QV', 0),
(278, '2nVv0heSH5qgG3K3kgHJLgHLip95qIUa', 0),
(279, 'AqK8f8GAtEA82IPhcu3Ny6RzCCcUPcwM', 0),
(280, 'PuKGPhUcYJfI5nojFsMQJ7mvs6pm0kP1', 0),
(281, '56sadUK4lpiMmLjphvi5OyDjiSQN13SP', 0),
(282, 'jeAytk6kmJeZdHdf2NSiKUWEnXTO5nTu', 0),
(283, 'S79VaIwmv1YezarMqZ59glSnkg4I3Btf', 0),
(284, 'APYy0Bzei47sqXIB2yzJ7vIjOtySAq9y', 0),
(285, 'AUIfOhhdHsE46JgQGWUYOI6EnD8Ntf8z', 0),
(286, 'VtYBCiu07LuxVMaLsaDNsbKBTZgfSIuu', 0),
(287, '6JWz04bvXE6WF8PMXS2L9CYCZaJlMzVZ', 0),
(288, 'QPiRiHntdmwr941HzJfpTA4s4yQCaTwm', 0),
(289, 'jvXJPfVSdjS5Su5XAs3ICnX3a7TB7bjZ', 0),
(290, 'TuLA9DfZfy4zHw1DAcM1MeN5aIJuoW6T', 0),
(291, 'lxkCDn0KEn1QXpVPIXuhZc76AyQTunSV', 0),
(292, 'jySQTcwVY84KqSdtEGQcPiyOx8iMNnDU', 0),
(293, '2ObHLmU8DUFqtdwWRH30qnlgzsMKZyN5', 0),
(294, 'O7dKK3ZMhUiSRUwcfwwbeLECbeRy48Le', 130),
(295, '6DeM9D9LTWhMnAIGgwrF9nQkLJRihtuS', 130),
(296, '5T7eEdPza4d2YP8QxOzQvLEfLe3OvdH3', 0),
(297, 'SpaQrDmELk69Mxn3tD9q3CGwrHioBSGb', 0),
(298, 'mt71jEW4rfNmVn1HjbGNSxaMRgPVx5q3', 0),
(299, 'LUSS7ko2SitLRpNqdGEIiLVTP5SwHXXN', 0),
(300, '8TtgQ5KqyExHCYF7VDDpdhnYbrZHrQxl', 0),
(301, 'WN9U0eN5X7HM5nX517Yt5Yfzd8yNijIC', 0),
(302, 'GqpfIGYnbB4wifN', 0),
(303, 'M5OChcqEAEuZ7Fj', 0),
(304, 'irOUwLpHt5qvSnnHsblG6zggn4cNl7wX', 0),
(305, 'm2pF10Lde54UlnC9Ewu6JmT2UN7wQAKp', 0),
(306, '4WviUqysJaVqp0IGu6GUb9U5XBLNUXFx', 0),
(307, 'fTbS4Ay2aviUuhKOPDidK5TEyuQSv4eD', 0),
(308, 'ZmIJggCdb39IhPnGjyUEibPbWPVKQ4Eu', 0),
(309, '29XgKiZJEtESR2XNI99zVvGa3Hyraoa1', 0),
(310, 'f1bf1lvLT7DFwakUMfgxE8UYbCM6NLzs', 0),
(311, 'HiAOFFnrwF3ypcLxMUjV2nLdefuoD5uW', 0),
(312, 'Fpp0gpuG3rlQCOrRHPvdRv0SCZGsD3L8', 0),
(313, 'm97bLBmXx9yPLC4W7HJvUQCFs0yvL3WP', 0),
(314, 'yLvMzII2F1MaG6JSoOe3mgIhC2AXSRul', 0),
(315, 'ACHcf3cVEuTkJLCyV83Ni3vlMHkSitS9', 0),
(316, 'ee97BjtQ7Hej7dcIvgkinTbjckej7TtI', 0),
(317, '2lZBM3MPrGATGQ5tKMaR9I3Xkqm6r4MH', 0),
(318, 'S1yCd30s4kzZ7Tic7tAIciWVY71bXMak', 0),
(319, 'mm3sBAUsOQyn7w6Dm4ioWzDkAwH0758D', 0),
(320, 'EVwLWPz9ydB7gl0eetSkqybPpFJYha0J', 0),
(321, '5TJcEsowyV7o24mIZaR8nmMWtGRXJdcF', 0),
(322, '9cHES4do7xaUTFiSWC4LN9CiyixllNHz', 0),
(323, 'xudYfWezfvFchw5ahbuTjOLXoToT8vp5', 0),
(324, '6WDVJijAHXGMn7wVWgbDU4YjSvtTOyRv', 0),
(325, 'g7eCA2Z0S0oFl8Fb0zxO25uFks2au7Nj', 0),
(326, 'bhUfLa9gbNpvGXgcExCt8r3T3Cf6QMYg', 0),
(327, '0xlkP1ltNAyZs4xm3ZL8nCEmgYHbYQTH', 0),
(328, '8ONqfuAP4sgc3autoBIGOhQpog3qns8z', 0),
(329, 'rDw2JTV4glXfBkirRuWPEHvIbVhfn8Ts', 0),
(330, 'OslQ084HGGFtOOWy6XKX1UgkIAalbZct', 0),
(331, 'HX1rDcWHIURyAmYyWFUFlcJVFz9mcULu', 0),
(332, 'wwFP2s9mlwpIkHjbat4tJumtSON9g4RU', 0),
(333, 'd35TlgMgXxZqKHzrGdgn2q9OLn8LwYjy', 0),
(334, 'kCWLAizre4HUxrB561DhJmqM2anGQxPf', 0),
(335, 'FUugTUdQhGDbTeqBSVorrfdb4V9eRl2M', 0),
(336, 'qWSmOqktTCDqBzCO3T9zEy17c75bwtAf', 0),
(337, 'm9LLoQn5hFKwOJzwNi58DzUZBhWlf11y', 0),
(338, 'USj16wSdbXlaWoP7eFLgr7WjkaHijXEL', 0),
(339, 'leNxSVhEFNMOyz874ACzuG8LW6iHMncP', 0),
(340, '8mBvI8gvU7LOieKmsE1rEtP49Cvx8XJ1', 0),
(341, 'JcxSfvSSIu1IWkamkAcoxm699Y1vDlTi', 0),
(342, 'xqR3qymZWxXenzvOXa5ZUh8jIiqU6fhg', 0),
(343, 'KdzDJgOXXRtYImcjudEezQveS7JWm7MC', 0),
(344, '7ccHVTnVdgpeLTWcmxO32knLS8ABVA8s', 0),
(345, 'psPeFoEGknMyQPTftH30tIIqQ0aRECVt', 0),
(346, 'dOmzxRchvDmfsxVGvbbMMCmNo8MtG0oW', 0),
(347, 'rlmGvG8xa6jCNuTkJS51rY6NiHqj5QYd', 0),
(348, 'ThDqS3rYjT3eIoGUBxqBWjgeb0D3TEZ8', 0),
(349, 'VIZduMuhQcNDT6Hc3gla3N0WtEjB9f0F', 0),
(350, 'fjEmWBrgF4zp0MTVfNLvB0CjFafUa2fA', 0),
(351, 'PEDdjLymMRpfnJzsRYH9T0kOpqfXzBhl', 0),
(352, 'vLfQnYZfsz7CTpzqMCuSDAcQ9Amnh9oC', 0),
(353, 'G0IvuKUyo6eqmqC4nlbtDD8hA51x40kR', 0),
(354, 'Rh1Y1mpuaqo7ieA3q6fE5ASB3UESqisj', 0),
(355, '02NbGg89HlwEK0QqsDCme54ekpe5gt28', 0),
(356, 'MnzpIJkRqPIElHrOsC4LBDswu19cqLsh', 0),
(357, 'QHEdCcvS4gQW1W9h1wa314yGnGX6JPGD', 0),
(358, '5wTAqDoxiYYsYd1x7itbUNd66kOoTGfC', 0),
(359, 'OwA1GRG7kBekwEcE8b4MIBtYvSXk2hzD', 0),
(360, '4ou2AsroWx0dnv8sOQlrNwBkG3MjK6QN', 0),
(361, '9UXpsYN0nNSqwP1vyaI0qDQ9jCVQC1nK', 0),
(362, '4Avu7PvzjSQ2Quv1tlB19n1KXKXKoKrg', 0),
(363, 'CDMH7e0qCbAISVBbUC6WkprruqW6qIG6', 0),
(364, 'SwE9KuHSbkfLvtNRRe9ulIlqda9P0cLS', 0),
(365, 'n1g7eq0ullnEDFRqaRwyRLNAlpXVW5sB', 0),
(366, '0yQkcGlYTUs9y5bECYyic8cX4Gh21ZKJ', 0),
(367, 'cYICMlW8keKQEZ7XtQYQUul5tVpwD4mB', 0),
(368, 'E7PHPHThkatMwJ7B1ZvzRLKDmyO9ooY5', 0),
(369, 'pFMX2RESOyQ0d6ZZG3uOESO1uN24Xlzv', 0),
(370, 'owF1goCUIyvFCxQpTzOdM2oNxGB90czU', 0),
(371, 'fhIgVfPAI2Lv2rSo81WAsOkmuVvRiNrd', 0),
(372, '9bYzldt1kycXc3LS4OaDVmBt5f2quLqa', 0),
(373, '1b7todTxft7M9yeq2hB9poU8VmFl3oXw', 0),
(374, 'bKhuwMDq7gKGWaJ6xA9eoyfOO74Uj3NM', 0),
(375, 'eZN5L4BRgUK7MR9W5nMiGcjHMhKwPZRO', 0),
(376, 'YEy5qjN2u3R6HjL1byK2MXFpr0WLNhcu', 0),
(377, 'VIQN0o6MNkVKHB6mZ2cBOrKEP3VeOjfY', 0),
(378, 'adeB2wrEH5N3h1x4OoEEYuoVUHwQkvBE', 0),
(379, 'o1paZVi1uIJfCAzZnoPC1LMZkO1YYE4N', 0),
(380, '5G6tsOtiwHS7SKaJPRxdTjRhl66D3BNI', 0),
(381, 'dCn7gjGchJmeJpOpdfecHm9suHGdbNe4', 0),
(382, 'uMhuffdZPcEkNaPjFCKWXFiVdmO4NDH6', 0),
(383, 'p0wzLu623AF8irIWaY83BV2ZlOUXIO1J', 0),
(384, 'aUk4vGv5akBIx3kGmjCnxYNykpB5xDM6', 0),
(385, 'U4GM0Lw1WdddOmwFtSdEaSX6h47binJr', 0),
(386, 'k9JS0c5UfUzAoS4TDn84i0G5ra6Mfpf7', 0),
(387, 'MQOfktupJsnBMZsO2uVXYfYRJZifYT3M', 0),
(388, '6rwSnQVMYVs78769NkDhG0RuaWFoxfCQ', 0),
(389, 'z0WY0e6DfaO0M1HUaTLgdnI3gERn6xdQ', 0),
(390, 'hxBejJb0Dwdw34n3o2I7WzIVPhOZyJ8R', 0),
(391, 'yCsEdFCMTkJarDaRp2NH2URM6mzisxEI', 0),
(392, 'fk8UpgjAJfn3NeABnNWsBOIXkQlT40nH', 0),
(393, 'QyzojCvMpQhLUQdkIQy5nmrNbBiAX6I1', 0),
(394, 'ejF6sXgoGEPTX2SYKH6mAIK0wSkwHX7U', 0),
(395, 'wmA1biik0Cm7YvoZXoxTecxoyqwoNqdK', 0),
(396, 'foOg49vmmlQmTyWIzF4LZtcCGGoKJwZi', 0),
(397, 'uZkoNqYRaEb0LoFPXgnoD2LZkGtb75Vv', 0),
(398, 'Ivres1VvtwUIAqoep6UoDkAsCOcXN3jj', 0),
(399, 'PG67Abxz1NYtldt5dUqHyJHSiv2XS60T', 0),
(400, 'ywbwajg9Sr8JJdh1l4yY8tFcCdJnDrcI', 0),
(401, 'pQGdXvWV3BAUCFglmprCbzgKZCM2YZYP', 0),
(402, 'rbrJ9LMkXnQpzX9afuVmnqHJmZPHm9Il', 0),
(403, 'lRng9oxFJvKhvwYKfN0UPB2jOAjBUmh2', 0),
(404, 'OA2iA5udS9fxi9Uuhod65VAOzRxTS2aM', 0),
(405, 'q5ZLunylgZCUTWvqX2DJvUnM60YY35c4', 0),
(406, 's9knYvf5osjgWmQ7HXR5hJ5LvGY5OYXv', 0),
(407, 'W6ji3yCuVPoekv9FdCxpZjv0cZ2dqVkE', 0),
(408, 'ENgerrH4q6396rWRlZjLoW6edoTvSzNl', 0),
(409, 'UhoYoW1kP2EJBpJ1lkC9GQeRk8lnuHGu', 0),
(410, 'ykSPLY0aDtE6PhetFA4k9eGfEWydR4qj', 0),
(411, 'JRSa1bsenIfK1LWP73hzG8K3HaYNnyzm', 0),
(412, 'W7A0tWjjz4PsGnSv91yZoLboiHHsbDXe', 0),
(413, 'voYH5Z7x3Fe5pOoWmiN3IPOBkztocAwO', 0),
(414, '81l8TyyKar94vgqIhfHH8auVSIapdbhO', 0),
(415, 'eI2uhTEp9kP9rT3YxUZ1uP3RpO7uFfjH', 0),
(416, 'OIeL1qTXDZj569b1H9VlaRnIiTG57cKT', 0),
(417, 'f5VtmkYmHtjpSblGwccrmhkNoaZyyWed', 0),
(418, '5tfv8Rr8i9mSdk9CBweMWxu7hEh1ilS9', 0),
(419, '8R6pLGPAIrEIx9csDvDpHILwMK02ShaA', 0),
(420, 'u0sacqH6m8cnT8HGLXo2QzolOTlHfc0C', 0),
(421, 'fnY3MzIG3T0vw3zMVtFwn60kgjZ8HjYG', 0),
(422, 'DfaaTFuh7kJg6vDoDfSJl6x4RcwAwfdQ', 0),
(423, '8Vl9kRrVdlNI94kf2G3t1No2SEhw7xDP', 0),
(424, 'DtJPqxk5fkQEN4sVBGXJzetNYeP1oGS9', 0),
(425, '4rimRc9ERU2D1jQVeD6VpnC2CbpWyaNH', 0),
(426, 'hTGHdBsphS0m2d6XUP5KIvGdG77vHtQq', 0),
(427, '4dO5d2eNkAMicXVHOrZ4Qcst8htnTvgY', 0),
(428, '0Wcv7zdCCdEl4hh64fhNn4nCeWO1Bq45', 0),
(429, 'mjOyKKRjz6rXbo04Tlx7L2rNcEnhAgTW', 0),
(430, 'W3x2eySzah90qVSCQQS28gmoCUo2a1Sr', 0),
(431, 'VyqkBjRUfInMcnufuaIP8cE9yeYoEVYb', 0),
(432, 'oSdsR8736ZvAJe4YG5E3S58oJuiacHvk', 0),
(433, 'u9BmVZwLoTnupa7ZxOz5Y4g4PGXaJYvf', 0),
(434, 'mn0701bm1PHfpZUsWKx4MxEuwTa6duo5', 0),
(435, 'slothj5ECyqzhrwLvJohz9qtLYDozyoU', 0),
(436, 'UglFgvyxML2B0VJIICXSefQHFnW76f2C', 0),
(437, 'u15IhxZZHTBwKSejvioBTgcVOQNHOQsx', 0),
(438, 'DwSDSdM2dzRZBB8UnougKZVGFiPpJx35', 0),
(439, 'zeLd8aHj4S1TnVbG4nWY9Jqc7If1btcO', 0),
(440, 'CRMwmp1RCPPhxtqQn77CJSnlkNRa7X94', 0),
(441, 'fxipP3YXmZeu3WgvFaYT2YJD4d54Fn4I', 0),
(442, 'fPDwjt4ODc6Z41pHTaVuLszoMaYISiug', 0),
(443, '5kF3oGKefcGqKkAwoq3O8qqvkiYoFI02', 0),
(444, 'LBQJKWkStmUp0Hz9pMtpUmi9I9ljbVV9', 0),
(445, 'mKv0JeUdaBL6CszFzSwQdwm6H2yPg8Qd', 0),
(446, 'SdjmNDjDtmdD0Bb7kdRndnHaQgnqjvxb', 0),
(447, 'pp3GwpstxI8O4vedVfOw8WUqlz0nyrd7', 0),
(448, 'zh2QlCH2oMhdplhhqs5C6bwVrlw2V5ww', 0),
(449, 'PEvoywrxMS4RYrEhBAj21QQtcOvyxXni', 0),
(450, '6ZnoDN3A0vgbL9oG2jaZw5be0XceHIX8', 0),
(451, 'Pl7YnjHreR6h239uyomrAyKO5yj3LO55', 0),
(452, 'vV0o400tzVhEIdG0VT5NsZcWFFXd9ZEP', 0),
(453, 'BRvnRNcAdHLT4d0xGEvvwdeDiuORAPhZ', 0),
(454, 'V0Y99Tc20RvXw1BvF5CGb58PUqz4wIBW', 0),
(455, 'eh5fcXWriqGOUC6g9whFstMDNsChxeQY', 0),
(456, 'xMhA8Mb9puMjo4KEkpIrt76nwz28tB73', 0),
(457, 'ogalCzcdpdgGQ2cYnANwdFb972Z09S08', 0),
(458, 'OZ8Rq3WRNb3hcYkR0uAycKvwQTDeC4Ti', 0),
(459, 'ScuNl7tdYqN6rt0i65S9CBJsTlAPZb6F', 0),
(460, 'Ri1bqYI6DFiUIsfK7qZDb7c3TwgnKuX7', 0),
(461, 'ESpRf3bU0VwCIJUYbiaIhbc69SVwtcQo', 0),
(462, 'CR4WBVlOvMbmtBHKdTqJiB8NfGyRsCyg', 0),
(463, 'mkBZ7dU12Izz91yiXkpZ51dFsrOD4gTg', 0),
(464, 'rp8qB6DRuCoiJw7swqeeyscMEsGv0wye', 0),
(465, 'LfmlhdRG2bJWCIrYHEbGyti0WjcRQLkS', 0),
(466, 'L8OlioKDeURGk15rGvu5327IVoyUYLmW', 0),
(467, 'QBK2Pjr4775QcJmnlmTU7TIO6cmIce6l', 0),
(468, 'hfSxIBKgOh4HWg9V406Qs0NrjUAdziZJ', 0),
(469, 'YD0vWHhwqCLqbxEKRbZFfsOnxSnS9Efw', 0),
(470, 'Ehn6bupp0nkjXfkR2XOXuLpk8qAsmPEC', 0),
(471, 'vZAJOu5hj2WOaje2GEM9wp0YZQMbOyap', 0),
(472, 'JwvIVaENGbu276BwI7UyBSqeU47k732w', 0),
(473, 'R11pdcxe7JCkvlR65LdjyMf7PrcyH8R3', 0),
(474, 'VPQnUib7RtiUbZ4iAVRVATUDA8crudfO', 0),
(475, 'QGzP64snjvr00CgpyrWjo5qA5T4TFolR', 0),
(476, '2zbbvOBNfDv21fINnkptRlvUg74a6TaN', 0),
(477, 'VW0iQxtvEDQ08KH3c8Ijud48RRgt24SB', 0),
(478, 'nPp4cA4mzzzEQPBvM9QoN6sWYJDOvFBP', 0),
(479, 'U7QPbqqhKMNEO7VQePP0qI7xIeHu1KeF', 0),
(480, 'T2i0HcdMOPB8Cua5nueCVoRRyET0etqH', 0),
(481, 'nWUDHnZwtDwT6gMmILbPdFnqNFlqVwHc', 0),
(482, 'uSGEsEuVdnxj5D5VKLzi8AOzjsXlkZeE', 0),
(483, 'wK7ssMmRJASOdyZDufaDa90WUuZtd8g2', 0),
(484, '1IG7fa6bAywaNJgFs8iNTkzvEF2w43Rb', 0),
(485, 'ts8ATbcAl55ZEjhHTLuSiJwllBkJoqSK', 0),
(486, '44UyPzS6O2LPNB2p8A4rDUZ0DuI9SNUY', 0),
(487, 'uhdvLjl4nfBu5hRVXxjYal9Uyq5As6h6', 0),
(488, 'zqwuDlaKCy1bMdNTsQpsbAcW62bkvOeJ', 0),
(489, 'nTvvL8dGT7FCRNxzB1O2M6o8C3iLu4k0', 0),
(490, 'R3JcKBdk7Z3DqLH5WvyCM7EGMBca1fg6', 0),
(491, 'mMSHABQsALpLhXhyY27xoMaJAKOBRva2', 0),
(492, '4oDi6BKjZ1EOFn6w5rsbLPJPP4DKLAAx', 0),
(493, 'L6AIJsRdC81YT9cJ5kF1VukkP7xPAIYb', 0),
(494, 'eTSSw37FhYTaEnvGAo3jdtu6IJgub0WC', 0),
(495, 'BqA4PQXygJH8bGspnBd63XDJmgnGdvuG', 0),
(496, 'D8qcyy7ugZIQtsDGB3wqrIXkbPKNlcO5', 0),
(497, 'iqMAVbefhhibrXZx2ICA6LgEFTZnjMTm', 0),
(498, 'YQpqs8kjVQybKMxEPGcvuD2Vrye1qHb2', 0),
(499, 'xGQRpXqCiZ8FypwUBJPdzfsaaTiZld4g', 0),
(500, 'otsn002ttdmB0fiXUcaawSG8A1Uovxzc', 0),
(501, 'Llx0JITOFB1kUsrcmUHtnsV9USkG6P1n', 0),
(502, 'PJIcAIqFQQoMBWHRDcv8QYgCkMWzF7jH', 0),
(503, 'tV9GkamZXJJTVNa7WJwbk7SdKOioMDJg', 0),
(504, 'QYYgTyLmKQHSACt0ROgv6SJok5r6hCsY', 0),
(505, '5TXt54AIGmdyDbeSgUGfEh7u04R9MDsO', 0),
(506, '3JOxOtJ78O7bSbMGt33thTqjG1VOjLb9', 0),
(507, 'mxKhf54WBPwbTOd0PEOym6Pg1qfRyVSt', 0),
(508, 'EWcL3OZKQO9kr6vCIbR8T1I9IU5gJJo2', 0),
(509, 'p7S6DzMFBNGHZfdmBNW0b1d99YvcDo0m', 0),
(510, 'W8wuwygv5R5U2aSDcZM3ZT8uv7t3ocqV', 0),
(511, 'XW0hhfVPJnzZrlohQcBT17qwFjkVgM2L', 0),
(512, 'cvzPxy3PbW6dBMa935MLOwmgRrhH1Ks0', 0),
(513, 'uCMYEAeLv5EANBuRoU8tGUUhxX6h9Pl3', 0),
(514, 'JKVsnIzg3LnoBawPlTVKAdgBo3yr0QX6', 0),
(515, 'Nh7tO8iV7oZIpFc8JpHYNeJ10kPg2IjW', 0),
(516, '1fQAFFqd3NFEqonRo8IDLmZJYus9u4Yj', 0),
(517, 'u5AuXP2umvAg013wDk8I8L6XK4AIsHhQ', 0),
(518, 'MZNMk0MvINlNQBhgMpinYvoGsPL5ExLy', 0),
(519, 'cx2XQgImDKrr3mU9O97kVWVfRUW1At3l', 0),
(520, 'jXUG0QG8oSqz6fq4D1rH1dULsJxsadpw', 0),
(521, 'Q5L7mrnUfPIA9qg7l5AxUfm3sZF0OaFl', 0),
(522, '3bIIC88CMncVCXTADiGAlBvO0kSPUS0c', 0),
(523, '9zJIchyRvVqcz9MweTB4nP7mOCXInt9F', 0),
(524, 'SAM8zTXFhLeUgaPXazeoF6xiupRre1ff', 0),
(525, 'uaIvbdvLuLWMo5MMCzqyXQtgLBQEIyho', 0),
(526, 'EQ4odpmNGXXKaQXp8fc9ZkthHq1SAmxl', 0),
(527, 'gReqN4DUf52GMmTGrOjZq0kXarh01uVZ', 0),
(528, 'PhLCX3DdfUoRQeAQ91nhTgcNqTfGMvu5', 0),
(529, 'uIH0YOGsqKTOo1ikYGgi7PcFn3EgtNSd', 0),
(530, '3Y8VrJyyAWbzpl5qkGqUPl1cDD0rmqXx', 0),
(531, 'jOaaQlUxydM2jwvjC6fN58sZuwnAbvb2', 0),
(532, 'Ci23inJnaksr0mqM2rsXttuiKIZVTIhx', 0),
(533, 'mOWyl1sBtMQuRZmn5jX2tQKV8t7wguTs', 0),
(534, 'mIvUxbTI2QcgIowQ6SV2aPGLhK7cjPFI', 0),
(535, 'A86tgKDwqFZVLeW3bkr7HHdTzuTGc99l', 0),
(536, 'Gr1PY3K5uLyOFdOfJJNu8IJYUZpuQi6e', 0),
(537, 'QwCEDbne1v2xzezpJ0LMfR54bxLk5iW7', 0),
(538, 'yKBsY31VoYFRHbm1NRtH6V9liSxPFI73', 0),
(539, 'in9pbsgWXEGSvq91UooGj6zA0bqNMwXu', 0),
(540, 'TWYhniwg66WnwrLDBG4V7qEm1rXp4Tes', 0),
(541, 'vmfPE0O7zoP6oqYpZ3pJP4Sukaue0Jfe', 0),
(542, '93CbFSVYDwiHeFwPmtBy4eeppFZMAi7H', 0),
(543, 'pSDGY4esMdp5tV42pWafcnbwQW5tSeoX', 0),
(544, 'J56qCGaoe1ObY2O9gEgE3MEbOpSsQTA3', 0),
(545, 'b3tabAlyzHptS5wnnhJMZfidDjUHY1Ht', 0),
(546, 'tMsPvYcR0941A9mGcXnY32V1MHLXNlUq', 0),
(547, 'tteQOlCHCXjWYUU6H9SE3qKQfIkEKWgt', 0),
(548, 'mbqrTIx6VM2cYD4LlmJrokjW2UtMAGVa', 0),
(549, 'vgQ5LyeJjN9vFSX8donhdDZQR8AZXnLV', 0),
(550, 'ZxsbmyYhgMQmGgGg4xt3amTA6Q0901pD', 0),
(551, 'fJWPaJa7CZ9wzNmqFo98GIQdkh178Mph', 0),
(552, '8xBSANhjBJg8AGPhI6g6KGh9caeedUG1', 0),
(553, 'Yq5JQkO9QTIPrN5rSKKk9rfw7xd1IUP6', 0),
(554, 'Mr5JkKyBaQN58MTgeY3e08lCwWUCMhSa', 0),
(555, 'erqzoUJdFtA1Apu9HA6ABYzC8taBlmou', 0),
(556, 'cchsPAQEkhTZonGpxQpw1Ys3Ctt0ieqi', 0),
(557, 'Aufr5i2LzSsOTqVoaKjPboVfVbssOhyC', 0),
(558, 'vSCKUyXArzUkzK715zRhwbzWpIGKJesd', 0),
(559, 'djkxgN9W39ooehLldf2wSqndDa96rOkj', 0),
(560, 'WW22TnA9sjpN75Jmja28N5ISEPBd3Voy', 0),
(561, '5vQzjwRlavRneouOAskOuWxaPGA7U1W0', 0),
(562, 'u4C1uLTGuC3fmyK1dwWgm2pUFz1EHTfW', 0),
(563, 'yZMd0i8aKitWsZfDM82eawliaZk5UzpH', 0),
(564, 'TA1zoivUnU5smDkbaSPg49JJXee0Vj3a', 0),
(565, 'bdRUVDniTgDwi7MBsQO4WtMLQWJ2rnbA', 0),
(566, 'glI4w3435NkS3YTlWwJn6vPdnTIuNC8q', 0),
(567, '5BmWggXsfupNs9RV1LOnR3AeZTwgrFHG', 0),
(568, 'KmT32k44oD6wsJk3X6QTJ897Tm7qHlyI', 0),
(569, 'EK4vF1bqdA6abYZt78aiRfcr1x7xSMEe', 0),
(570, 'wiBJCD6vq8Pm2qs05x8Nb2wRWtty1hLz', 0),
(571, 'mZK9LgWFCEKASEAb9C5EkpSOoPCPaIMd', 0),
(572, '5Ic5xZyVk1TMb6Q7bDnyiRcupqevJwp1', 0),
(573, 'wOz9yaUJsrq27i0VqgDpGzlhDzkW7mli', 0),
(574, 'KAuqTMVlWenk44hmqCaLMajnzfsGfOkJ', 0),
(575, '0QDzpeVzIUWe8TJB8l5HLSutySbXV4Qf', 0),
(576, 'zMkFhUJrfYvOsZwQ3bLS3glQvXynkbCa', 0),
(577, 'STFHg8MJdraHwoncltBBmZfV7J5SEmDs', 0),
(578, 'gaAJGiNquaVFSPVTgbVxO1pHlgsuVKav', 0),
(579, 'MuoFQyQtcM0bTHVTBVicazQQ7wW7KpHU', 0),
(580, 'OKYqe2QJMjUOYcenKf3l8hzVsPaRrJod', 0),
(581, 'eP4vCX1eyiYk4ZOI3ZbJJWjE277ssJy4', 0),
(582, 'u0tcu1kesRd9JAG4Q74fxbPf7yfzZNKA', 0),
(583, '2vE79EvwcWml2hGmAJN6S9DrUP41lMP8', 0),
(584, '0aoq0zDJsVBVNKPIqCGFrkckDCuc22Xt', 0),
(585, 'DVM5hX6z0xaftXnZ5slM2q1gxTUFkFO3', 0),
(586, 'UGeasD1S0UBNoAKSmhwEEX3qWv8fcGZp', 0),
(587, 'p7cI8cMFOpLVHGsJOPLL7ltqgtY4osg9', 0),
(588, '5IaxNqJ4tbHq9fmzv53KUWHPdEYZzFsF', 0),
(589, 'yOrsVIh2Vt6X8fBkNuGCGTLPnhlIgakO', 0),
(590, 'AouDI7D8rOnvCqFY4ojV57fb9QSqVNtK', 0),
(591, 'hsatMNv0cmwbnJspxiH9eB22AgkLqy6a', 0),
(592, 'EwqycCcar0RC7D3NjTLWrcAs4U7kZ4th', 0),
(593, 'hPhgyhdHBoi1dcEZcUWJoEnEQu4uH2At', 0),
(594, 'Yx5oX3Nd7k1HPUlPbzxQakhVjYxTVAsp', 0),
(595, '68GO59aMdeV9yFVOfaQX64dIlFoQiY2D', 0),
(596, 'Q800biCj6durprvJqYXp0cnWDtl75drP', 0),
(597, 'BkNxODu8xTWxn1ncCDYm2Laxgvtk8qw4', 0),
(598, 'QHWRlIDDfCvY0RqjzPyEjJqfGGb2N2ec', 0),
(599, 'WFUby5QTZbBAQvQ3uQMipKGCfONJ8r7A', 0),
(600, 'rTJD6ROo3qXLhw3wRVbm10VxAneZ0E6X', 0),
(601, '9pl7bloTm73XLPuW3tQrzRVodIoeWFHO', 0),
(602, 'i3CkIFy81pgrKC41wvDFyJZdXYJeSqt8', 0),
(603, 'pZl8LZ16ZQYSc0foaOQvie7SveVaUFFm', 0),
(604, 'YME5qx8USHFxUG4VZuS8vd3r4GViq6JG', 0),
(605, 'FbGL85sWht2iKJYmiCuHYJWJxVL211K7', 0),
(606, '9BR8p88T907eAmv3gd5obAPVOSxXnovN', 0),
(607, 'ieMIUYId9Wj2lykE27iY3mYezs0BKD94', 0),
(608, 'D5zaZ20f8CHRB1GwuhCH9n4ddCpUsuok', 0),
(609, 'PhPkxJZKzfjh0pkQm3KUYCPIh7IFLyox', 0),
(610, 'QVF4QJVI75Cm8TShksLkncdv9cgEmmnc', 0),
(611, 'm2I25WaGdzJjrPoVUGpXgfH1MzLMtE6z', 0),
(612, 'pyo7nCxCDLrT0vkEAUT3kfHRd74TdDQ2', 0),
(613, 'DZEInpTmcNOxU3iUniSCk1zF4XhNvF0g', 0),
(614, '0F8PDQfsvuKKiox0M9ZOtqsxw6dEYk9u', 0),
(615, 'MNmGCUJP5IwSBKz5pcZ3fdDtUGIlslVB', 0),
(616, 'toRyy2vbJUEDiX6TpeCk3d23RnRbhiJh', 0),
(617, 'IJUVUH8xDJMEn5RbJX8sKFUNhvpm8umJ', 0),
(618, 'YN25rBLZfjLfuBzkC0iwUTgMuVGh4HSd', 0),
(619, 'wBth4hyl8y67yvm3kgsWb00p4ni5UssF', 0),
(620, 'iSdUaZaNrp7nDSlwCfcs9RDwLZQd4tyb', 0),
(621, 'QOidXZ3IaCLGyEDDYVBWybOqsbF5dxm7', 0),
(622, 'GbDcr4v1wCEvdIHO29crH9feOp6MjwNy', 0),
(623, 'tOrzF0GOf5XdHman2G7JB6h8iVxxMDR5', 0),
(624, 'ORpwyLjDrNmL47NiA4rH290LozCtG3a4', 0),
(625, 'VC03EMmyoGSAxdl7kEeSlcbpXaaLqgju', 0),
(626, 'v8eHi73kwfwgZ6EOT8STaF9DzMRwfziY', 0),
(627, 'AO5vI7P9EP9EROKklf5LdF6GOr1xH9pD', 0),
(628, 'r898WZW74fdkhwrg070Gi68Z941R3S9L', 0),
(629, '82ifRbWVGwxW1cEANAUkHKQvi8OfjD7t', 0),
(630, 'Gz1fwAJ168qNFtzCWowVgGq8wIcrB0IX', 0),
(631, 'mbfteqt0fL7Mm7tQv9soxId4Koe8m6nm', 0),
(632, 'PNHVkDHlOxfnmCElnBHw2CsEfNIHKLPn', 0),
(633, 'RvRiOs4Qgok4AqBzMuflXnmPekq1eSAq', 0),
(634, '3VmWh0HLHKVKnj5FDfoSie21E2u4jyRe', 0),
(635, 'jNVwzN3N5A4bX1d4pPAyTtIuQVDWuNIM', 0),
(636, 'NtqtxS5ZBIXCJ3bNe4sJQBpXdnPTWesX', 0),
(637, 'ct2sYWikrU5V8cKUYadZGrAPZpp3WR3c', 0),
(638, '0P0PNe8srUkXCGUk133Bht0krXroMk8l', 0),
(639, 'n6gFV9inhJmiaiR3UsJLcTpv3RdxhGdh', 0),
(640, 'vIi1rV6V2SCx2q0sm0H1zye7tsvxZzDv', 0),
(641, 'tlCQFAgM0w7YRpzo2yjFqTRaUUvRPZPn', 0),
(642, 'NUUn3Yx7qUSyGqfMBzKPF3OSKhcrMp0O', 0),
(643, 'xFnXOJbq9NatJwiQtTWAdFJMtYGQZvNK', 0),
(644, 'rmkG6ybKCc2PSjGAoxvs9ZuJuzHb6iHX', 0),
(645, 'sYPrTbwmLv7st9NXVaeK0nhbYY8CPsg0', 0),
(646, 'fPhgnR8C29qnIQ0sJSqvwnCBwH7VvraZ', 0),
(647, 'lomM9itVqkVCT08pQHJq7nkv13L0VupF', 0),
(648, 'g0eyVOi3FQ1U4EB1W1daeb4ci7Gc9b1x', 0),
(649, 'g1bR3nKLjo5XMCWMUoqGA91y6BzgTbK3', 0),
(650, '7GUwbZRzrr3KqalGcfamXnayQJr5vzAC', 0),
(651, '6Lk8hnpQo2q6hgqjQfrVJEg1HtkeEGJ5', 0),
(652, 'jos3Gb1Gpu7Bz2biEefjEQKrVwGPeHGt', 0),
(653, 'OW7VSsw9hT1oPECjYLuAGzS3pxKHIdez', 0),
(654, 'A2Y2JuV894QHLHYGlhuNEPBFEVHag7wc', 0),
(655, 'Wl4GYSWJp5p4h64yylfZwqeYja7RWKqN', 0),
(656, 'PSSNkFz0cSjEs0DvRkNEM54ewChpdFCm', 0),
(657, 'xvaxoPHlpATtORMu4eRnBDxjRMW6uOOC', 0),
(658, 'NcuKryvknLvjuwFFXOvOOSzpmoD3xtfT', 0),
(659, 'USHp2pNCNjtuPdQM11nDcHBz1dnwKkkT', 0),
(660, 'xbSjrSKycwB65JIx3RNN4OOeqikmDxAz', 0),
(661, 'xTGACyTAS9Byy84H3DNPTVwpoiAxYFum', 0),
(662, 'BFX4fqP9qpmaEK8LATX2iNi93M0crb5k', 0),
(663, 'UjxTzj0qZTrSO5RjawcLQ7lWUHMdpbNA', 0),
(664, 'y4Curqq8ux1sbtUXsj4jLixaNY9Wdn7i', 0),
(665, 'IoN6pkyYbr5PJu6EAuNpdi0jpU2wUhQF', 0),
(666, 'X9FFXMyHLjcrWXzop7aHfe1qGFfaj2cr', 0),
(667, 'Z5tCUNZU6CEfHGtWHKJdtTNlLPhtUq1l', 0),
(668, 'JIy5Uv9cACUx88RCsA20hqx06e50gQkm', 0),
(669, 'ixZUoe1SMKozB6UJB7uvv7OMrfz71rUe', 0),
(670, 'Dbj2709I2Tp3piuJ2kS0kveDrMLdbMFt', 0),
(671, 'RgzaH20X8MiEgJ33UikBDucxTB32JqNI', 0),
(672, 'CqleapsAktF408lz0jBxmE0Gw9Du53ng', 0),
(673, 'LAxwqF9rEBj1eL4Vy6VyaPzkw8S0wxEP', 0),
(674, 'txGgP0UM5Uw6JcJPZTDUfgd287rHRg9W', 0),
(675, 'sRveOclqWDtTK8XgoIGlTbnGscFwCwyb', 0),
(676, 'O4qiKv9yjWU9BgGK1EQ9t9muHPutVxRG', 0),
(677, 'NIi7wlzgVjpsWaF3UENOk6WSQfvwLsnM', 0),
(678, 'UMjSJgFBOcYet0HkTahaRBlZpG3Wbuvz', 0),
(679, 'QW2LsvBTh2XMsopuuxlNHCrtgYM0BzUU', 0),
(680, 'zIXj4Q73SfLgyyXsI6pC7mDHe36xeOIE', 0),
(681, 'gOsQ7QwUPhOIScXacIEteumJMyTY0Llc', 0),
(682, 'uV0iVvrOe6stZ1ZGk6Zab1Fm5Xr3g8Kb', 0),
(683, 'ZZpHWf9j8Oqo4y0lE5TD8I2ZRn2BnZOf', 0),
(684, 'EEmJZKFjI1scXLJNQnFIp1Lwjiu4IIPz', 0),
(685, 'Tf5LO8apBuv4cgoBKUmoXtXpH23fBZE5', 0),
(686, '6KE9YLtkhSUFJ7qEmZzRqEzdPt5JiDPv', 0),
(687, '4znfayXVWDoc7090nUbnLfXYgmeezsly', 0),
(688, 'qoDPqKKZGoAbmcPCqJUBbQH9lyd28WEh', 0),
(689, 'Ih9O5DoNlDUcHpfJzf9ctGUsyvJCYYH7', 0),
(690, 'oqq6T5bZEesAtJ3wH3yCm9F6CqZfgDiC', 0),
(691, '2Gg0PGQDXcenMyJbQWsDDpgeDj20mI8V', 0),
(692, 'C342Za3qP5UPdTuONQ8a5WAZZosLLRZl', 0),
(693, 'eo83JapfgUYeKXd7PrkTincg6VhkTv8B', 0),
(694, 'q6L7CQYGoxznK9Nce8QmboQBGaKmxSVU', 0),
(695, 'BhcRKj0cB2VQn5rCjU6o54MhzUq3KvPp', 0),
(696, '7GM11SboPRwp0df', 0),
(697, '8oT0urKHOumL8JmdJkjs4I7taiHRwQr4', 0),
(698, 'uiwinPR6CKbkTLi', 0),
(699, 'M3OtF0Owkenod3iUaXUKPXEmL0psAqoB', 0),
(700, 'aTjs27cplsY1JHnO4QXoOXEF7KPXXpfH', 0),
(701, 'bX9XIZ2uFVqFXAOelwCuF24jZnyYuZT9', 0),
(702, 'Ie6rLM2DqXwXGhUznEc0vytvzvm4iNx8', 0),
(703, 'pX98qXZJ7nMXiRsW7YSTFa2cmCw9AaWh', 0),
(704, '9TiYpoe8Wp07Pwarx4dGZvtxAibX0kgw', 0),
(705, '1Ly3qjsv3vxl4hXdgdEtumCKhr5zpifK', 0),
(706, 'ufWE6iTvwNuyVVWjdylgM6KOF6RSzuOU', 0),
(707, 'V1TP0MFyRKPpzCKQzLuWk6LF0pWAjAzj', 0),
(708, 'm70H3t58s3qIbbUvAI0tIQaDjQdO8zjA', 0),
(709, 'sr7DxP2Dd9lFBdbduop5AX7sstFZXqNI', 0),
(710, 'AxMYuzLqPLt90uG3a2yS86UKAVGVx241', 0),
(711, 'Ahexq8xEo9gPm7OS7Xn5epBafQyEEt03', 0),
(712, 'hwRHKrJs1R26IZOU6Nvljs82O7gDgsbe', 0),
(713, 'IaQMR5muY9l3V9XTLFuvZDJXxcBCpdN3', 0),
(714, '4sNmoer1E9Ufx5eemYaS0ZvfuACuX4bx', 0),
(715, 'ptfJzayKpUydQMK1ZRMi05ArsLDO87yF', 0),
(716, 'aAXpOmQHT350rkII0z81vBg7OR83XcnE', 0),
(717, 'sa9nqC01ZUrVpMuj3nZiDVkDnYnGs7u9', 0),
(718, 'W5K0OE9ny4o0BwtfMOsVftkTTvo7kjf0', 0),
(719, 'cZqH38TlMXUrqQ2WpNdnUG9WGzB57l0B', 0),
(720, 'KB63I2hVGmZb05CseOt9MbIDQoYvNPyG', 0),
(721, 'iUuS1SwdjYLRndEaxhrmOrrkTzSQiuIo', 0),
(722, 'nWvE4TrhAwPX4tZHJUJSWNR08zSHWGow', 0),
(723, 'ZvPkVc3MF1Qdq6MmZkUfEcKbtCbB7n9P', 0),
(724, '6iWXRQIfmtSeFPFUPoX3Hf7qKZw7hzUf', 0),
(725, 'RFcdotfE174VGCdWKcKTfq0axdbCmVBm', 0),
(726, 'F8626SeHPz8q1RofBJUPAgf3Q0uoJ6Y3', 0),
(727, 'AbM4l1c5gqT4C9DMSXf6pzZYwXPm4quF', 0),
(728, 'T4tddFgDyjWtkakPtjsUJaeTiJdsWSZH', 0),
(729, 'w97SrWiV18ftMlswNoaWh1aj18KVdgyZ', 0),
(730, '1jojcL6WVoUG8cTrC7qvhxKy84ef46tc', 0),
(731, 'YlrkmINEnfFgwVyNe3IRll5Ig6nhk14B', 0),
(732, 'aImSpuT7xgWhPMiVb3iwvYcREwmjaV6h', 0),
(733, 'mWo33cQMtPK90UzwjoIxMralJ7vFSq59', 0),
(734, '7eTFgAlzURJgg8D5Te3MhX04LvXpeKCW', 0),
(735, 'FJpax8UDLBlsc9LQP2TDEeLIsTGxuzIk', 0),
(736, 'DDI5UVqDsDogRA8TFlVtfzhG5FqFalP0', 0),
(737, 'XRTcG5EswqLZ1yWl0zl5mSUH4m1bmkTb', 0),
(738, 'i7AqgT24FCkXBk5tmaVnjJvKdyLqdkcN', 0),
(739, '77vPGx3S33hx3fRs7GDXBsCkNzjQpDeC', 0),
(740, 'V4HDNppbA8bhgUluRHheir8Yudhhs884', 0),
(741, 'ms1DaSc3MqqLhKYUtXlZbBlSCfs3Vjwl', 0),
(742, 'FkCpRdKDVkGosVCxc7DbgYJZPamTLLdt', 0),
(743, 'kpHSEefyg6Oi0n68DrUBLyzvlKzKTcsF', 0),
(744, '390cvhPZZCw6hZbtSd0rKjxrAgRAK4so', 0),
(745, 'UuGBEzUB6VtuLjvc7542EnYIvGCcuEkr', 0),
(746, '5KPr6BFokVQdmRQUD7jrQdRFTmppLDO1', 0),
(747, 'l9j9jOqJIVHpZs0eSYDc5slJKNrqKw95', 0),
(748, 'wMxCwXbQKRggSY8RMIsvX164ZLJgQbsR', 0),
(749, '8aUpSS6Jp4CU9A9eWUBkD4cSJ6hsIY9c', 0),
(750, 'lNIyUstXV1bb8DWiXlNil569sJYB0RHD', 0),
(751, 'zPnZaAQswtViaCcMvsxgqYbTUEizBGOQ', 0),
(752, 'j3O8t9VVAyl39rGI9yhuFsWlRZgielAR', 0),
(753, 'izqFzXn6DtCFQ05gm9LrnfD15UGIdM3w', 0),
(754, 'j6plKnrUZUf3Vdx', 0),
(755, 'x16Vi3cY8dTJsaXxa4mSSavXYsMkENsi', 0),
(756, 'NZcphWgHyX4wztvw3SFEPOtQg4fmCtU5', 0),
(757, 'jYN6VldsZomgGmWZ3P9ZBr2uisceMvba', 0),
(758, 'zZJ0aPXnLSaNx34SwhZskOuPQHGXUnG9', 0),
(759, 'LJEAFaLMpmefl9Ut8x2tyBs5EiQI7zAn', 0),
(760, 'pzqwJQ35S6Q4gfscnHI4kR7q2TkGU1TP', 0),
(761, 'MHcOWSB6Y6Tu36j8NrAjCLSp5JoxM7u9', 0),
(762, 'rbERgVjlBfztbhPumkH3iH832JdtczbV', 0),
(763, 'Qaa7llVCbU6pG5vk6koWUdZz07MbRKWt', 0),
(764, 'sKImR1tLQmUuH47gY8FT2FeyAEMC021o', 0),
(765, '9MvWUu88rMH5llHtKVbI2XCsWZgTZum6', 0),
(766, 'fjVM3JaRffuTwxtEg0wkMcu7jQ9ePeYz', 0),
(767, 'w7hlGVqjqMbx56Le3hD2rlmFBd82ajnO', 0),
(768, 'FBGMxBTJk2eoiv5ytJWW89D8N37Z2vyL', 0),
(769, 'lyfXtUN6kNXsnIjesxAKr46gfXJbXsmF', 0),
(770, 'QX7Qbu8iAinrkIJmgxq5I98NRO0HBDIV', 0),
(771, 'WW5Ei3Avb8qR9xK6ykMHeg5THj8hxWxa', 0),
(772, 'zh1mAEUg9j86XuEbfVcGxOSQDAC234V7', 0),
(773, 'nBxGHmLGaqqKBksSWH0PWC2AMDuLahLg', 0),
(774, '0yNbF944ppK75wNqNfpVhNm7EI4cvYeu', 0),
(775, 'Mc1yXCmy8Q5AKomYXXicHtuFENeVFxM6', 0),
(776, 'I1W8hBpznvDpPsPyh2vumkPmwFAnsSXS', 0),
(777, 'sgNlVD3ZAt3Z4D8Lm32TiXQ5fcMx4D35', 0),
(778, 'VniL4AomNdKrHzd2LWXYscgvvI7JmnzR', 0),
(779, '8AxRfYR6S55aVF4oIK0CT4uMwzl0wUQY', 0),
(780, 'vvWLU6sxCO7SYEqkxHFsDvP6uJXrFKUp', 0),
(781, 'rrGQBfVYIT3ZcvJDAikDgHF2oeudUliW', 0),
(782, 'ELbaqcPY1vTJs92oWgKZU4sBozs09WFy', 0),
(783, 'ne2elFcc8lANCm0CtG2poHfKCh87DlFL', 0),
(784, 'nCMdZEsAsyJ90jjRNvHET3rUL43bJgQu', 0),
(785, 'MZ41MRXM9Ys3IGzqdFU73jI91i1OmhSZ', 0),
(786, 'aSzi2iGvxNbiwKQRlzatJl2T9lVcIzbI', 0),
(787, 'ZTUmroVd6IdEH84j6UFgnW4K82EiOZJJ', 0),
(788, 'H6HYENJ4v2R04VxAQPDs6NylYb996gBU', 0),
(789, 'Iy49L1ySQJ0Z9musB284S7UtDMewVIKH', 0),
(790, 'SXCKDKpbON2U03TnsHrkaunYFEsPs4ef', 0),
(791, '3QkBNrUI3fj4meeejNYMGRyZRtbA1V7M', 0),
(792, 'jZrSGHezdzAUcZJG6545zwn1zmDkwRzU', 0),
(793, 'RyZMfg4F8bf96uqhfCgfV7nXLI3CVsrX', 0),
(794, 'yPpreSkWLiaMsVhcF3MhkKcFNnAauueo', 0),
(795, '9Ws3bZzQpzr71Q7RP9m69LERY6kFWmiZ', 0),
(796, 'lwn1NUuq6GqHjMy3YraA4ak3h3t4Mrbm', 0),
(797, 'NoKR2j4MASkXsNpJQk2exmWGHBZrUeMb', 0),
(798, '9KbwrwRSl4uAhnDiHcsSnRlTeeIvPi48', 0),
(799, 'dhQrU2Jr4GIQb3R2j0aNXcCdmrLNXWwU', 0),
(800, '9TeLyKWnRM6UBptGdIQOtUCWVisU4nxV', 0),
(801, 'GMwjF5Am15M0I1lV2X7nJztMAIuckJeJ', 0),
(802, 'GIi7ih5YDPozMMm9ZEasEV2pbud4za0X', 0),
(803, 'TDUDNfnXJO68vMUgSdSYjCJOjXSdwtJb', 0),
(804, 'ls10p4XRbKrNSpMjP3XlE5weO9Md22ub', 0),
(805, '3QDkHxseqvFJhbKcJzrSe1lpOzMErtqh', 0),
(806, 'elhfMeZOkANNYz8KoGUKgPn1OGSCLrBP', 0),
(807, 'OjRMpRBhWy5DjhdmiJtnPcUcm4oDMOvs', 0),
(808, 'DAQ8MSVip2f4XPpmKm64OvhU1fOcyu3r', 0),
(809, 'gQ14e2CiA4k7dOZWPNcFGJjElUZbp5Hd', 0),
(810, 'x3pkvXaxRrvvh84ADS6Q8Kxn08XAlcIf', 0),
(811, 'acegkZ981cVBE6b6SCXwtKJb3jfrzRjj', 0),
(812, 'KP6ebVgI8hThvjJFAxpSwnQuYkfKkKBT', 0),
(813, 'pby1ZfvaAOJmebOCTFUPgu6S2Y72CJ35', 0),
(814, 'ye4NPPa4JShkjbTCgbtKBL3qCtb7FTFX', 0),
(815, 'ry7xFLL1ZVcfyBf8TIIlrVIreFXwpfrA', 0),
(816, 'pbyYeAcalXS1nUZK8NU8OLaKeSFdTFoz', 0),
(817, 'z5QgsJa1m2OCTJdao4hoqLQld7thYTG6', 0),
(818, 'rrWz0rJtxQjNTpj3XmnrEZiu8yuiq3Wq', 0),
(819, 'LzwPEUvhWmcYl4BwKu1fJfv7CiSSOjX4', 0),
(820, 'CqNQ0c5PPJOrdmL', 0),
(821, 'WksTzTzeVhocFtQWUTgfAAYMfvIkVHjV', 0),
(822, 'b0YoNx52liKesWQFkucleNQ20hvKRxpF', 0),
(823, 'zgXR0aDiPBUlrSF8yiA1hJ9urPAZSCwL', 0),
(824, 'er9nWwGlzlMp6GMvPjLbk1q7CljNDRzk', 0),
(825, 'U0h5Px9qVKwh9qBQlTEKLpWuGfevTXA7', 0),
(826, 'gkMgqDE6g47abiB', 0),
(827, 'HA2smrcDASlA4DrJubAlEAwInAGs1hCf', 0),
(828, 'P2kDF6V19Tiq4yj', 0),
(829, 'FSnTyEEaUIpfQ0SmoyDXpvOX9fbwmtpa', 0),
(830, '8YCKz3NM2VbHzb5Pfq3H5BP2yjA0UXB6', 0),
(831, 'F7rcz0Hoio8SISqUxGBy8A5QqPoVIjFb', 0),
(832, 'xUbkMRP1ugSBH5w4vdu5lWK8wxANoFPT', 0),
(833, 'AHaOvDaYglKpJytmDe9aW6Iu8rYAiyiV', 0),
(834, '77O42DQXwNajB7eKkh4x9BrRiHxR9igl', 0),
(835, 'ZSGWIf6vyaXik6mGwB0dhqPUWfK9pXOZ', 0),
(836, 'cGBngpRxuvUTOS5di6jbjknrFWv9tvOk', 0),
(837, '6LudaKKcGVvSvBnOTIvryysQ4sNn8JZD', 0),
(838, 'NrWVVnMf5XmkYXdMy2vcBGoHMwONZE36', 0),
(839, 'A1vX4WStkasDOLip9EQIZyfN3loSllxw', 0),
(840, 'WiDcDgtS5XbuCz2FIkRYkIa9ZIWRhSZc', 0),
(841, 'r5i9cf48imqE1qhVVwypyXZPeCWbqnGM', 0),
(842, 'B2oTnMSLE63xoBPijJkjnrKOyFl3jUVL', 0),
(843, 'GKykmAyNqrhJxkGWPhzrNtE3mSHAf1jO', 0),
(844, '2wAMBFpXF1iwbxXhih7fmtYJUlgROOeW', 0),
(845, 'ktavAVrCQaFwY1IRNkPqPhBBh1J86Kpl', 0),
(846, 'Or154IgXF8o0SdoULUGceGykRQwPVoKg', 0),
(847, 'KeWbyIkgCq5zZWy9l2RVllPeA28QrXls', 0),
(848, 'JMX04hSMZR8nCREHqnRnoR5PRqWwyxWt', 0),
(849, 'AlRER7BPrueMv8zr9GFstiBaBfClD1XM', 0),
(850, 'AyIzx7X7NtWfdPt1nxPJNxjwbB6cR6ii', 0),
(851, 'qrnsnDSTmQvIkuW1YN0b2JSJwBUrpPlS', 0),
(852, 'sk9up4b7IUeQasT4tOQFW4giymAiD6MP', 0),
(853, 'eMAeDiTUd70Hcm1LafGWIWCB7un2r2Y3', 0),
(854, 'zxSII70QHbgJ3bTVj8UQU7DEDFaNHuoK', 0),
(855, 'qtKVQhf0SzTTuUbrATohGJjGzzPgzina', 0),
(856, 'XjXnrxmkpX3wEY2jpacgBetPuZSOywRS', 0),
(857, 'DM77M43jfph1IXgvkiD3YbnoomoE6kPO', 0),
(858, 'IAwfnExKOGH529sI1CATqq3khCbDC9NW', 0),
(859, 'PlQVxX5vOGJBCNYRGQquvLWkTHrYZF4a', 0),
(860, 'V3oejrKMxZhdQlxkO59YXcjeYSm9st8o', 0),
(861, 'C0KmWIyibuGG9cxzYif9FdN9PHj4yONJ', 0),
(862, '08uugfaTgDPhwZT1GL70ISnHilYEGZjy', 0),
(863, 'tLSbCRVCgJjwnoBiSS7OwTD1BjK8NfgU', 0),
(864, 'CQAXdfkq6I6dg0rNQ82e2j2HOBpQp7eB', 0),
(865, 'jkpfot2pUSZWIHCRacGG9pm5eUSFmiDl', 0),
(866, 'UCA43UIud5Qljc6qGLhLN5sIZuT5nPsE', 0),
(867, 'cm3bWBFyxEc33iu0RHtSNTNy64UgLz4E', 0),
(868, 'vXFg1OKjMOrLxnp2p08U4MYX3QhTbYUW', 0),
(869, '3GPOoo90x8HKpQvyzNpinFqlWByKTo5f', 0),
(870, 'kDS7IKoXD20vw3XGvhCshpiTrjEK2vnS', 0),
(871, 'qemqORpaTJV5eZXBhjtDMr7CqSoWdF2h', 0),
(872, 'CYAxz8sTbbNRhWxV6YMlVujXrRTH6e3d', 0),
(873, 'k7lBRNQAAUKwoKf5jxXfB0y9S5j9Sp7l', 0),
(874, '4Lq23VEo8X8iu6wLPJNUF4JOZUJ2nNfr', 0),
(875, 'rZUyGEvFJLvOcNpuacMpQ1uJLHQgbpHh', 0),
(876, 'WL4yMIDeL3uR6UhGtCC5dSfX4d4I5MFG', 0),
(877, 'kq2zBEUZvqf1790CcBfld1YA837FvUfo', 0),
(878, 'A4dTCm34jvpHryIj6Yz4PxFp1JL7kln3', 0),
(879, 'yh5emdY0YEKSU58aDY89Dpwsd6UmSO28', 0),
(880, 'LwUotInYrKa2b8FQJH6jvPdPtUnFVHQa', 0),
(881, 'yD1Iji9AYEoqppXDNZqH1t7ksKgKtnhH', 0),
(882, 'oXIXDYcbs38rmdTpoQTRy0RvHf1J7uY4', 0),
(883, '4x5CfK1C6rpxq15LDay1aVPdvjNvP2PV', 0),
(884, 'FGN58Gmb6SKwOTDy9u7ofNFuuyH6cw5U', 0),
(885, 'aNwboISpx5Ri0sxyANX95TT481KjhbGb', 0),
(886, 'vD4enm0ZNaXlGFX99e5w7caO7lJ0A1P4', 0),
(887, '4EZ2H7XEyiNMRXBGkazMTtcBCyEtj3bA', 0),
(888, 'l8WhahY7BHykaLJcZJBOZz0th6RmMHVE', 0),
(889, 'SsH5lzme4xp6I22S8Xh1ncARALRlb57w', 0),
(890, 'Hnu7Eyt1uk5xTZ9ciGss4SYtGHtJ5cGV', 0),
(891, '2mWCPkggNsdknLk2cVdxL5uhTtK9c03C', 0),
(892, 'F1bQXgze7rLV3HoIe7BWM2m6ecWEeSsJ', 0),
(893, 'E6p7OCgKZ8aEO470pwrvBI14aToLJ82k', 0),
(894, 'vXvAT7gUKtForXUDo0gCMGJITlu5Yvo7', 0),
(895, 'AeK1cVQGOlfqPadrC7smCaynygUjsLjS', 0),
(896, 'QwBXlnKurNcK9mA7FkwF36plbVObmhSg', 0),
(897, 'Zybw0wYWHZzlkozbyJHjw18q5oAoYID7', 0),
(898, 'dNaTwQePH3yJgO5rm9pW00vKRmT2QFPD', 0),
(899, '3R7wiY8UsOd66DLM69nwtitBPA3p9NRb', 0),
(900, 'y9eEbknfISRiC09zSvt6rAGZxnHMIuYW', 0),
(901, 'XhnJGL1uOsBYR2dsI3vwkQ9Z51tA4utQ', 0),
(902, 'JpCo34RZRQAZcvN5xiC2FvekNnl7FAXb', 0),
(903, '7HsmZUzzivJoaAbHDMEBvstj1jKcuai8', 0),
(904, 'QR0lTxbw6qVypCFTF4Sas2Q5owZWyMIt', 0),
(905, 'XjRQGB5Cbp2FQeJteBetdhchUbDjOM9p', 0),
(906, '7Ye2SopMFajnNN09W4HIYR5zWkp3uFAU', 0),
(907, 'AASlDGGNIunAsfLnznFNsUKY0xtwT8d0', 0),
(908, 'vXHlxpfkss4r4qleUndUwB2EBA3maGqu', 0),
(909, 'MPLMLAqLWqS9zd43WFhZ1APbbbpTtkVE', 0),
(910, 'vaHSJ4p7okDmVRebszKHo7LiPH8fh5hg', 0),
(911, 'gCvokyucWAmsso3HaeNsAhKpdkhtUYPH', 0),
(912, 'UlaEkyoPnO3BLscPQsjAugg26EstyOZz', 0),
(913, 'WZk4bb9RHEYbThDLUJSGGxWFZrsNTIQ8', 0),
(914, 'qAz8Id3LGBJDJISI3n5DjKBzqFUv8IlH', 0),
(915, '31Iftm8kZVzzDRyFJ1pSbzfsKXR8u7Dd', 0),
(916, 'nOURu0FmY6RGqQSHZdikFmmJnPXiMfaj', 0),
(917, '79JndtpQjE4aOm3rqEIQel0IetyegbvH', 0),
(918, '5OT4iqppLLjYQr3JV6r1d8kC1lpz6P1A', 0),
(919, '9sWPrwaTFDGV7lt2i5L9MXDy37iTKog2', 0),
(920, 'ya8TU7hDmURFBfKfhsRKgoc6TmO95k0e', 0),
(921, 'nlwarPwmKdXHT5fA8pKtrQS08z8x8s0G', 0),
(922, 'ZKKOrZbGXpULDbR9OPI4cSbi8c4bJG3y', 0),
(923, 'RH92P7mwQhRZ8cOoIK3ggSFcmOAoLpd7', 0),
(924, 'zShF9GZKdEoeV7rDgT63UACA2dPJYDHQ', 0),
(925, 'sNJhCdfad5tu2j56sBYpgZCdhiAFM0qp', 0),
(926, '6gMDbXvDcghazFrLjqPBbTmmduSjrRQy', 0),
(927, 'v2R3pX1Du4V2eySLDeNmtjCIXR4K7LSb', 0),
(928, 'NN6XNFmANIfMHGTRAQFOffGI34sn2ocr', 0),
(929, 'qOwtR7ts6TmEFcIOmkJo9Ktq0Iu3wp6m', 0),
(930, 'uRZwqkPePpeZW2RGbQyAZ31AW2biJd1o', 0),
(931, 'EUzapoT1nFHEoOwFARWDNNi2A98gk0z8', 0),
(932, 'XXt1ngfRhVKXAsWtWuH9YVS3QK0jJRaz', 0),
(933, 'Qj4ENatrDWZIsCTNTU1vToBJC1nzDA5D', 0),
(934, 'AhPY3uzO0EIIPsqA5ATNeF9m8Q85bAUv', 0),
(935, '3bosur0Tf44EeTu1l1twPoBi4y4eYRus', 0),
(936, 'uXVg6UfKCXQFi73wIM6wpevnjOZUwc9p', 0),
(937, 'zv0Ipbmj7mVcqpgkT4ibnXEppXR9KROV', 0),
(938, 'gPgYpZM4bhHwAXjBoofHTbfJHWdPb5JI', 0),
(939, 'Sqa7YZXEMlEWqgQ5qG91MMEIl4IKGYzM', 0),
(940, 'zc4HowA4MjspOwtD1ILR1Q17o0ZgExbj', 0),
(941, 'P1f23iVOrwjTXwt4sJVWhSpeC6ykUDrM', 0),
(942, 'OZ9NITgmwlBqzXIKbGbmT9MNJ2NHPOT7', 0),
(943, 'ZHw9plcDaILmEwfArBeToCsCxQuiuPel', 0),
(944, 'xORd3GqmPBYBum2Da8qyWCK0c1cC7PKT', 0),
(945, 'c7ZgaoLIUwxflP9zn9RYIXwGekh1gFAE', 0),
(946, 'nPHbtBshnLrvCz18lEQ2SNcTaHqcbVpJ', 0),
(947, 'tfmbqXQMx63lLrhZmJJ1YlcC8JJ41QLO', 0),
(948, 'NJqefGJfy6EGLYXGkJ09i0llaP1uHFNs', 0),
(949, 'BrRJltpyaBVebfBBaofRUT65akzo1MV2', 0),
(950, '6VoFa6xDP35BbLBMwwNAAOzZvouX5jJ6', 0),
(951, 'Q7YFTIQcL04YAujo6tEQmHUnFjrN0pEX', 0),
(952, '1AevjRHI9HLGYdCPwS7mBrCy1nWXLch9', 0),
(953, 'buypnLO3nEUOBBKsR4cabQVni2TpTpKC', 0),
(954, 'smZKDTBZ8HIJwfS7yPRbmJZMRAnFnyRU', 0),
(955, 'OaAzy3GzFCqYzcEkbrK204nYG8Pqk4Wl', 0),
(956, 'dOoRdhpgDSmlmt2CHx6aJNsGqaWeb5hb', 0),
(957, 'aPgG0i5l4dSDsIvubvhh8Gg6P5CK2azb', 0),
(958, 'mhKFsJlbSKwSA2xmNW9VJNxvk5RQhNO0', 0),
(959, 'tMEcHeK1b4yRJOTDeVLA8rIBENG8jwch', 0),
(960, 'qJDPdmTLzIYGPj0BKdEyTdib26JJ2BVz', 0),
(961, 'F1YCOL7pw4wYP8iu0XU34xIuekblWO9z', 0),
(962, 'yr2Z4zGaAZIR9Ghj9Yi6dz52u09vhxWK', 0),
(963, 'zaXAsiraxXStTtkotcGZre4Nt9t7qIWT', 0),
(964, 'oNAl7ahLsJpNvMpvnlijj2sOk204TlUo', 0),
(965, 'Z3tOkMpRIVKy1uxMoSE5Wddv4P9xSaM9', 0),
(966, 'inicoDfpMjFE4LhwoOUHvC234APaPq8u', 0),
(967, 'LSXOfDkGdBpKYu1idqVQdm5yiO6KQpFe', 0),
(968, 'rZSg9g6Lo5lfs3fYFLOSXqzrovePEzAf', 0),
(969, '5a3NhwjDoAC1vNSzVE1FO9GaKElOzbJc', 0),
(970, 'WLJsav1m9UKZAzYOu1qYRi0qm0X9zkuq', 0),
(971, 'argJMmM6GJqsZhMkNB03DbOKns57BdwH', 0),
(972, '8YcZZ5yae7oATJOnxJCCRK1C3pXg1H8z', 0),
(973, 'nIH5uQhGy8pmexgJPXYS7TtOd77rYR91', 0),
(974, 'FTMgdB2IkncXwmw0OLvmTtPNl0RriTaH', 0),
(975, '5Dm0jX8VRiN3ggIFtrgk9W4MxvGmaMpd', 0),
(976, '6MDyknmm6nBkmFsr8lS7QJ80mFeNAXlO', 0),
(977, 'ln1LEumohTdYO9o9CkQqktV3eaQ8rKuy', 0),
(978, 'My8nUfWEzmss82XaQHilH555n42gNMKb', 0),
(979, 'egvqRoN4ww5PRjUUfG7gbwdcTJIOi6Ny', 0),
(980, 'QhWiROWsPYKgJdo59ZlgUOHeKynYNYmS', 0),
(981, 'BjhFYZfu7H67siN6nm550Cj4EggofrQb', 0),
(982, 'nZRAvl8TKXCxdoHEnBlrS7bbHHbJMRE6', 0),
(983, 'ATsRDvZutAoHP4ISFk6mSZhTalBKrKVT', 0),
(984, 'Tl7vTMryMwQX0zcm7zgc0OHeuWvsa0T2', 0),
(985, 'J1FCQxQGHGHouDQLv8IMMbELsd1bopZa', 0),
(986, 'cMCt9nkIauqi2b8u95640OUGwY3gp65a', 0),
(987, 'YVWEkThx8N00iBvJHBkWJEpgWnna0c21', 0),
(988, 'YO9Cf89Cc0fuUHAZ8awZv6zQ0iePvbgU', 0),
(989, 'E2sIVt4Qy1nAeBjQHKDQPOIZpgDzKWwl', 0),
(990, '2pSvyMqDoEWT3RF0UFmudksJ9MIDZcSQ', 0),
(991, '3z2d8PEF9a8wBDWkglz3q92fqYeDCFMH', 0),
(992, 'udrWCXnIojBiJAfOD7HxRa3RyblAOpj7', 0),
(993, 'lfj83JFr4u4yb2b4VnxA4hiCrmCH13aC', 0),
(994, 'OUgUFUVei7ZA9AQfe3HP7Wvk4zDTOLHp', 0),
(995, 'kQooCUn53zO9wooea8igmRtKHzfxBoGw', 0),
(996, 'dnEHgN2HIMSLCipozEH7MSpY7uT4ROdO', 0),
(997, 'gcxljOYZklJfaWR7aFma4e4RVSzWc6jK', 0),
(998, 'g3PIZ7Ki3ukRVAUI5xRrz2qIrlTOrKT4', 0),
(999, 'prRFCAeRDKuHxXhcbQytNAS6szIUED1k', 0),
(1000, 'CtkYuSdl2kaPLUu6lTCU0aLZAZAF2a7i', 0),
(1001, 't2CpQAc8Fllg238imN82ckWP6aGx8yIh', 0),
(1002, '7Cd4yKY6M6lHbLKSIcsXsBKy0b93tlMR', 0),
(1003, 'e3MI8gJjer2OgrQ9AWLNCq3l5l6HO1EP', 0),
(1004, 'oR3GPKaJv4CjUFBSnc8h0QWTy3nAQPYP', 0),
(1005, 'wuBjVt7B0Dof76xuKnYsOmxcOfLgHmFK', 0),
(1006, 'ADktqAGnSiLiwvpY9fi0TnpUG8XnCKnq', 0),
(1007, 'lpb9ASawRdOQUFzPBQPYttV8UNEbovEG', 0),
(1008, 'Bph69YIoAJLkbNHQaAV4g9UyW79pV9lo', 0),
(1009, '418J1nntS4nzRJP1ItTpVTUoQ2DB5DK9', 0),
(1010, 'YX3vroo34rhaFCplYIs9Z6ZOJA8QR5IN', 0),
(1011, '9njyzPFYbobdd1rSvRnPKtNwVCMEbXhA', 0),
(1012, 'Z6qaarjw9TddHbqacQn7uGDnkz7Qykcr', 0),
(1013, 'dGrsLXjYZQXjVim5WUWKkFHt7A9WN8IE', 0),
(1014, 'iPp6LDs79Ksjy3qNES5JBZGRaeTWD4n8', 0),
(1015, '4b5ynEx0MolfOzEciEzwB9Zcdn8q6Rx9', 0),
(1016, 'u8a9fyZAyGg55vTmJ4Tsd7XuE7g8sFJn', 0),
(1017, 'Ul5ym2N5xLOksK1dU8RmsgWsE7zkfvbh', 0),
(1018, 'oqUsqwrY0EtnzHbvFXADWhOkOvQAsHY0', 0),
(1019, 'EkRq9ygfJs8d0NATXkjd1Nc462rqdjgr', 0),
(1020, 'HujyZahPVrtmmmWiKUGGfJgTCaEhpJ9I', 0),
(1021, 'BgjMemBhJpAw4ShJuRtXoxYbKtkIu4ke', 0),
(1022, 'apWEvkdro3kJ4ZK0RkDcXHDdiRLJEb2M', 0),
(1023, 'srapSg4gYPdeU9td1k0Dgppks0GagqV7', 0),
(1024, 'JglRjVGiYAOFQUwMUTXYzStjHOrlY1pw', 0),
(1025, 'LKIXsYSfCg8TqZeJgo5uQUmt1tPYYCoq', 0),
(1026, 'v787WwN0H5ea2hDbeR7LZgThqvao168C', 0),
(1027, '95NAIInFLGoSJ6i3fLHn7HGZcFLxnWn9', 0),
(1028, 'gaCWGr3d2uZnmTfazJ2Prfi6WYLLdpFb', 0),
(1029, '0YuMliai9idgYwEkBACcP8GwL6eDhYKK', 0),
(1030, 'vXuhHdyTjmTwwRGpZXySYdJKiLAtmXH8', 0),
(1031, '54bpx8QToHf7yg8Cvh9GTuy250Oc9aDR', 0),
(1032, 'Xm7jsEEIkJVk3yb8Bo8x8PZPDV5PNASu', 0),
(1033, 'HtIGpXmgObZjzVS5lGEcwcFcPh5f70sH', 0),
(1034, '7VLyClhm9X4uCQfeqOMeMyR7KM1gFCzJ', 0),
(1035, 'ucUw9LbTqZ1ISW6CCBYt1q8tXyWSetK6', 0),
(1036, 'hK1obPkpi6SFOEsUYsS5S7coc1cOpHRU', 0),
(1037, 'wdKRwRDQOTLCnjj67wohr3TrR8mvgutX', 0),
(1038, 'ZCWbdeqYsOW48im1tShQdrBl6DPZ6hMp', 0),
(1039, 'tXGq5VvwcAg5QdbddqwesXASrLGzHEoc', 0),
(1040, 'VW2f35FBMyH7Kvt44O5Fa1rRvQRDjr7h', 0),
(1041, '4N2dogB8hRqxzciENpTFft6KuvxiFr7j', 0),
(1042, 'rkOq4wW1KcfXrXdIzPydavTzzL76pc3f', 0),
(1043, 'vNrYt1EqlrSLztFiZX0hvEe0JuBZ9ZJh', 0),
(1044, 'nDdk3SWl1k3Ceaf4SXLzoQ7rMgbDiWpA', 0),
(1045, '3vjm6bsqqQ9vqDPj9btXnCaKIVdt6glU', 0),
(1046, 'XrtjopAUsH5QiV5pvm9rhMcS3PkSG4wp', 0),
(1047, 'zqtHhWi5D2MC4didmNfOYzzr5R2TwJjd', 0),
(1048, '7aDFJYVouor0fPADTppfESnpVn11apYd', 0),
(1049, 'DaUvnRX0poCIGgU9ukSUeMa6bEMLnzRX', 0),
(1050, 'Y9PFK56hN9HkMnwWdvYPjuAmPZzk2XOS', 0),
(1051, 'wucBOE54LFOn3JAkeBYHELyXrpSOZuQZ', 0),
(1052, 'oT0zVxsPmudAaaqf1TvTA4BEBlJwBAcH', 0),
(1053, 'nMyn9SukAazBnEfRpS7xllRbejiidu5x', 0),
(1054, 'VohAxTMZoqM51r2zUUhjjir8KxzpwcUC', 0),
(1055, 'kpLyFgTayHATXKlNXnoWR6c3QNLLQrMr', 0),
(1056, 'osXADOtclnIFw5iNorlAK6UvnGK8PVbC', 0),
(1057, 'Ln1O7ZlLc4Wzvv9LlRx2WoGLo6ICWwb5', 0),
(1058, 'JYGa145xUvrtmx6MSALelt0JcR7Czsat', 0),
(1059, 'yb1uGsOtS1h6fhYoLywNkWzz2IzZuwq9', 0),
(1060, 'E9WEpgazy8rGKfdRJs0KzitdRgAqRh9d', 0),
(1061, 'B5gc9CqFdvDx2q1I4EZKxgL1Ecj7ZWR6', 0),
(1062, 't94Kkyy3nxgkWn0rmIflgyuYXwnpJ8SC', 0),
(1063, 'VQzSpFYOXzmuPAyR3CYQRYDzIfPzwNnx', 0),
(1064, 'KbvgB19IC0wTfrVcQVt1TQ2tC27Rqf9I', 0),
(1065, 'pNbFpHjYsOv4C8Iy1mZnWOIe7XBD0FlK', 0),
(1066, 'pfWz043mfob9KwgoSO64sOWSqI4HgI1D', 0),
(1067, '4WLhRDVX4clLRhWplXFfe8LGlE8b7E7A', 0),
(1068, 'qdaQlDZiAtzUKvu3nOJt7vpOLJuVyHQQ', 0),
(1069, '6kThsadNnb30Snr92cbs6cSb83hHo1SK', 0),
(1070, '8CpiLdwTT5Pg5kurBQGAzfAvJmunzE6l', 0),
(1071, 'Zn3Pe6o7Q6JxTT7tQH2dTkcvchr2mL0R', 0),
(1072, 'dkFNLNVlrkSDhhs2qc7Gs0DsPQOxrcxO', 0),
(1073, '0g0lXqWBZIuyTv7NUUOqCQH4b74un3PL', 0),
(1074, 'vN1ApaWo9L0A91T2IR3HppN4vMNPX63E', 0),
(1075, 'RqCKMQG6PPG41lNhOZfTZ28LFnU3DkBG', 0),
(1076, 'g0hSGa0xl9FIueWLnzigu49OH3U3lIyr', 0),
(1077, 'dIFiZmcD04NchrENGzKO6ky38rH1sh7i', 0),
(1078, 'IbPW6Z6pGcUbRYhjABSnRZGKWJMZ2N2q', 0),
(1079, 'khWF2sTS7Xq51CMCTWek15BRbiFRcHI2', 0),
(1080, 'eg3HlYm5UiDzxwXdS9zs651BeoR62h47', 0),
(1081, 'VsqFohweoaVNNGdJBRl1stGatgQcpfuw', 0),
(1082, 'j7qwJPaK5iV2sWGrwJHruNhI5nW4nQ6j', 0),
(1083, 'adBzeYFQGsy0ci3qhcuThD7ujLlHPZS6', 0),
(1084, '0r4Kd7Q1HQM590EWft6V3w4Sd7GUqMqH', 0),
(1085, 'xnDISoi34b5H1ENItWIAU561uVKeCF0k', 0),
(1086, 'IzEJ5KN8UaQyUJdSzncqodWPWJjvf9mi', 0),
(1087, '5vytoSlHrEOWwxgx8wFnUnGMR9GUKOR7', 0),
(1088, 'Dv3M1bfAVzKzsRHCI07TPf5dsgK0Wl1f', 0),
(1089, 'QiouPvo6AtSwp5flt9Aw4yje7GaQ5Uz2', 0),
(1090, '3VGqfkbhuVHB5IkrGesgmILceUFoHoip', 0),
(1091, 'GoHMstH7Jlx6IPW1v6qlYIakGc1grPL0', 0),
(1092, 'y1QFqEDH3hxdwHds2ztxHWPIaR6er31V', 0),
(1093, 'nRs2uEGUxSiDfC0bauNBSRTgbAdNpkS9', 0),
(1094, '2qboiuuo3qTBRMWVFR1iztKYMWeklyW7', 0),
(1095, 'vP3ykwXE9GbpFOMK9ZkH9DEFg5FgCY35', 0),
(1096, 'fxXHidh0SFqInZ9xe9VTlEQowJGEHgKL', 0),
(1097, '8NJLv10i0F1xkHqFi4PiXZaePPvvvkh5', 0),
(1098, 's0o0YjgicPrBhBwVw5STDOFK8ib1feBO', 0),
(1099, '4lcZ2t1QQZXc2JZAEjrkavwEI9FaPFOg', 0),
(1100, '3MxWu13Yr521ymqDkpCSCrxfIpqY5Q8v', 0),
(1101, 'dKOpy4XKJjC22EGm63EF69tFtqOSEc5O', 0),
(1102, 'QwQVXlqvw5QWoBkLfBdE7KbepCY1pa5Q', 0),
(1103, 'eKtSKwj49WkoeUEkYGqpdl00DGem3IZx', 0),
(1104, 'E9WExA5QczQScgjRx3KRxpWZUMIlEJBF', 0),
(1105, '6pHHTTroI9NHurGtMbebCEjyTThixgoQ', 0),
(1106, 'BgNPswdEnbCs6do1T9XxTPeszhpY3vMC', 0),
(1107, 'yPtjNexYWlUh4P4FBoN4kYSdoJSaWPtR', 0),
(1108, 'XMTp7PISpB4zQo55qMqbpyFVk9kxQlBJ', 0),
(1109, 'LkganyGkWhjystWEXV9JBiN7vlohIoIn', 0),
(1110, 'K4lglw3FDiz2uVTniFzLsn2mouv2CQD0', 0),
(1111, 'DFaON2SQNOvvS73mla2QNKKoBE0mGqpD', 0),
(1112, 'tHonK51kUhue9WpE5W0MfUBaMYfQx34q', 0),
(1113, 'By78LS5oAYFQaP8plu3l7RJoSj4D1Jhi', 0),
(1114, 'dHud0cO4rzf5Gv3y4w15kMTJO7kylwBi', 0),
(1115, 'E0Jkv7EJyH3Ii4gOZrfoCtq78ZzJU0Pu', 0),
(1116, 'byTN6Q9m4pguVZLtDEZbPsPOXsSO8wEK', 0),
(1117, 'gIGYdbpKPB4cXNYVl5iKJyZY3Ttv8vH9', 0),
(1118, '8ZyJtVfPDaNMqm906JKsornDKSQkNxCx', 0),
(1119, '5EJ8opFt2sCIX9ICxC0JBc0h6yck6Cci', 0),
(1120, 'xW9L2IOQ9CiUfWOjCPKFJqektK7QfQem', 0),
(1121, 'IwBocEiDzKEBqwpClTgS8vHXlAib4ycw', 0),
(1122, '8R9LevCq5Jv1J9TiPvvdu81uqHXlQejv', 0),
(1123, 'RgiRpEWfF4n5QY0MRwtybmzbue9SpuGZ', 0),
(1124, 'ppyL3gXYxFy0HQEYleU6SYfKdf8Tx31w', 0),
(1125, 'tGAghZ3hvqvic9Vj0iu4VoGZ1RWp3y7S', 0),
(1126, 'xyXGhGrFISGzgjtp43068WeRWfpRbXdF', 0),
(1127, 'W7Pkbc0wRlhyY6c3l3JtahHO3nmZW3N5', 0),
(1128, 'u9wkutAfVZAJgtSUkInaBdUZeqkiu3ub', 0),
(1129, '9xmjiS4KBz6e3Q5xGEshOvpr4nnXEqxo', 0),
(1130, 'Pbeald5d8vwrz3edd4w151mj4DPKiQnr', 0),
(1131, '7M1x2OxlEFZ0MulAcaFH556OxcBnZhUa', 0),
(1132, 'hCu7PxERbm07pDcXFaqTRxQ09IhyI0G8', 0),
(1133, '4AnK9HCE7foURMXQKIE4Cqsd4tC0w1q0', 0),
(1134, 'HtXNz62RRUHYl3uTVLNB3de2KIPc3vnd', 0),
(1135, 'WVPGc6sjkWHcjphgFmPZ7bKO4RCa6vh7', 0),
(1136, 'kDzx2IosPNzLFoUn2zK9Pl6bgxyuIMPH', 0),
(1137, 'F3dmSbqaoOJW5DFuWnnv8QpJyJOSsWtn', 0),
(1138, 'D2HJPVR0TsgZdiSuaCov016fhS2mGNPu', 0),
(1139, 'KM6nnNukJWJ79wkvXjBiwdN2SCv7xm9L', 0),
(1140, '8P8yPltW05NakhlKnE2ssNWgoa7TMn3J', 0),
(1141, 'Rym3W2SPgiqP0u4TCFYK0Z1NGnVm0lTz', 0),
(1142, 'JCG4qXHZmgZ0JEjv1GPciTYZIGZ8n92P', 0),
(1143, '10ZpU1mLNzzAGof9htXhglhtRAYlmKBp', 0),
(1144, 'D7BnaGFoeTpbPtQrObobuTQPYx7HRAiW', 0),
(1145, '9fiTZIY0LVtkSb6awBfKoeAEXLgxbcM9', 0),
(1146, 'csRIBA1LArRcF0SXmWm8mU9Egxu95BzD', 0),
(1147, 'wee2FDap4IuwALs2pTxh8yzrBFLAMFW8', 0),
(1148, 'N8CsLdhAzkRpp7zTTE1GhQsyBJOhIdnc', 0),
(1149, 'JEfpEpQANOxPunBo9YXj8hodHlmoKvIe', 0),
(1150, 'DFv4gkypfivRFr0nMlrJBOTPHJm2NKxq', 0),
(1151, '3irP64tObMZn7f0RuuY8dFtQFELG1vve', 0),
(1152, 'zfv8G2AGd4emSFl3vSDr7VbwXaLgKnM9', 0),
(1153, 'mHgEncMbqKbowUmeWXUmbH5wSi7ZzQl8', 0),
(1154, '81Bs43rnm87U9xwwCxfoTF5x8i25W9Px', 0),
(1155, 'Xk4BtJVMNIvH8QJxI6WqBeydHHnHjnib', 0),
(1156, 'occS921mr5R2DHl4aGQCwKOWzB8uHd1d', 0),
(1157, 'H7vNEPj2SAVyQ4hgjk89Fv90yQTWuHDQ', 0),
(1158, 'Ed5HhdtPgLDneYthviS7Rymcjn1SbfYK', 0),
(1159, 'e9YA3Uqv8a8Xmbdk3bxRUwq6YDEQEcnI', 0),
(1160, 'w2ZPvUtUyutED1oaKxOZmgP7d1mIgxex', 0),
(1161, 'SGvhUEfe4u5ZNuyHEppmDvGLFRSYzahe', 0),
(1162, 'SoCFRKW6TOCN53xTBiDR3qY1BSFsIW0p', 0),
(1163, 'fRxnAbvD8jiTfoidqTvkzBxsTtXsHoW3', 0),
(1164, 'ih1s1DRruDbrq126Dun909o38LGWwXS1', 0),
(1165, 'XxJpyISrKikGAbSA5FYE1IOJaRfvVLEh', 0),
(1166, 'VLw0nnYf81lAly5osYADq5uCeNlAdtBE', 0),
(1167, '7Jb8DaV97ekMBLf8yEoaTtBTnynDr3Gb', 0),
(1168, 'GfmalkGZpb1q9rFWi0dGxkbxMRCmLV50', 0),
(1169, '3IyEeQwmyIfvD7eVAq1yXVLG08jQw4iZ', 0),
(1170, 'FriTvrvlKEB3mej7Gs8JAOEZp2Wpjurt', 0),
(1171, 'PbAGIfrZSiUkfm3v47lIXEXVSA2AxNeD', 0),
(1172, 'myMrVBvd5flU4tEcZo3zuGABUyZ0nuZP', 0),
(1173, 'vy5MnMueMOuSeZzulncGK4UahlXWQieF', 0),
(1174, 'LOKBIR1RqmWumiMk0KXBpmKiNyNubKPD', 0),
(1175, 'CbGY0BmjwQg224JYFBx0P8y828bCJvCy', 0),
(1176, 'i95hUjozr6dGySaDQx0uDGEaYADLrs9Y', 0),
(1177, 'JJpzPY0H0ucOUeFHNJEdLg6HVp1CHAkq', 0),
(1178, 'PJVPUo4WhAwNaywYaHcF4kbvCxcQvljG', 0),
(1179, 'd4I2yNoq823gR8qSmq27ZhelCNS0CQRy', 0),
(1180, 'RjXkrkGJBwIt2oi5JNFPCYcmUJ7yaz6W', 0),
(1181, 'bg1KA92dPPcx9ks5OgZyDkbP25c6a0ow', 0),
(1182, 'DhmYMj9Tw4xVRoVnu7LD990vdVhI5NAb', 0);
INSERT INTO `unique_users_ids` (`unique_id`, `unique_token`, `user_id`) VALUES
(1183, 'Y5fdMFACUCtyzBQc4bY51LqJqnphBBZl', 0),
(1184, '6PEpQtC0qgO6SOvpktoE0qogSSESfRpK', 0),
(1185, 'bt6OIqH56qtj8wYRuc1GRRJRYUc8s0xI', 0),
(1186, 'TBCqh0a1EPsWtlAE8EbxVSBT48W5sFni', 0),
(1187, 'b82Ll0JkZqtPfvM5E2JeUjGAZiWZsB2z', 0),
(1188, 'R0K9gEUFzj2cYlo6g7eCG3Gb43qzoKof', 0),
(1189, 'JTSbwg1W22hvEKkh6huzySwl3mP66mqR', 0),
(1190, '7nCdJchatodVnPUD8leeAPoMKoQdskLd', 0),
(1191, 'rUkP5FwjgNxnn3ROBVk1mRRiqn5XJzUS', 0),
(1192, 'MuT8zy4hiM3CZFp1npFLAzoEhXvXMTX9', 0),
(1193, 'z9U0O2noU8NowHU5f8AeOKeBJoWEXE9O', 0),
(1194, '0mmvNxPyTXv3wMm6sCGuKqo26yLMylGQ', 0),
(1195, 'D12mHlbhi6Z47Jm1080VNhhRdzgZcZuQ', 0),
(1196, 'uQg7YrQqgKLocR2DdqayJrtaeyR4ePf1', 0),
(1197, '6oE2F8IwJcprajkyA2fDhCJjgfrTlXrh', 0),
(1198, 'GZarOPQaPHy7kqnDGawhcd2KZIIraL5P', 0),
(1199, 'tQHirDFoJxaGCpbDe3c2kUfh6gL5X6IS', 0),
(1200, 'd6eg9ghhpGjVJSZIksNC4hpYQk4NDGIm', 0),
(1201, 'BjQUkoFRqI7sXn0DXnqAORCo1UwGxhKl', 0),
(1202, '2BKPYCXB341p1Z0OaND2EVKbeuNYgGuJ', 0),
(1203, 'xLSyrooWKH840FXvXjmvy63MluIt2mca', 0),
(1204, 'guaHf0Ws4D9SZ8MHNfqLeTntDfRDS5S0', 0),
(1205, '6BkQoLHqLz19vYM3EFbGStWmsEclyp42', 0),
(1206, 'I6yZhXvu8jYuY6p5QP1nv2tuF34aVnf7', 0),
(1207, 'CuGkiQ9FBJd8hYRlMX0cakRs8bcsQIf7', 0),
(1208, 'jxAUl3lTXZf7IgEqa1vOSWjMHC5kKAjO', 0),
(1209, 'nSYQpylbiB8gpUbXKe3WHJpmYMbA6dIv', 0),
(1210, 'OVCsp453g3nGekSMc7FCV2oZxUAXyJzY', 0),
(1211, 'CPyoqkV3Orz0Qz0TPVXOJzHQCGDWP9uI', 0),
(1212, 'CyTRNodHf7XfNpdBdlithZz2rMTGgYTM', 0),
(1213, 'lCqR0kBYpbj0b42eh6T9Z4kCCTntscxT', 0),
(1214, 'pt9KnagPYEDB6N9x1Ua2XyUvhMhcFVhj', 0),
(1215, 'WrNLhEYQeSCGuahcCitMsDw4CGLxoXif', 0),
(1216, 'DYeDn11VKnMqgcw8963iupep3OSC9i6W', 0),
(1217, 'aqaow8ymqxnNnVHIocxcb7cCwLzJu3in', 0),
(1218, 'k7AZdlTnO3ebguLhirZKVIjBlvQCr2m2', 0),
(1219, 'YszjS5UiWXzPYvrpQZAYNE006QTP49J3', 0),
(1220, 'lox98mvEe9wBRAlzioEvdmuWcEaNbQdx', 0),
(1221, '3qHE7gpfyM1GhBExBNC3TE2uhYxjYPF7', 0),
(1222, 'dNTtayOs7V3uNihlO44wAT32h9wXvkUq', 0),
(1223, 'XfyqiYmQl9nzUsmeeXlIhjS7ZDxNUQJn', 0),
(1224, 'dq0PEoKqii0Ps9jGLFKPdMVaw728bdnh', 0),
(1225, 'RuePIpGxtege8YNXIsDIRxfnnztYN9TY', 0),
(1226, '59e7C932jcdAQA5vT9Q0RxCe091dU9GV', 0),
(1227, 'bMJBYOXciezGxhZscTufHQnMMBLhpQak', 0),
(1228, 'fnv5rqfWpexWaMW5ON3ztdZK0bgfm0nK', 0),
(1229, 'yCHhX9AB33ves7slHdUeXL0N16YEKF8k', 0),
(1230, 'ms0Smw3eHKDWIw3oeXVSCI3mMvzg5KtK', 0),
(1231, 'hK3QPKG1ZBOfoSaZIZiPldFFBIojPzhj', 0),
(1232, 'vmBeT2Zk0xd8gclDoAZMDqxynhf2vkTz', 0),
(1233, 'fr4psWmeqKOUkWW9HtKEhvwIfKChBGs6', 0),
(1234, 'Mg9mGGfMLnaB8QUplnEj3m3Cy41Cv28U', 0),
(1235, 'kMzPOr9c4f3VxD1Pw2OqiREGJwZjvn6w', 0),
(1236, 'PRhMe9WgkrVIWF7qtLvJfwBP33dUnyA0', 0),
(1237, '4XN8364TSoVw30609w0YicyRxej6fBxS', 0),
(1238, 'm1azFabIzjbPB7j2OfgC6Gt6FxvNWrAv', 0),
(1239, 'yP2TVLRcAS6s84xvzZynVl424gRhgwW1', 0),
(1240, 'z27QG8t7KzNnCHbEV9kGKBBOggay8JjR', 0),
(1241, '5QzvpAnf23Ju7XKMEgA0Xqo9BN3I8LYS', 0),
(1242, '6E9cvEHcj05WD7eyHMCLQLfuTfi2CjUP', 0),
(1243, '5xOAZ3daTL0CFXAudavuKEefLzC9FKZV', 0),
(1244, 'IpycZ7CzRQ4t9ouCFzKOrzxlFV6WZcNQ', 0),
(1245, 'VO5rnhxu8IC2onSc6pX0a7M2n7I0aviW', 0),
(1246, '1DVnRXe7612fYxwyPMfa5Qs9g5g58qvX', 0),
(1247, 'cUewqExDZTswxDrt30dCfHpWI9xFT5XX', 0),
(1248, 'K4M6I1HAWxn6qedeD7dsddTOcpubZitW', 0),
(1249, 'KqWnoE3d3X7FyeNbQ1j7NGHkCWPCbXGp', 0),
(1250, 'dvoYTa3pO0acv7PoqaI7YH7SSBWBSikW', 0),
(1251, 'drSycWQsunCwEP2vxhzclKpc3G1klGS0', 0),
(1252, 'Z0f4TJ1NHyek3sXB98oH2hDSW9DCzhBt', 0),
(1253, 'bAY2NZ3o5Otsr4BF77KytD2g9hAHye0D', 0),
(1254, 'gDMylpzntAafkWhKL8UDtfx7VlIVtDCc', 0),
(1255, '4cZ3a4UvGSCj0KKUGKzFZpQh5eCoBKN5', 0),
(1256, '6KfbQxqpFKkfHPX1MvRXYsOHgykRc3pf', 0),
(1257, 'YZ6QmCbu19zqYCIDSHmKRyAvfu5o79Ix', 0),
(1258, 'myMNa3Niocy8kt0UX4cs3G9TdDZahPIJ', 0),
(1259, 'EjQaa2Zs6up0yIimqQiZoozVTjcsJGOo', 0),
(1260, '9FauQwsewzKDoCVkts0XeMEPNYsm4TLS', 0),
(1261, 'nfgdGydaeGkz7chTamUXj9kpTsNupUO5', 0),
(1262, 'h7Mfy9xIQ4Zg3leFjHQhd9WqBU4mu0Hc', 0),
(1263, 'epq8i7x4vMWW7d9Vy48zyaf7XNzthfI4', 0),
(1264, 'XaQHuWciXthAfRDFsbgiOWcWXzgmQ8uq', 0),
(1265, 'IjAQnUPBRtldxGSUpw9y2N8k0Rautk2s', 0),
(1266, 'Py1iOdQeeDLbsSclblkIxIyAqnUrCkiX', 0),
(1267, 'QDphX585oZaBuZ0xylVYduy9SsdnllPI', 0),
(1268, 'lPrOuC0DNOt52zSYwH6SH01L8VPi3oLv', 0),
(1269, 'IgbaOWFfjDcOXkr58eqnODCO2AMaDGSo', 0),
(1270, 'pFtLpCwfdGaYyNCQxcvTWHwYIjCZnpsm', 0),
(1271, 'MRrPRUAuHYVqWDJLY7XKfF15Cc0jypTc', 0),
(1272, 'WwtJzm02rLxkEuYf7JqFvScSwiPZ2pjL', 0),
(1273, 'btMVqr9Emokq4v981Yovyc2Gkqr4AjMa', 0),
(1274, 'D7yY5yzXwcf11332NV90Gh49Okojr1wb', 0),
(1275, 'YxeU2qvbNxBmhHiPSWrmKMMqbTp0tGQd', 0),
(1276, 'BB4rbWyOU1tztNbt3G4SqiP1msdzH14g', 0),
(1277, 'otJAyg7kkMqb0dYe2Jz5wCDw09gJvLeF', 0),
(1278, 'WqFKk7VFgRwZyJ4BbyjaNyIygxBgc6LP', 0),
(1279, 'CVbqAJGGbHnFh9jjvoGN4jE0vH461jfa', 0),
(1280, 'WnI1WXl3xwjfK9p5OFkECR91pdqk5eQ2', 0),
(1281, 'mT2dlimloqh4mij98ClPDf0V9gw5kLEP', 0),
(1282, '4vrx2rFalLvqAQeojA2D1TQSSJt798MS', 0),
(1283, 'Thrt3Rf0iTjZK4j7nsDZO30MwDOMlKRA', 0),
(1284, 'emupLAICI8CvV0Q1JgtPXB8h1lTSLdzm', 0),
(1285, 'BRcRKNlpIIRk1yEAk8a5bDpYSSxjNNfw', 0),
(1286, 'HNHXCtw6Yx7gCaajOvoEeNFQJRBoqJVi', 0),
(1287, 'McG60r1UFpcmnSPNWcbbLaAl3RVMK9mi', 0),
(1288, 'wHyoZG5taKv4IYENeymgsuTkqER6QdiN', 0),
(1289, 'bcVBzvSxx2oKvq8oU6vjkhrsmrFSl7J3', 0),
(1290, 'sZORpR1SVSuCuqFxHz4kGTmWCFv9FRtu', 0),
(1291, 'ZEdisr5GQ1dAQVVjUcUe2Zif0ekEJkff', 0),
(1292, 'y2VmUC1VwMnV0BP5adJjbp1doMSamNEz', 0),
(1293, 'zQ0jL2RfyR8n2V39bHnOgsPI9vOjADjO', 0),
(1294, 'AwVyimhJGcfNZyP8NRDzf5Y4vvf9rVpb', 0),
(1295, 'AKkOrseCXxG4DMr65y64ylkaDwhw4lgl', 0),
(1296, 'ab27vaAXGwCridhQRbLLadtq4MkdZF7a', 0),
(1297, 'Vm63QBbBKHlgRE81nomhApRrCQZV0QKB', 0),
(1298, 'HxoE79oza11evLsyC26CKTSyUWHPOsL5', 0),
(1299, 'N4uyjZLyQ8vdUszb0w7LtPkJWN8Bpo47', 0),
(1300, 'uEv5CTrJF4B7R46fhmKeiAAxaFgIOUf5', 0),
(1301, 'M1jbrRSqfMh2ofwTHzdhhimtFERBQhCR', 0),
(1302, 'TdUrxd8fBboKyesNJAfsmZqrBqoVo5K2', 0),
(1303, 'Zu07bqd8Yhe1CIfj2Ak1wnqE0J8C1S6l', 0),
(1304, 's4i18jTewX0S0NuaNO6PYwVucTZ4zo6c', 0),
(1305, '49bL3TghmtgZK8cprodJxGEsQYPL6sjd', 0),
(1306, 'BHIe4PS8sPT4shVwCtZTwagk5IfW7xyK', 0),
(1307, 'HIeD95TaxHJV2jV5Z5NkIGaGdgNFjVhm', 0),
(1308, 'frgCjsjpshLKCyGOsTxV1Va6Zg6yvAgN', 0),
(1309, 'QVEQvbLOTLYvqFbzqMQFBUPMs4jiQWEB', 0),
(1310, 'pMpSRKe41GuYoWeGvWfOXxbFftfBuhHo', 0),
(1311, 'hcrSO22aiJhe8ebdG4In5rFamceEhzYK', 0),
(1312, 'ZcAph1AG3mr6HY2QLztDISdrAweYctWu', 0),
(1313, '5PihtgbDFtuergmUviRk32uATmtz0wD6', 0),
(1314, 'ZRjZoshkH260YBvFxK9Kh2Y8qwILU0Kg', 0),
(1315, '6EYraAGRYaU8KJ259HfAqEYkqB8nY9tv', 0),
(1316, 'fDkttd5Bn30a0EgbihvhhrXSngDtzJLc', 0),
(1317, 'poCOnTgYr6LdUmSvcKRMTuDFLsCn1qEU', 0),
(1318, 'gOzXAR88FpDWUfm7WKU4j223LiUdlGM9', 0),
(1319, 'Nxsxm47cPY3tz9azY9vWx5YxSF4xWPDY', 0),
(1320, 'Zdnpw5daNP4fAtU6X0CQORHjinuNlGK8', 0),
(1321, 'fEbHSsFyx9tUyD96P9Z86jJLDwY6c6Iz', 0),
(1322, '0A8ggHbWcLDxOKDuVsdhfGrQ62QYxIv6', 0),
(1323, 'C4PtXSbaSWAT0DGuZsTCqSb4tf3sNf5y', 0),
(1324, 'LbC39z8HTM90cqZhskxgr7GbGYbTO6SD', 0),
(1325, 'ng7vwqi2KzR96I5Y2ep5aBTv5asJMdGJ', 0),
(1326, 'TV98Jx63SUJeOSPNWOYGVpaUqrjHmUn2', 0),
(1327, 'oFXkCNK5BjMVQODMLR4JK7C05hHIL1Ul', 0),
(1328, '8IBWdgqCx5vpicS7YiDzsMNOIdL2G7X3', 0),
(1329, 'iyPA4HOqHEMRgO7BA775pgCCnX2odxQ4', 0),
(1330, 'YMMtA6yZS8hMQBMXTotArU4C4eMJ3hp8', 0),
(1331, 'GMhtIzSN7a0n53BDkJjbU3v71SfCeWP4', 0),
(1332, 'LWqRTzfr8fnD2mw8ux2GclXujaMMqWrE', 0),
(1333, 'cJELk2jNkqz1NgRPwrbQwVx1EL9EkrsV', 0),
(1334, 'GCLKvjNyTAPTt1H7Vj29vA0pOMOh93tY', 0),
(1335, 'RMpBSxH6Zgss3F0XMuNaRasBnf78LBtb', 0),
(1336, 'WTI9jF1ZFLdVKAa9rNJho9YnB6NXUzvr', 0),
(1337, 'vfAVGLM9Y1XKOHdtttqPio3FkzuVPCIV', 0),
(1338, 'RVzdsgKCYEFqQoQ0g50usD250CkNmshE', 0),
(1339, 'KxIiHN4hUONF9GyFVjciS8CtUIkp6oYc', 0),
(1340, 'fID6lrISJjX7icBSPlq82rTCV6ZHzNgL', 0),
(1341, '1Xj14e7nTN0QXD34gVaXkZQOh32BwXNa', 0),
(1342, '01UEAWJY8CUOe5aM5fAikDDF5r8371XM', 0),
(1343, 'uXJ8VeqDjyWmWsrdTX4OfHUb0JamWGA3', 0),
(1344, 'pVD3cJvES9hIWGYg1WQhYs9p1Ddu5kKa', 0),
(1345, 'ZcrPr9bCQikjDfxB07waIH1bFrqzzZak', 0),
(1346, 'JtCu9pp9QZrK814AR7LaPRs1zb33tuRW', 0),
(1347, 'ygyaBjplB3I39R1kDC8z7p6lKdoWnzbc', 0),
(1348, '9xVMQu4Z7bUxkHFeeNvWlRFMnYU0JfVt', 0),
(1349, 'UtLAAh2KSmbzt77Nh9fZCefShECNK0FO', 0),
(1350, 'ccGd76YIdXvvgTc3PFcgCiZZQfs8HazY', 0),
(1351, 'jBboqrmbZdHXZA45JZojwo7wLC8dFPeX', 0),
(1352, 'oglE4jZIrY3yWmNSqYdy8AM8zklT46ll', 0),
(1353, 'Wjtau0ss1b3ayXB76xZaVw2ffF2Dvgig', 0),
(1354, 'MCyZsuV8UFTj536LeiWn3Z0dQf5utSxa', 0),
(1355, 'HBI5ypDP9vP8lZuF1EkVKsykKG73fqYW', 0),
(1356, 'e8w8pAIqoIb1MBPCnpRGocI2QcajtOII', 0),
(1357, '3Iae6WtJPlbmogikAbuSck4S9yZ0SrEx', 0),
(1358, 'ImuWLiiChDHvZYcTEJyGf8whKAdfqETy', 0),
(1359, 'LjSflcxAe5HLp2BoyKq79aIBkhwwN3a6', 0),
(1360, '9TUWLWaSs7gWS1pepYqbuspOQW1jEexN', 0),
(1361, 'CG1fyHrtKyQxGscqCDGRh4H58vUSDKg6', 0),
(1362, 'Hv2SzzoyAcLt9xWrxt79qFfLDtDxFLxW', 0),
(1363, 'eWz4Xu8H3rtYRK1AizSSmAG1bGJdsRqK', 0),
(1364, 'ZDmAZlAPXEqXtMCB5QYKO3TfjPIvTxLc', 0),
(1365, '7ZeftisYtVCXB1nqmqWj6rEAE9oFVS9x', 0),
(1366, 'jP858RNbZ3kCR5nUtO35H6lGtgvVDwQN', 0),
(1367, '1nLPO9g6hWDhvkOZUU12WCuppF84f2xc', 0),
(1368, 'uFSSA14nMxcF6oKij9baUHzZG0rIlziL', 0),
(1369, 'Pk2fvdZ18NQiWE65LKlrqnpRgDxDpYjp', 0),
(1370, '5IO6LSGYpO3CgF4msawfFD3qBPLRGUPI', 0),
(1371, 'aFsCA4tjlA874TtM5g6Qt7g6TfVsx3k6', 0),
(1372, 'mjkwKp2IsfiEXEEe3IvIqWrRu62lEZMS', 0),
(1373, 'GGK1O716XWthwv1NANZqfHjirrgKo3sB', 0),
(1374, 'h75jz1c9CXmfgcW95mLwptul1fbi8BPT', 0),
(1375, 'LuQjcsFZccbhrILF2jeNPZumeuPWnR0s', 0),
(1376, 'Q6cHr1HaTUWaJoLCnMDmMESJI8CCLQwB', 0),
(1377, 'vGmE6oN0ZK1KbedJz2DwcWVfFbGL9SOm', 0),
(1378, 'zcJePiZPQF3OdCPxId4AArNzJNUz3iJO', 0),
(1379, '5mjb8BQkNsKIO9vviCToQyT91VrbzmbU', 0),
(1380, 'IgQ5erZToIxkfJgQyvDWsM1YejFQQY7K', 0),
(1381, 'DSRXtTOS4DRqjcjAULhrXkSqObhbeevf', 0),
(1382, 'VjfudZ0KJY9JxR8cBBDgm3gQLNIv8qwX', 0),
(1383, 'LJQ22DrH3wvW3D4mZC3u5TxLFiTarq6B', 0),
(1384, 'qeNbOqDQoDTDanw2mIVnG1AdnwXCgD6U', 0),
(1385, 'RViKx753si6cbbDyTYEvCJknoxtY81Jv', 0),
(1386, 'VNWTzxAsqIvwHVRihCB1rnDdzL2XRXS9', 0),
(1387, 'yhGreRoP2apPqgvxBezoSZHFmo2ce9fF', 0),
(1388, 'w8rH5GHOuA7wA46zKjvrj1RbYKjIuEI4', 0),
(1389, 'uEgKDJHWLBiYCbNYfXdOAWNjoCm7KoDm', 0),
(1390, '5AHZ22Pj1ythUUncpnZhkn04FrKG0Dmz', 0),
(1391, 'WI5Tdear0D1WSaDAM36i9TKq00SQhnEy', 0),
(1392, 'PMIq9fTD2dgQmEihFyy8FIEh0BS4cSsd', 0),
(1393, 'KEkyp1wxHjoYfxX9V4ETsYc9VT7MWZ3v', 0),
(1394, 'LYXoZoQxwXMCqEwWSRtDRKp9GOXam8Gv', 0),
(1395, 'gD5cdib3UPg03HxUudqQbU4z5dPwBqWy', 0),
(1396, 'vvUN55ZSNryVy3d5mO7kIakpPNcrF11W', 0),
(1397, 'WTxtY7ImLqkXMgrEt5BH0IjiD3moJrkN', 0),
(1398, 'LU5COHHmv7kVjlLu1w5tqU2Q769oPGzs', 0),
(1399, 'uxVJMKCo4n0bD4pJqLCKgB2javcknwTL', 0),
(1400, 'dRTICEtHPLKGKS5zFLBjJ188co2vYYhK', 0),
(1401, 'X1mnVdsxdfL04x9FeFeuqrikpRL9p5u4', 0),
(1402, 'p8vRRxdiYuqvL2HUKqOKyAR7vNQZkn5e', 0),
(1403, 'Nj8LQJBVadC27jJxKeiCBI9zEVCZ19Zp', 0),
(1404, 'XAjy65Swd5QAT0NkLhl99etN5ztRVb0K', 0),
(1405, 'UcNF3kHQrXsewm0FHzerTMueDAMry06J', 0),
(1406, 'fx8cxk78rDpDg1l0wJm54lYyOLRvAOeT', 0),
(1407, '2K470spAfXMiSZdKJtXlmfy9MN7oI7JX', 0),
(1408, 'tlZeOmRfSCY3jpOmQeMeHgdDoT5GjPqS', 0),
(1409, 'xH7jR5oye1RQCdheVBgfrt9XVRisLyjV', 0),
(1410, 'Iwzd1Sj38l4SH94u8KIy3erwwT58019r', 0),
(1411, 'QAFU06EJKuBZ7DNLIaCs4PVYDsg8gbNC', 0),
(1412, 'twoAkWJyGOc4e10vMlB6Q4A97mKWzvDa', 0),
(1413, 'k8D2iuHyXeCxw4cNoVQWvBBAowvFrCtz', 0),
(1414, 'gxa0XzfAN8jA58fsskN60senYLzA8tk2', 0),
(1415, '0lIYmv2yYGQyJwrRiu3ByXWUDGSvDU3e', 0),
(1416, 'az35ouQpZy4SShuwQ0DHyOR9qQMyi7Zr', 0),
(1417, 'wLGhCC6WNtQ31kBj1c6W8wLWNlwWEzVu', 0),
(1418, 'f1TAlmbqP3jxxCB90tWcz2dSguNXk9DA', 0),
(1419, '8MDiWo6HaCMCxFvsxe3rVLTnVlU2GM7g', 0),
(1420, 'WPKSrlmqOrLlNMtIrvQwxoxrANgzDjox', 0),
(1421, 'GevqtVQKtDxt6c9R2fB9xf4NZyiRJg8w', 0),
(1422, 'k07SOU6DE6YsfFSCeHgbfI2GAbEINWrz', 0),
(1423, 'scb3l1Bt5WTbni8FncSuDUsRdWwY3KOA', 0),
(1424, 'HqQJF4K45N3tLR6AqxVgsjQ5nOC4KK5i', 0),
(1425, 'TTgxEzajgr78tTs13SLqhMT5BqSKoGxy', 0),
(1426, 'eZTgcTjOSiEdDrE5bflINM1CxwSPVUxQ', 0),
(1427, 'E9jiEWqRfuvdZuDAcKotZqcere7TisaJ', 0),
(1428, 'zdh9HdEyK0dQFuej4vZLh6SFMHCMuK5o', 0),
(1429, '6J3OjdC74a96NNuywQqsKI8r5hfg8jnW', 0),
(1430, 'SpCi2lSwGVPTfnUGKrcmT9x9pIgkQ8JT', 0),
(1431, 'FZDWavscuqBa9Ti0JJGr6bJnGoUB0qXQ', 0),
(1432, 'rJiaEYEdkFtUKpX8uhVp8qwW5lG3FvIJ', 0),
(1433, '1Zxfob2lc3BDP6nZMHE5NffbVQyZZMzI', 0),
(1434, 'uIhsnTrEe36Omc9lbDptuRT7GK3PttAC', 0),
(1435, '5B6R0SuBXWUS11wHZGaJBfNtoXAVb0iR', 0),
(1436, '3a5JzJ6RDQSuuNZ37mr4doFzceHaF1ZQ', 0),
(1437, 'MA0Fl8XppY9kCE4UG8STTTWflPLPDN8W', 0),
(1438, '5RuyM1DPZ4kqbaQsJMkHTs4qQ1YXyXDb', 0),
(1439, 'KawHj3nTOpBQIRRX8y7Pc7QemkDi1uUB', 0),
(1440, 'a2tAHKRuHetLGGXM4B3bLed2fwjIw70O', 0),
(1441, 'ZHgEZSF5RmyA79XplvTmHZuwFbXKvKZi', 0),
(1442, 'rjlmDS2ViRXdqKOTwjsgTEkn5SLx5QgY', 0),
(1443, 'UeZHM7QRJR4k4lKZpb3ddbeKvzat9tHE', 0),
(1444, '2j7VIQJY0IE8dLhksIGBJbuEtRsOwMT5', 0),
(1445, 'ptRp4esOaQ4QyZ3bHF8aQcLWtBx49NlH', 0),
(1446, 'jxUmJD1UkohfXTLJSJbVfBzQ520XdrBm', 0),
(1447, 'zdtEbiS6zgEMFuwZzZNyxSi8sbnN14qK', 0),
(1448, '4VRLM2wI7EIWPxvHtPumIdP1kAyfQCqR', 0),
(1449, 'RU8PH3IMptRv11jDbSVXwjds1kEyM63j', 0),
(1450, 'wAYdzYOJfxWMVxnf0Y0jLvQKcIZQZx3w', 0),
(1451, 'dHHvKrvrGgNjKoneEv8gQHDWqYDLGfmt', 0),
(1452, 'RfMzx5Vjc1kN4ElpVe91v92KmCoZoheL', 0),
(1453, 'LY4DrXmMsn2st0MyOQ7s3DNKDitZXjgs', 0),
(1454, 'Pu7bsnWmcaFg9Xagvn4P3BHYqfpt6KcP', 0),
(1455, 'TxomZkgzBVD8nEIKg3XFIpV1RwNNnoEE', 0),
(1456, 'iK5r8AXvPw3onUKhTMowotjYvvmDykgs', 0),
(1457, 'aJVcH2EsygTRF9ruZwcfmxEcV537vBBm', 0),
(1458, 'k3J3X2iyBN5HtrHdotWfWXA97SqfGX3z', 0),
(1459, 'tQZA2mJeaaSGxDTSxhGUTlxuzHXrDpbF', 0),
(1460, '2yHqzjm4xuE9tTTT947dSxf791uQUCO9', 0),
(1461, 'brBbGmj5kVmUtfLXkbGGixcubzWinaBv', 0),
(1462, 'DVqLRcKlAMypyUUeptcdRtcbdJxR48K2', 0),
(1463, 'bMNz5Ipq4691LfBfgY6BCQMLLEcb05hS', 0),
(1464, 'O42hZTTOSUOjxmmVsHJBQocuii8KVYwi', 0),
(1465, 'KIPns5qv3z1Rp9e3NHWfKlVPssIqzpMC', 0),
(1466, 'mdSBpUAEfv59eIBuk4XAxMBvfZO2V1Dt', 0),
(1467, 'ZdprU5YR9WANAgAdH2Y8LgAyzaGpc1Zo', 0),
(1468, 'sytVP1Y3LDHsRwJDHxgIxaiEARtDzAOe', 0),
(1469, 'QJv62MbnJjtHGb8Fq2BIhqqcP8FBDFnz', 0),
(1470, 'JGuMqQMOczgUwizzOJXxh5m1ZUW2m1nK', 0),
(1471, 'qrl5UToiwDt4yNYNEVeryiClFC1LBiJ4', 0),
(1472, 'owPNZ7tkkvayyz2kHB50rQQ6xDIBli8r', 0),
(1473, 'Cl28Y2jTVCVYSzyBf4J26pgEFVj5WcI9', 0),
(1474, 'DxvJ8T7EOE59wXmmIATJhqdnEj15lfau', 0),
(1475, 'vJJqoIOzNrxH6UOKwMr8SWSSs5esm7M2', 0),
(1476, '11UpEJyrzksAkVbKdSgO68beLeG1bM8x', 0),
(1477, 'cCmiG9GZ9tmnTJ80LLw5G8KLgP8FhYzk', 0),
(1478, 'sxZNhSQpFz128cJIchKceMGLyt03jbPL', 0),
(1479, 'gsCCTcXacWCou990VRVCeHR8noRN8tDB', 0),
(1480, 'FT8j4E6nvfSh1qwRu8pkAwiJnKjyOymn', 0),
(1481, 'hBJcITKsI1w81ge3CweaP4OGhVJcS0iP', 0),
(1482, 'nUEKQGiXyJaxzKpTsVxy1AYR6phddGdv', 0),
(1483, 'pmfS8oir8jtMGCj00HDWkXt4cpzcK8Ts', 0),
(1484, 'jqkbbBhaT9KcysbdVJqO0r4YWoFPapfw', 0),
(1485, 'sCc0UoitDyu7fJJpyGq7j7Vx2VkckM5W', 0),
(1486, 'DXsphxuKCrjLbvUlH96DIBD3FR6EmC4w', 0),
(1487, 'yNWnxv5JuPh3I36oSiNSGG0vk0fTNUIc', 0),
(1488, 'tz6DAcnL3O3uRc1a39ctOw1u1UgDoCC7', 0),
(1489, 'VmRF9JKszwLMvJtdTycUNnDkygOb3evz', 0),
(1490, 'rwQwxAbQKVrSvYjnrPj3nf3N774kh3OV', 0),
(1491, 'KQE29XxShFLt5bWcKSQ8nkFd6LMIMcAX', 0),
(1492, 'npG7d9FEePRp5gSR5MT4XwlwASixamT2', 0),
(1493, 'Tn7mf5hPQBOIvMCXSGUsDf6hXzq9U5RE', 0),
(1494, 'smgoLrDv1o0UAIeJQvFqmXWANG4Eq8IH', 0),
(1495, 'tRXgdVqxEAwrvIhx2XSksnW3Hdma1whg', 0),
(1496, 'ugymSgeRz4Tpl5MpCcURLwGJ86ZLYRPb', 0),
(1497, '96e4VbQwobDIRYveNJC8M0jU2Jv7F8BH', 0),
(1498, 'qskpGyTc3YQe0BpNKJiy5bT9zvlhoGDw', 0),
(1499, '7gXacoRgv3RHicfbLQYLi0GhUHM5aUSN', 0),
(1500, '7Tke5RdYnQxgDEGoKFJctT9nxYVcEsGs', 0),
(1501, 'Razo8NvbVrcAUUqBJqJaIor5jW6f6n54', 0),
(1502, '4Wr58vh0aIjww3jpGymDTJu0PslQ1uwT', 0),
(1503, 'GgYFy8q2wuwq7wm5unUD7DYbOgUKSiTE', 0),
(1504, '8TfWKxya8SbEOd7Lc8xZ277GKTXAUh7h', 0),
(1505, 'XwCMHlwuPbns9F2fwWp4gMjTypDJ89E4', 0),
(1506, 'uCHLHhfzsuUjog0X665Ty2rrcGmnVsHl', 0),
(1507, 'ouvsYcO4ffXGnIrWwzps0eYzyjc6SvO8', 0),
(1508, 'cklZxQxI6sOuBH2LHMdV2wAaIrR9jk5G', 0),
(1509, 'O29qMtLFLp4dgDFdRfoDJ0Qqwt0EfTZ8', 0),
(1510, 'JtxtKACz6mhiQsUeXTArFG5hIMkf2jHe', 0),
(1511, 'Lmq0zjwF74LH5SubwW3DbHAaJTpjv4Zz', 0),
(1512, 'ASQ4ABu1hmt60FOs7N1bbiAUHEPStQq0', 0),
(1513, 'gKtHalDsAzRyHKGufXhddFV3tdzsRSTS', 0),
(1514, 'FSUPzGik4Z6wDdatWphbdhLVJ0TiG4yb', 0),
(1515, 'UjQVWJomYFHWpr18uCzZ0ZcULpmPN84n', 0),
(1516, 'In9ICXHRlmLmwlxRqzcvFKDVKaPMGLOJ', 0),
(1517, 'Q4a9LpQIxAObu9B1daat5o8zWswhnwIP', 0),
(1518, '92upnP3J59wqmVwHYGcIlMIj0WIqfeUi', 0),
(1519, 'DrNOU0WY9tSJ9JcUuwsJdhbjTqMcFWQd', 0),
(1520, 'eQGTm59GLB1Y3JYti0UkgQoblF8mVskc', 0),
(1521, 'JGoFsgfpwQLkBWqs0JvdslvsacrQ4xTH', 0),
(1522, '935FHln7Wx63Pz9J9erQUULrwFWcFeNB', 0),
(1523, 'G7xDFKcUBTJ6q1ltUxTbBGo2gKoPVyEZ', 0),
(1524, 'umpLFcM9J8VjyN0GZ0Qcx8TMHDRdDR4h', 0),
(1525, '9HlFZH0iowo4Edau09i3fmUHoXFDLicj', 0),
(1526, 'Fzxfk0miDvINjfvKHVBWCdSdpBDJxCHA', 0),
(1527, 'RKDU4K116G8PaWpZXpIR150HGb7MAdi7', 0),
(1528, 'IIeVsEGguNu9egpI78OQcz7kdRnyhVrs', 0),
(1529, '8yCYxWKD95pL6i8rZi2LOr2eo5uLn4ba', 0),
(1530, 'Th1OufL01fpHaidFN4KPTj9qz6FyzzF2', 0),
(1531, 'tfqAZdE3FUfdKeeYmpzMrTiJgjM33xIp', 0),
(1532, '0NoEH4xcRhSJQZOgmi1XtICj3I7ux1Fa', 0),
(1533, '3Ywabqvi4alIBpPbdnWZFJhRzgiwQWqB', 0),
(1534, 'LjL4raGM69UuZ0bKZWUY4Grv9D8HUIVS', 0),
(1535, '1mYXrrVO8PeLgNzqc9eDCT9ZY8i5Ox7a', 0),
(1536, 'U9vkT75mtK8fgN0bmz5fFXQjK3t0fpu0', 0),
(1537, 'wspvqdaTABsdyT9RjkmWxWl4rK0sXer5', 0),
(1538, '2lWWmFxCvBb39xQQmunEyzIHTkuaTruh', 0),
(1539, 'nGnmGhXrd4JIlu3rWusu6UnWyO8oOkOT', 0),
(1540, 'GLSdhhd1nPqQLLu4D504Hm4sEOd32WYB', 0),
(1541, 'RwSGw6G2grDsq7hZ6ykFttZJQgxwrEbh', 0),
(1542, 'WhCg8L2yGjuVuxrUA15JTvAY5C1pgZco', 0),
(1543, '1vjqTNzpuRHb8yLO8OKdxVvMFlr7OMvS', 0),
(1544, 'XdXpHgCIlX8iz7f40DRfWQ6Y8xjjhpHe', 0),
(1545, 'WxYavcEAeefHxgEXf4Ai00J1EU3uNmyR', 0),
(1546, 'hOfInWnDgeZhEEyYbfUGSGF9F2433njz', 0),
(1547, 'h2C3ABMsGNxSmd1GQQ49P1tRKg2yFYWG', 0),
(1548, 'h5u8gN8pXC7HBUU2wy6Rsl5szROYre8G', 0),
(1549, 'MwUs7zEaL5DdK8xhXNzn4vPJf4Ns1ulh', 0),
(1550, 'zdnEJduZvI2CO5PWA1NEyNo8KWn8w8v4', 0),
(1551, 'TLVbLvuHYDG8fPkNFcSCMlvXhgLfTvyc', 0),
(1552, '286bPlzp4TsJQqZ1YNpQnmsbxVwqvpKQ', 0),
(1553, '1hJ9Hog2JlqeTecXnBKTyc3kxYifnxkI', 0),
(1554, 'aEEd8PB5IJk4JIvgtKLJLR5SS8dUUiLD', 0),
(1555, 'mB9ak322BShppYinFBdcxRpeNxa2VLB3', 0),
(1556, 'pNAf27gVtpCRoRd8UP1UrN70z3GdjRCJ', 0),
(1557, 'gwHZp0GYfg65PHOsBRScdd4ASNcscYaD', 0),
(1558, 'PGPJ2HvUUimqdVYTSw59p7jILW94NAMU', 0),
(1559, 'sarMHiKUhduuSvc0IxZbD1tAyA8ekbhL', 0),
(1560, 'rLYquWA4mZVVCWSRK3G8dfNQ1E0BEzU9', 0),
(1561, 'QuzBoFc3qmmTcTbJ6dbGXkhmOxtg6Qhn', 0),
(1562, 'QYSMaC8h8CtA7vjY5Us4TMBXB5dfvG4s', 0),
(1563, 'PS61Fv5xaTp4SBC9V8srE8csxamw51yw', 0),
(1564, 'SvREKMqR9C9gvnUO2ogmBSMaZNwl4p0q', 0),
(1565, '0mHamlAq7G2AnDN5czBa05fQ2Cnx3t3D', 0),
(1566, 'OH5R4mEfRr383cOVtjmOAj1grwLNYtlH', 0),
(1567, 'JY1dNa4glBaDnqqCqMbxPyyAJjgGUQb4', 0),
(1568, 'ysz5Olbk9o70QfqcIE7lQh6DDN9VAcxa', 0),
(1569, 'IksciMr12NefD8A1xleQH6nSvrkH0vIN', 0),
(1570, 'qpMfPoIPLMAtq9cvjup0ZE6t6NUT2bGa', 0),
(1571, 'Fh974tbn4BaGJE4Z9pEjwu1ZgqMRA4cJ', 0),
(1572, 'MLqVOBejQsJjuDke9XsD6WJGmZ5hzRhE', 0),
(1573, 'iyKy1QtAZKUHjuPYiQ0YCtcRijUcHMo4', 0),
(1574, '73giWUn4heBPVsGZE5eGYJbPdGcodkvr', 0),
(1575, '9J6H2qSIiQw07lKeUBVSbztL2WqmPOE7', 0),
(1576, 'q9fpJNLPTKHyErhj7rUeokDHE4byYsTi', 0),
(1577, 'Fe5rSJhfviivP2vdetsthbQCJ1W7YTra', 0),
(1578, 'LWaLw9K5TpbLNncHelg6X6uiNwczEtXB', 0),
(1579, 'hKOGiKRc71R2Gs7NSOxF6QcgqvtKSI7D', 0),
(1580, 'x4CiigfguAMK01RLnOx6hSNs4HN2Imea', 0),
(1581, 'x2pM2j6Re5LdBA85BRWdqaEmF4xUmGmZ', 0),
(1582, '7LaUDyNvHbLr64Pk8ReqshJkAnP8Nor2', 0),
(1583, 'rrCIJMUTRtTBbZ2svSe5kBbz8bGqt6Jf', 0),
(1584, 'chOLVH0S6Rae3BHnQNg6jvWnqd6Bi0uf', 0),
(1585, 'NFZN4II2UGG20YlfkFwdQn8Dlux5Ajkc', 0),
(1586, 'HAYtQVhmc4kaM6g08XIZiaQHY9ULYHyg', 0),
(1587, 'dLhtlgCHziCG1Okz2p4uFBYB8lkejoNz', 0),
(1588, 'R7eaec2flrrTwS2d6KEAxtP85RNH0x6D', 0),
(1589, 'qgTbj7OaJATZPUays468FTVomHxAfZ3O', 0),
(1590, 'N51kwyvpwjvPqJyxgNrHsz3EjuF4OfbP', 0),
(1591, 'y3dP7a3rfJDEjOBtwpksqJni9LqcJ179', 0),
(1592, 'UGyHam6bEGpMZnjqMMXJs4Y9dABkun69', 0),
(1593, 'FYmLaONqBFoInDbFXAAtEvBdBDIm9qga', 0),
(1594, 'uCkgIOay85Tvc2NUVOHzOo1QIQQ2uKgP', 0),
(1595, 'BSCGYVs6YmvjdsH4c8ctLjOmUylSkc1j', 0),
(1596, '0hl7lIJjehgkXFx3rH6YES1IeCWM5FcM', 0),
(1597, 'gevg1ZXeHTix0s5CUKseOxjLJQj1uC48', 0),
(1598, 'CNrWOWENQmXK72S5tyaSICd6IeOK4Ql8', 0),
(1599, '1yC0xtAfmSH6SM4ThmpoHx6eq6kjQaiT', 0),
(1600, 'hd9GABnwaDOwyPkJESZibIxy4Y5RcPZ0', 0),
(1601, 'TR5Nt36Eh577FPhkVjOVm1w8Xx00Vf4e', 0),
(1602, 'UIliRnGUaRKNoVauDvcfn6DH9Jc0koRN', 0),
(1603, '6WHQNv0QIZitDuxsty9vEHJzP5qTQyCQ', 0),
(1604, '341TbImD0ZghDXXrBVEzTinKUxdly50T', 0),
(1605, 'HnyT2tXTsELF1mxNBHEd43HlhJQHzJBz', 0),
(1606, 's2LNxbDIrWKQMfJwclJ1qSCdR4ErOebJ', 0),
(1607, '70BHvT2ZcZzGFleNiQPSzBAkeKo3nhGj', 0),
(1608, 'D3AJl2OlrHbkwE3KHpG3m5Hk3jJxgcwq', 0),
(1609, 'iPBof5ua7Eer5doSjSEob7dZlfVnsJFy', 0),
(1610, 'RQZyM2RCjinjijtuyVsC3Yv5vVLWzpa9', 0),
(1611, 'WcbaCuEAK74Fp2dllbIjVLlBGvLtgAxE', 0),
(1612, 'fHHWtlqwpqhdALZhEAkLK6vhXL5PvGmt', 0),
(1613, 'bCFt82A97LxWQpaZAmzePAjjcoCv4wtd', 0),
(1614, 'Dprtw5VdVht5YDUPa9HPdNqIlvqcAtN0', 0),
(1615, 'z5Fs5CjGYT4xX8QKTUcOhnsvIK1qGubE', 0),
(1616, 'rL38X2p2dJzgkmfC993qIj5dPeUEZWjf', 0),
(1617, 'gmFM3kak82y1sAYHCy7GCwKnxmhWBPSg', 0),
(1618, 'XGrUseHCMnKnWoiYkdCRzfC9OAdMzeMb', 0),
(1619, 'eRZqgIylFNyPLHnU0kPiKVwNytWvEC4T', 0),
(1620, 'IjTjIHmh3iTOwk4kekj5OW9CXWUKEVDY', 0),
(1621, 'dXCashT77wm9iR7zgJZ76o4NMMlD8D9b', 0),
(1622, 'Qa8hL0XtWYK1i00d4AsJGTw1HWbDaA3l', 0),
(1623, 'JfDENx8fkAU5kZ01YcAuQBQsowtx6Anu', 0),
(1624, 'ywrtg5eXrr14z5YJUlv340skGoQQuYfJ', 0),
(1625, '3eNnKySAJtJRegr4lY3rUgQXb4DxQX9J', 0),
(1626, 'IwH3GqULfc8f23S5zEQGUqDIbSMZNcuG', 0),
(1627, 'emp3e5L1Ea2IZAnYnTv9vp7pbeRQLXi2', 0),
(1628, 'xz7zpv2j2zQjQCXG0Ba6h7OwHKiNw4R6', 0),
(1629, 'wpqV3Zb9CXAOlFlTHJ92ZgybEJau1CO9', 0),
(1630, 'Ip1u9m3FRkWUG4qThvJ5Q14o9ugHsobA', 0),
(1631, 'L2wRgnY2LL9fQw9QxZJCi6XmAOBHtvpd', 0),
(1632, 'nZI7efFlZ4AxiHEuXsC3PwTa50iUaEUG', 0),
(1633, '9gmgkHbXHjEwonEhzlECjWQXv2IU3ij7', 0),
(1634, 'WXLLh9pUEtVq1NNrKHZScGPiTMEw8GJk', 0),
(1635, 'ol7JOtbmpFAXxSkAYuS0ClL38g2Zbcoh', 0),
(1636, 'SuYe3G1S84XmL2IKrk2PaOn3tqqY35PX', 0),
(1637, 'gfzcwV0m24xL29imM6nK4T1IP15eo5GF', 0),
(1638, 'pqZ1TpiclscGXdU5dmZVIkTP0DixWfzz', 0),
(1639, 'UOpR0OTqpUXBRlMJnS39GsfkVowe92g1', 0),
(1640, '72lEZn9d8Fm9jwi6DXjnXAjeYSBm9sJc', 0),
(1641, '8WmtgYjzFFQw8fA3Krtj8GEe664gb1l4', 0),
(1642, 'ueN36cPk8YwHKVBZfIuL1dL71s8IeMKK', 0),
(1643, 'GOMrkRkiKdfXHSp11W0HzevV8qM2uUcv', 0),
(1644, 'GwQPM4JC8qkCyEq7mlhQTOVrrdTKhA3A', 0),
(1645, 'nvchlmPWk645zkUPwqWn0meYVr2qxUGA', 0),
(1646, 'EayW8Y01EUOpV9gzyOjJhAtvxL1wAKL5', 0),
(1647, 'MiH0jPFHUElyJeRTtJDkRNZDdzxD5VmE', 0),
(1648, 'aZtLbBetr56mGJqlkuXOZa8bnQc9Mxis', 0),
(1649, 'U7XIREfvIqKmq2vaozG0bozahUM3Rcw2', 0),
(1650, 'aR8nb9AI6xDMcULi6WgDN2G6gCbKxPgD', 0),
(1651, 'bMTQ1To3dRgLVciiUQ1hf1wCtPnFErme', 0),
(1652, 'CPuWvfM8ONKVaG5ilsPDa8xa5JXbtrqx', 0),
(1653, 'ZTDnyZ3H4TtxK596VPxdXRDSqdFyt4Rl', 0),
(1654, 'zBm02x7Tr6iTwdhcdpcLuGsjCNxJKLE1', 0),
(1655, 'NFuPGk6L97dcCKXonoBxqygSp2FJCWjv', 0),
(1656, 'JRnMb6n0ZyOiBry0Vcel9cjei8dM3OnF', 0),
(1657, 'Mip7vJlBIvMYpdX1i06QwffGgINiHdjo', 0),
(1658, '8HCBpfEAD9yX9xmB5I79S9xALnAwLeFI', 0),
(1659, '1XPkteXliPvyjlsbfYvfW782vk216fIl', 0),
(1660, 'kIdCyKfesEs4abYZ5iYDwf5NN7qMUUAe', 0),
(1661, 'IjJApU5nL8CRdWYhtN2L6oVH5U5QKThz', 0),
(1662, 't9iWBd4ik4S0PBNS0SOkkpnoiTKt9bB3', 0),
(1663, 'GvK9r1btNLFbT71rgKIIwSkggfeg0bDK', 0),
(1664, 'hPpE59e6pViqhl9Hn5GYeWAohE5Jqvrr', 0),
(1665, 'vpXcJWAt4dGnPhrOukOanCkpXjddKN0Z', 0),
(1666, 'p8vkgjrJ19SvGkMuXxOkRvLG8WEjKBLx', 0),
(1667, 'i8Wh12WIWP5pkark13U8iKTj6lkdn6dS', 0),
(1668, '9Fb4RpGAPQs9MflWz0DyYxpffFsZQTDM', 0),
(1669, 'OqlLFVBoWpl01hv8EDJJYQU8USfjyrFe', 0),
(1670, '3jqIP0d03j7SgRk7qAsMqz2R04Sawfs3', 0),
(1671, '1TOnP9Ylf9MkiQqGHpxQZBGwWldDoomj', 0),
(1672, 'tJb0Og3goCDnhdLSzjeLq9pmiq8YqcG2', 0),
(1673, 'gSMckaCnYJla4hVyGFH6orgXKBqsQPQr', 0),
(1674, 'l7OwO6sQklMB1Pdy6gbBRvfJT5sFP4Na', 0),
(1675, 'bB6nYBh1Gq59NwjYar5wvW4l9bvOxpYl', 0),
(1676, 'PYDBnkcKmOL4h5Ewj8LwE7WjQQ5HmZbY', 0),
(1677, 'MvTVIkmG9qe4GTmjHqd5j5IAqrbWuPjJ', 0),
(1678, '5H24a7sPiMjtUwtOFp1JMxuNhdkuLH6P', 0),
(1679, 'WQaZMPKzvwAOYiVTrgJsdTsZMPl3frj2', 0),
(1680, 'GXlvf59SfcdJQvikf0sR8KNOwLWYqeJD', 0),
(1681, 'JSHr8H0Op1rdyQD379nDYWRYrqiFOawJ', 0),
(1682, 'qIMUgYJiKRutU2Edz7mXxh0J8fQCq0w5', 0),
(1683, '1wAAR6iBsEYzfykTz8LSQwiQo4SmcJ7C', 0),
(1684, 'bWwn5ZBLKIheME3BJbxtioFzzEQ9J3ES', 0),
(1685, '1tQb5XYGK0NUI70z3P3wKf4klkjMmltD', 0),
(1686, '2oIs209UMCvJt4DHHrwGQ7VzPtsf9LoS', 0),
(1687, 'FVil43sPRza6fQ2C9kWXsYVl9LFPBqCA', 0),
(1688, 'EeWrlFW92BH7poMvmcbzulIEdLUT7EQ4', 0),
(1689, 'oznJHZ2h9V2W3LBUH31JEWXheoX2NFsG', 0),
(1690, '6QJOWlY841jJzVmROHf7VDxrukKYxNdW', 0),
(1691, 'oILLm245iN5tXrIIEzuvfIJrZVxcVU0Y', 0),
(1692, 'VeU2LT1TLrQI6LMtLs1GDUbNstzDMgsR', 0),
(1693, '0vZblHCzj4wFM1b4ZKyR0TcCZPdqoyUP', 0),
(1694, '4Szm0DXzxE8DifJCyqexQirIz9Y4P6AE', 0),
(1695, 'BMopb3w6kQCQdBx9zQqgqiIST6IfYdfa', 0),
(1696, 'g5xCZcwRsi0BeSD2R8noq8AhI1nWANil', 0),
(1697, 'JbOTIGjPtOdhnQyXiuq1cZQYCG600auX', 0),
(1698, 'aKcgsZ46zD8f4d0dxA5Bd1BDuyZwLCXn', 0),
(1699, 'qtmmqBxDdMzSg2gM1EGtAJYFd9nJ43Vl', 0),
(1700, 'gbNKZzgeu6pi0dJR2ATSymvi23lMwNYs', 0),
(1701, 'uLjFnU03LwIrHT8fndcUCyjh8630v3YH', 0),
(1702, 'MnWi9cyCbgVYL7dtJ3X1Z1tylGDNsv4S', 0),
(1703, 'qHAZyg7SRgiWHZCuxtO2aV5c2QzCW13W', 0),
(1704, 'LJgYHxSB7aW7ZWjwCsJQ7XuhcABFIoJ9', 0),
(1705, 'Rq6oJUg1FKuT1ousZftYbMybhP37M9EN', 0),
(1706, 'nwlDW7JrNFmiPUN8lJyJXHoKLMetVp61', 0),
(1707, 'trfxeSYwI0qrcoW8MzRflf9gO7hyyV9A', 0),
(1708, 'ZsJZLuRitlegdRprJ27bDAN27BVp4XJ1', 0),
(1709, 'EfiCAbXcBgEGZdYTtgsSyjtl3kadDXS0', 0),
(1710, 'gDFIX5OdxxRI4nxfTQ08l9yHaeoSwjVO', 0),
(1711, 'IQvelKMSFhiS3nTQncQqfHjr6ADmXZGk', 0),
(1712, 'HWCiw13HDLwoKJC1bFBgLQPpKNrA8YMB', 0),
(1713, 'fnmfaj3pDNO2JGzWyEyQipU2H1qn7pCy', 0),
(1714, 'uS4nlqOCWckQu5461vtwfRf2Njc34K2W', 0),
(1715, 'At7RRo0UkYqDjVfz68OFQfDXjgXVB5si', 0),
(1716, 'QbdlwJTQuugzjpfDNXwgLyWowjE7vvh7', 0),
(1717, 'feiBXL467tuzfCkkdLZkoVE7yqcfPFvS', 0),
(1718, 'MQW5xFt2LhXGP7ijhkZfhIbLLlaleqvP', 0),
(1719, 'ExJiVOVtWu5pU42abuxzro10Lriw97BN', 0),
(1720, 'cuXWAg59ZrQsDgEDKuYOuW8ozkMUgkUx', 0),
(1721, 'YUIrlO0xbZ0UTSeBZ2rJUvc0AZ0429EZ', 0),
(1722, 'n8zAyvaZfAekFAyTf8g8Rj814PJBf2YY', 0),
(1723, '3WH13qMpDI11vKuPuJk8IOeRmdQRMhHY', 0),
(1724, 'CoGR7gjgfdADXbzZMhiRC3QSUWVa0xqK', 0),
(1725, 'Hzfe6yM8raN43sI23NNAmG98Sn8Lzbfh', 0),
(1726, 'eK0orchwDNfSvECLstMj7fyyQIBQUAN0', 0),
(1727, '152ZPMsOcaJYiIscMZrRlKE0GJL7fuSe', 0),
(1728, 'kng1pYNaGsV5K5caLKCbsXWCzue6EmI7', 0),
(1729, 'P9R9Fh0YaLcKzrWoHn8oRhmxeUyO67pp', 0),
(1730, 'hwYqXNC1L5lk1xHriXZ51LEpcnldGXEG', 0),
(1731, 'tK5Q8iPbQZYivxogRPN4EcT9UeYb41cX', 0),
(1732, 'cjUCR8XHMKL2YpbERRKFzHTx8dtAVTtu', 0),
(1733, 'gL0hd7TwIKvWwrFJJvb99bMm04qNOpZu', 0),
(1734, '2DEJFRKHhN0c4xlQpoWNlGn2i57ar99z', 0),
(1735, 'Vui3KvQ5PNyhGyD7q0ON49iq1qbIsa2s', 0),
(1736, 'eGv5p9puI87MZvMnifuTgP6ESvBNaRrM', 0),
(1737, 'zivkXdV1xvC34sdgnzVhuwTnYC9QUw7w', 0),
(1738, 'w2JKFIOQezLRPAPagehPaEaLiO6q658i', 0),
(1739, 'FdBnJodu2bsyNl6lEVkAB4hwp8VbzpEY', 0),
(1740, 'KabBm681f7tK5iesP1Mx5JeuM6NGFpla', 0),
(1741, 'UTHaxWdVW6vyeBLSi7e7fgSnqznTal1R', 0),
(1742, 'qkjdcLiYVbYFg27ansrPaSVdq3ZZ3SC3', 0),
(1743, 'djUYz2P5tTgEjdWIVw01JTn2CUi2gopq', 0),
(1744, 'zeP2GweMTIBz1u2zKDgNgSvVLqKikjYg', 0),
(1745, 'QLFsHHyhpw6L5zLcJAkqqOAdOB0IJWA6', 0),
(1746, '6PMRHIcPywglmL2AzCbBQIPYoMcaNQOR', 0),
(1747, 'ABVUv3LbtOuDw3Rqt4G9QRLszW83O9xQ', 0),
(1748, 'NGHnYQYRwPANnnhmzoq9RqEErenupfow', 0),
(1749, 'zvOmSvoFb6j1vD0woeFmVWWiALUDExbL', 0),
(1750, 'v8in6rEgye5MkORfIPPeUosyVDePreWE', 0),
(1751, 'IkNxpmRwRoI4Js5cRiKa2ZscZrIUz6Sw', 0),
(1752, 'TuTvTZ74SU9iT98Y8LdP71ZFmeio5vWK', 0),
(1753, 'IZgMShZmsGDyPNAtRDMLANr8eQckzkrD', 0),
(1754, 'm7yZuV2zBoKvEkNo0nJsbwlUAL1HUhKu', 0),
(1755, '02QtSB4Imp28ZtOpwDMVNekyjcrUtbxF', 0),
(1756, 'GrxlQ3xRbcxLOquyPmdWJkRCWYLwxRL3', 0),
(1757, 'n6icEMGiuFo4Jbl8MAeHh08DglKkj3O4', 0),
(1758, 'UIMGTpFluZ3ofAba0aJKLjDGDEWj6JQ6', 0),
(1759, 'ZWiedMpUrBiDcnguSLkPXBC8t5Ico3FA', 0),
(1760, 'vIVm8jSIBqsolR1VuxqiMgnrhRNEE52p', 0),
(1761, 'c5nxwTb2dxK7uwR1rini5Oe4VJ0DzFJi', 0),
(1762, 'KdjaUvlK1vhYU6GoEtBWNwuSxvz6SJ6u', 0),
(1763, 'MDwwLhNzoocP8cS85o2NegrQrZqmrjrU', 0),
(1764, 'U1MWpALaM5ZatSujK4QJNC6QvIJD7onS', 0),
(1765, 'aeD05RlIYEeM25QvxVr8VvFqmzJgNhog', 0),
(1766, 'OiOR7ygl67LaCO5G06jxVteawTI6Y01O', 0),
(1767, 'x52gcTPHthWZL2VeX9WV0iDOY0AIAahn', 0),
(1768, 'PtZ2mgwtP1F8XZVscWhQvXs8zoF03UIX', 0),
(1769, 'hD7n8w8jBCOLbijeSBCdJv1wNOu4RDS4', 0),
(1770, 'kIEJGia5IcXx3nKOK2GpGfihPBYFEWeP', 0),
(1771, 'EAmymMn1eqIwITRSlBSdAD87hJpsEHNY', 0),
(1772, 'zJ9tQSydTa9GqTHb1Xl5MMdYN8eOvxIb', 0),
(1773, 'GoFBQvd4DuohBRQRMxvX1VcKHGk2L9tU', 0),
(1774, 'vz5ymdiFgc2F03F09mTeBZ5Wm3rreb8Q', 0),
(1775, 'hnVk2HK2WHC1RQb7L11bnpnDO0mDED1n', 0),
(1776, 'T9BaebBDI3rXAxRKEVm8rhFWoFEwxxrM', 0),
(1777, 'aglgsCyPunNbFHEYVUlnhm2doyytgpSp', 0),
(1778, 'h5Jrrwtwdwo1fM3bDYkwZI6NN2p2gNux', 0),
(1779, 'aRAhR1SsgAZtub5jRV3LM1pXUnICaVUW', 0),
(1780, 'YWGbl7PfZI0zu7Rpka1c0sCT2EJ2r4x6', 0),
(1781, 'Rb9aI9EVIOVy4U70beqOCKOjqc9dvCkh', 0),
(1782, 'AJEBTH336kf1VDTK3gJP4qfixX5cZ2W1', 0),
(1783, '0enOW16FpOPQs2jaAitzwrZExilwo6wq', 0),
(1784, 'IVOPvC1fFWsuTcvRkaXneSk1gEnyps1L', 0),
(1785, 'xF2KlembrebL1mrSQjfgQglPqhjW7LpK', 0),
(1786, 'oOZ6N7ZfoXkxajEyWidqv1P2vKPEMoom', 0),
(1787, 'fxwdL5tKLdwg3hHdySKA10oI4gfqF7JZ', 0),
(1788, 'caxcgnjgO0oplRpy3dwbInaqI6so6Z9j', 0),
(1789, 'RTDlM0FmEvFdxLJHDZa3weHIMFEjgs0D', 0),
(1790, 'cHJN104DSt0z6T2A0llT7UksSPUZfVnV', 0),
(1791, 'WdRrWKoXiyyISWRCrC63ZGLZmeKFtViu', 0),
(1792, 'Ic19RVgDFhyIaE95QrL552BrcgzJ2Pow', 0),
(1793, '2SBBFjbyGvxcOKoFv3xhWUEGIkh93bck', 0),
(1794, 'qvh5Th9eujCcmaC6hplBrZuWKXiGuYiD', 0),
(1795, 'EMO8ApW6e1BWC8ed2YrvjxRVVyJEvu3L', 0),
(1796, 'GjlRVKuzwxElSmNGMY8nqBY5BWT7k5JO', 0),
(1797, 'q2PG3XGotZoanbkTQhtGn20SnB4KE54P', 0),
(1798, '1Sw8ABCt8mex6MheD5XXt67W00B76S3C', 0),
(1799, 'lmTv9lN4z3SIKGypfidg6hK2MWDol8Pj', 0),
(1800, 'iAlf5ksZhI7TYTAHT6UDCsWyeYN2b4FD', 0),
(1801, 'CII2srleibFNJG0NguVj2y7cihKIueFs', 0),
(1802, 'l7hGt24kOLU1Ubgvg5b9NxZlehPppJ5W', 0),
(1803, 'sM8LFNMl7LF6dyIo6osvYnNVQh9CwtSg', 0),
(1804, 'Z9ha3FzAf66t601IzeEpyGIv97ubfMDP', 0),
(1805, '7YT8XePQt09pdsnC8ZECKiShrm0fWCWV', 0),
(1806, 'SRvofQwABJCw0GhrYj4PRkJZDRv7nxEr', 0),
(1807, 'uhI1UjxFakKktLbA2rotj4Ux7bdmsOOr', 0),
(1808, 'IG48z1GSL6iClmP3FxJV6YkMpjXjC2dB', 0),
(1809, 'f3ie8z9a93S4PakAniNN3B6Ppr9y2xzw', 0),
(1810, 'jQmZbtk4zliLGTXIgTSN5zAJA7eeuFXJ', 0),
(1811, 'sTAXWaS55aRO8n5tnw5YQXa4ftATLLGi', 0),
(1812, '4ZvR8gJ2VttWLW9Bd7cX1kHxyJ4ZS8Du', 0),
(1813, 'Bj100FQ0iYe5x2tkctFX0KHHlHWHDnyp', 0),
(1814, 'dMX40zPHKhrouKPhtdTOnpUmn9OqQVHc', 0),
(1815, 'shtx3GVVG2Ttt5mrXrvbzdL5sYMAh9xD', 0),
(1816, '9iuPbj77s8SqRYu4n7hllueRGsKFpCGB', 0),
(1817, 'EUmRU9KkyTYkdF84Vg8IcjihO5gkFQsT', 0),
(1818, 'cwEThjVv17gcvXMYyQjEdG2JhY1CX0PX', 0),
(1819, 'yLgC65VsGDdxV9yMdfhEXtnVX3Ul7mzA', 0),
(1820, 'ZVhZsWhFkJHGcxgFQBbeVde3fEoyg1mc', 0),
(1821, 'l2qSH6ZVIvWwEaHgbhzKdCIj2du1owsg', 0),
(1822, 'acoDGUyIL3QbdBYsKfjRfZ3xQS0xqw6O', 0),
(1823, 'wez0avz0feBM8kH47oERt4UBpBS0F6ZJ', 0),
(1824, 'jqOTX4RmimJqoAJSED7MVz90Wwr3hecY', 0),
(1825, 'sbY7wxi61sM5Oh4xoOoBFEIwvv7s3rGA', 0),
(1826, '3yQOwQrvW0hRijiL6DcTJsnTg2jzihKa', 0),
(1827, 'aaJ57ggPl2uzzi9X3rtH7gkyuB2e6eCQ', 0),
(1828, '2oleErHrSNLwUoX39LhvvYIEoTT4n1RV', 0),
(1829, 'OaGRgwiGr8pEdenzEX8xqIU5iWT6UIFt', 0),
(1830, '5hgAh8L5JKHqnWPdNvKwkuU74zu74H87', 0),
(1831, 'mqqxia7Ixc8JTOEA3x0c43vcGIndpOSx', 0),
(1832, 'obsfSZgbrFdGkMo6eT6wTpnFdJhaddha', 0),
(1833, 'NUTU3AQGqWFw1idusbqyJNW8QBLxL8O2', 0),
(1834, '8rubSdPMg431e7GIs78Sy146YBnW0apP', 0),
(1835, 'ZAEavGZ75symDKutP9cNtxtilPxp5RIj', 0),
(1836, 'EW6zOdvDgJNsM8w5B8XayJodhDJXoGFM', 0),
(1837, 'wwkHePtt7X3OEt8flfT1HXTCOnSbD8F1', 0),
(1838, 'iCzz28kub6WmGZcogt4jSOWp3j0QsHS5', 0),
(1839, 'rbyJmEwv52PrFGHXsq1MwpMFOBoYieAb', 0),
(1840, '6H8YagKzNws3walVNSUUANpkcjaZzcqC', 0),
(1841, 'sFbJMbu90vWtXRZpmhaOKkFngRFG9ZtA', 0),
(1842, 'cchzyikWgHyckDGAJqofCpUonZC6CvGa', 0),
(1843, 'bCRbOlH8kUyHk51Igz4LYL4xZ4y8SqWk', 0),
(1844, 'JyIiQXta7QiiLpS8G9Ofk9HEVF3wkUV3', 0),
(1845, 'RMaUDXw1mdtRJo2WtQfdVDxboIkvnqsn', 0),
(1846, 'qXuyeflmANb9E45TWO6SqQZqNbqvNJQH', 0),
(1847, 'ofZJ2hwzbALTc6Qh0r1ce8AsC5WOjbRJ', 0),
(1848, 'caZPiHAYBw3Ac2xysUdVL5EMtSU1jkOr', 0),
(1849, '4ZBGVvBKWcp3wPPsYBBSjGOjPA4kDTY9', 0),
(1850, 'vmPIAtoAFj32lki38pXcP0oyhXufQ9bK', 0),
(1851, 'RHgiBH9yq9ygwJ9TkzDwz5zibLhS96fs', 0),
(1852, 'ss2bnxfmfhTsCkNHsn5b1WawTMFwajhf', 0),
(1853, '9i0Uh5UojztlN8LeU3A4T334klB6REAg', 0),
(1854, 'TlIvQWU4dVFBmcP2zHPyeY5m5g2EXIsF', 0),
(1855, '6CXSpSpVXXUPWio7wQ13QgRVmZNYDlML', 0),
(1856, 'kCzEkCv8lKMsfzXuJgo5XmQ8zGVd36Nz', 0),
(1857, 'b9sFC7w8jJO0tjNMwie00hu9GnnWkFlM', 0),
(1858, 'Ia51owfJEfMQACiIY9WWRWWoQzS2myCN', 0),
(1859, '45n96xuTbfHqaUdDAprKr6m94dzilpPY', 0),
(1860, 'tVdkxaKah2X11tOuYAZVmPbxOICShF13', 0),
(1861, '6d86bJxYxQ9ayDvcbCueIgVVNvOWxCss', 0),
(1862, 'oAx2hkogVnhoDD7ts3hSjH60kZUSSprt', 0),
(1863, 'kQkDuanJtFqFv1pRvA8nkLK32FRgMny3', 0),
(1864, 'mznBW5xzdqnvwcpX9stjpBg7iecVMFAA', 0),
(1865, 'IEgmm7s1LoBDmLqzTq9WKKqLKaWH35ag', 0),
(1866, 'at276YIokGq52V4cG9hDbZEeuCmbwyfR', 0),
(1867, 'Qqjv4x9Ki1Vdoa1DgTlw8sXVXEBc4Jgx', 0),
(1868, '3o1UUuFoVgjfcwhnZlDbSR04MZInGkfK', 0),
(1869, '1i6tdN1M4ueiwuePsWvp2zaF3pIizAyW', 0),
(1870, 'd3ny7rmgSJ4pTQq2KWCPYhdhtN8BxNS2', 0),
(1871, 'hfYcsnIxXOtIkUY87ZlOmQnJvgV7bor3', 0),
(1872, 'kAzM1KVNEea8HsiWKLs9N40SZeCmFQlF', 0),
(1873, 'NV6AJaLiQCkbrvCXWVlrTinfc3o3YYPP', 0),
(1874, 'Rte2tcKK7VJQFQa0OkTMncBG8cHfFv67', 0),
(1875, 'e2i0plmenNcAt55QPGtKxVGowlwOR473', 0),
(1876, 'jpzoxcQPt9xJZXDdGzlM6XkdtXycsOTR', 0),
(1877, 'OiZka40tPLro2nwRhNfzrpwKOHzQ2RcJ', 0),
(1878, 'h5B3C74cjs9nyAKiMDccotCm3h65kz9o', 0),
(1879, 'rzB2j2vrimnvFjx80SigH8CgPYA6HxmP', 0),
(1880, 'D7cdbUnCaNg3bYA8tVkRKwIf0CjQ63TY', 0),
(1881, 'juLoweTuppBrFXE3SqYjLzU7608Mq7fE', 0),
(1882, 'pFlu9PJhUTeuVz61EaY2PP1vkCn2y2dE', 0),
(1883, 'pOF4CztkILJ3BrMA546NBvRzOkHWFKZ2', 0),
(1884, 'QXVwgtwRXfgbsqfuDkvIrKNkSucwyjfI', 0),
(1885, 'ByEiF9hF409sZqYugMjPxKK9q2VasXRq', 0),
(1886, 'vlV1O5sv9B8JswEmPkH3E0wDdCUjyo4t', 0),
(1887, 'iZpKl7PuSpmhSoEPRb7sT1FhtfF5mYcZ', 0),
(1888, 'EYzHysyqL4HA0h3SrkDpAZbQVkQAcD4z', 0),
(1889, 'OjYyNkme8ypOm7DBmfTmPHFxs7BlN3gX', 0),
(1890, 'vTSgGMQcUj2oNuqrXqYhxH7ROUE1Gtxm', 0),
(1891, 'PVO8yJMrfiGZoLtrEg62HEBY22BF76Ma', 0),
(1892, 'nMIjlQicpSW2TLsWXfQx8QHq6W8SpP4k', 0),
(1893, 'bjpXqTb3BmXPwlkVUf0dmKs1QK4IF5aP', 0),
(1894, 'YWPevLqDKNEhZcrA7V6rBs7EtAxO0L7k', 0),
(1895, 'HeuNnsMGPkexfLLS0BDaXVm7T3euZzbG', 0),
(1896, 'SZcAM2rYwDNvTQIdA1kn794GeSdMLuJp', 0),
(1897, '20zoHVPkFEHbC5JvRmSLELhU6dQiGGSj', 0),
(1898, 'XRgwUGlcKGhCvYhm25BHe5B0yNiBQqlK', 0),
(1899, 'TxDCP1xvxyWup39TLHbUwUOfoIeui3sS', 0),
(1900, '4ST0v5x8kYqzbfquZTB2B8ofN0eipWOR', 0),
(1901, '7c3IwUMY9jslWknBGh9WOVEv2bU7S4Eh', 0),
(1902, 'ydmaMOzI22B8jJPGDPFJMmudgnfs4VsO', 0),
(1903, 'DlAGQ8uPIyk88OXmWD6kFVwuhRofQNP7', 0),
(1904, 'L2kkuNaih2prD6q1238nf1oTxWvNE8CI', 0),
(1905, 'ddYGHybmhrfSJ8ZrV9tsRrSKRfkaOtAO', 0),
(1906, 'rDtsMqsGzGpAukr4cWb5C4VyYiHMIEx1', 0),
(1907, '4YISau25Rl8qa3aqf451iE8Q56tuu5M4', 0),
(1908, 'H6frMcTqUltL2PlX2bh6JEAnt90ioJtX', 0),
(1909, 'AeBZ7qMQ1UA2sW1haY9q5pGw1qd9bsb8', 0),
(1910, 'mneS0Kpo4Cwg8qGSz7feRmVuJ3MBWsGG', 0),
(1911, '0ImVSJkOJ53v6aSOoWQT0Yj5NiuSE2Cb', 0),
(1912, 'JH0A3eJ4CLFYBcNv41PbvQbQePsPxVPt', 0),
(1913, 'kgfLB7pvXFi6FQeTIEdOjQeTWjM8h01T', 0),
(1914, 'Qfd86z5xPSIadXwjJlykqhkAeX87m6bd', 0),
(1915, 'g71Y1R4mPetYIatQPwIBr3PjfxYhGLYp', 0),
(1916, 'fsC3ng2ooiKmkVqdZb5U4ySh6hcdS4qr', 0),
(1917, 'j0a9rXRGKj1m7gj1I34hQ4K3qKSqqHRP', 0),
(1918, '14LxnjPicc3hxKZUnX1gCSOfG08vl1nw', 0),
(1919, 'sfUtYx5QR3oNf8uQ9eSJkYqbiOd3mMgA', 0),
(1920, 'MFYGu8TzfJ5zoCFYX87tUFaFhTyONkGV', 0),
(1921, 'i05mTbaBuAmdhmUOcwSoZICOAwGXGwnP', 0),
(1922, '0BCp6tsL2lwsRzosF8IBpWmRnu2Pz4Up', 0),
(1923, 'nyHibqldNqFnvdCgLdTarAwdwpNObP1L', 0),
(1924, 'Nj8FKORPwiMfrGTX5dMi4leu0lkZAgKX', 0),
(1925, 'SEHgV7wXOySFiRBawrD3KOLE6Hq9Ke37', 0),
(1926, 'JAgas1aTrbgZLFX9RqnPLk9g7IIvYoys', 0),
(1927, 'Fzc2j64PXEffKIRlLYU39AQYwHouDGTt', 0),
(1928, 't6JdJfBxuABxkLj3RRCQDQS4zYaFeE8e', 0),
(1929, 'flYfGps6OawJPYcN3UYk52ipQP1Zy0j6', 0),
(1930, '2Ilp6PVB5CUTYKZwvE055uQz3nafNEts', 0),
(1931, '2XBY1Y2OmGUF8RfqIKjBFVBWV0Pdpqgl', 0),
(1932, 'jYEo0L5fu1Yy5k62SA7MshyisSZ3hfwC', 0),
(1933, 'CUDqkPhcztca0w24tYZfmOR53T4ZoNqD', 0),
(1934, 'M8qnucTBHBjloWm0NxVDNh0FpgB0MbIG', 0),
(1935, 'j8Fv1s4K8bVuAtRDxTzNUuExUTRs3zK1', 0),
(1936, 'cofa4w5AiaSnFSp8ZpoaSDB0hcsyQBnL', 0),
(1937, 'SwWJSxBHHEF7sXwGV0QFUafKvIVmabN6', 0),
(1938, 'pBTJ49v2eRAgTIHnJbQ78cMhJW6VV0qt', 0),
(1939, 'ccDBDjXOHfCQpAzAeYNfXJGp11W5SFhd', 0),
(1940, '1NPDLLGb4b9vJ2M3ZCnxjfjJflgWM3Dt', 0),
(1941, 'vLqgve0OdkQ7mqfDBvFlQpR0Uu0455Bp', 0),
(1942, 'kiZaJydsVduNZiVtk1zr4rICFjwBlify', 0),
(1943, 'UooVNCaMjuHvqb2sXexQGFwYNge6nSV6', 0),
(1944, 'leK69NbeKOLaUfDuVCelQ2BZCMyPKbcx', 0),
(1945, 'pLBdjipXJSH1mcvnxBrWDDXZ4xGNyJYr', 0),
(1946, 'LSkpQyu2bb8ADGH8nLrogoQQ2Wcm8eaA', 0),
(1947, 'b2DFue1aNzjmZhiwd61FzvEgBw5cA6Go', 0),
(1948, '8CwZFpelM0jNci6ORLO506Bq1EF1j7FZ', 0),
(1949, 'JoEq0ZC9xOvmkutgqxDj4kBVy9sGP72V', 0),
(1950, 'zeJ0FNUHBdTKhzcktlIPftDrSNgdHT4A', 0),
(1951, 'iFhzKITGDRIaRcG5Lvt3KHYOa8DwZsQ8', 0),
(1952, '7NIRJ0WMLk2kkBJqUjpVb2gzMu20pvzb', 0),
(1953, 'o7E8SSXti5wUCBqMKiv6J4u1UPGBjvHE', 0),
(1954, 'ktqR5WEMw4LKXmAiSAqJOBAcMkifqDei', 0),
(1955, 'M5c35qaVWJLlFZEIgrCIrVlO2PzjB38E', 0),
(1956, 'UiipJgFQOluywCVf12J14gCk886EyHIb', 0),
(1957, '20x8EPHtUifNEEAmZg5MjGbln8NPo6Ab', 0),
(1958, 'Q0Qazlu6Q4K8s8l9HCFxu5Q3aWyt9JEQ', 0),
(1959, '7BiZtP35yPAM2mnQKtZQOSjXQ1KqQyfk', 0),
(1960, 'zVdEcu4sF3H6fyGLi3jWEcuvW3GkWfwP', 0),
(1961, 'bMW2GTRFnwyULkayMrT5stf96PSgFYol', 0),
(1962, 'W80h37gehlTKpYsHfr19wgEfaNVBjU6Y', 0),
(1963, 'k6D09QUiGm1XUHW6zxRy0mBKI2NwXKRo', 0),
(1964, 'P7fXLqZgD6vbI5KTLx7KA2Frrxmz4yrx', 0),
(1965, 'ae1HUMfANCqFSYjnQEkZbvdrE0hvIY1K', 0),
(1966, 'lhcq04tD4lbIHc7d6YqXATgssG2SNAg5', 0),
(1967, '5ToRjbsDOiEOsaQ0AxTbaPqQAjETb9rA', 0),
(1968, 'SiCAkB6rDdQ3zhTGln50US0F7WMz9TXr', 0),
(1969, 'ytuI4x34lT23iZFsbZXukic6WcqCXbAQ', 0),
(1970, 'ZO9lcCgO3buDz9J6M8vfJw8vwfOq7C1a', 0),
(1971, 'IUJ1c93nCu4iYTSjQN6vejqy5XJ0eVQ5', 0),
(1972, 'fCLdAU1aTCodxOVjWIYzlMveKy3Jkf1g', 0),
(1973, 'b910Z1xoEAvkmrYXNL2WLXrSrEumDJA7', 0),
(1974, 'ocek1nKeYKL0rrLVqGJF9fWKayxxfVes', 0),
(1975, 'iEr6o9JBYky86jEynHuQ2kcjSavRN25J', 0),
(1976, '92Q4Bh8hqkMzavw0F0J8Ej96R527vf0S', 0),
(1977, '6wyezOeHHlsWMFX4sW5nnXiFyI2LMCfR', 0),
(1978, 'oCEqjPX1uKZ54tUwgEYssJnh3pnuIWiE', 0),
(1979, 'hOHcszuIb3RQWHwp84xKVzqKodFT7kgT', 0),
(1980, 'riudJFrFjfPuzSwQcQZRY57buehU90Wu', 0),
(1981, 'gIWVPyvf7wRSnPfN2bEO9w71gLQiUauP', 0),
(1982, '1c5xoqi8KEuJJ3zGJqSqdNyw5bQmpMmh', 0),
(1983, '8jfDuSYNSf2Wr7WqtKdn50ML6Y9N9Pei', 0),
(1984, 'RbDx3VLxlcHYqKTxpxTn3Mnc59dAsYkK', 0),
(1985, 'L76vMPynriWIkXGy8p0st88Iv8K3EH8u', 0),
(1986, 'aIqlIFAHE2pBjohBLfG4ShhkqsXrvggi', 0),
(1987, 'bJglknD0wu6FegoyTXA4OTAjJQHMq0xT', 0),
(1988, 'tCXeTjYBKHkS6GsM9m0aa7mhY0O6ifVo', 0),
(1989, 'nhyyKHQDcN3IpLK5dCw5Weulw72eJE8L', 0),
(1990, 'e9qbDVvcxPcXZcJIOsqDLvMdBL7hClsJ', 0),
(1991, 'N0HKY6fLKX3UYONkX3ZHx3PNX7N9Tz3I', 0),
(1992, 'YQh7UKTEBkvMn4LH4dvbE7JGRVSesxtV', 0),
(1993, 'E2LNkO8eLOn9sIpEfJdi41iL5eBuSqnX', 0),
(1994, 'fl8gXHx2g1kQR0MRxZMbvL6GfuvBudnB', 0),
(1995, 'raDve41mwqoGcB2nfbKyh4jyBvi9T05k', 0),
(1996, 'BB93mKqLyRRjZX9nTEwidezvUwFiUl3R', 0),
(1997, 'Lq3wrOCyDlR87c0RPJz69iFYQ9gVRQ2s', 0),
(1998, '9WBxLtVQhH12eVrzKt0IaDQNTQPct2Gb', 0),
(1999, 'BbJfLQEZc04CWrpsTN8IWiqMVV683FkD', 0),
(2000, 'qtEQZECRmd57hlG28L1Lqk5bVgPdzOy1', 0),
(2001, '8sNpyqqY7kEvZOxOMacfy7dopw3LyR3R', 0),
(2002, '0j0gNTkHs0qbuBKy4tIWoqfekWf1WO8Z', 0),
(2003, 'QJJ0YLDuSu4jS1rKsl5Xac1T95Snw4cy', 0),
(2004, 'J9EdRKkPDYXXAaQ9GeJoChgAeFIROwgP', 0),
(2005, 'SLzQaIrYt3ZwjchAc8eMJPqaLqN7ry3Y', 0),
(2006, 'OBJ7rqCK0eiTq8hdrKdzYFikUyM0XbGo', 0),
(2007, 'VcGiqLDY01VJ9NuUsHhfqXTGDWu3mazH', 0),
(2008, 'yyLu1j7tkIcELMqHaakKmcrgxWfO9Vk9', 0),
(2009, 'biagYKMU8In1uon', 0),
(2010, 'MxZePSaCB5OGgFQ1MllqW6H2c3IUFwOw', 0),
(2011, 'ONV4K9yXZwttk5ZJCQSQUc6WdsUZwo3Q', 0),
(2012, 'Q9iZ6yAuik1krg5', 0),
(2013, 'Jx1ehbMXvqpKlD3', 0),
(2014, 'FdI4YebDldPq1MF', 0),
(2015, 'X3QjbfBGOLPlfbT', 0),
(2016, 'uWr1GHcDkSbF4rh', 0),
(2017, 'kW6Pw48dQ4yBxAZ6j1EIxJtc5otN6Rdr', 0),
(2018, '8u3s3TcqojnhSfHypyecUzIA7kfi0zL7', 0),
(2019, 'wooeX1pEUZa4wgFHWa5dmNm3AEt4xQRJ', 0),
(2020, 'xxVmygSDr6FngKoAeq3lVUmgUTpcOdbm', 0),
(2021, 'FOXNEmTxSaxRfhuxLitvbS4jNH7gKw3v', 0),
(2022, 'QwsHaNiDwHwAW3lK8Cg82JTLWgsVwQJK', 0),
(2023, 'pE2TbcPqcEvWubk7bIbuegTmrPx5UAUI', 0),
(2024, '0blzA0NifT3e4xoFKRBuJhEp7W1d0z4x', 0),
(2025, '3d2xaEMQu0zvKuW4917pszO0zjqDb47J', 0),
(2026, '5AVsEvahys0QWfJMo0ZjpZov8QkYrmJT', 0),
(2027, 'ivVSCyyQFfJgVxQDWNkilTidV7fik2CV', 0),
(2028, 'YAtoLUTTln1uYXO6vxZ43Z8q7ozNO4PN', 0),
(2029, 'toKLkHJAmU3y7uJTYmal7qaWMP26mrht', 0),
(2030, 'JHe4uKtJkuoz9yuFCD12Pf7dDRCn1Ps0', 0),
(2031, 'z0lmCr9KcdGkA0D2cKBV1Fk0gaxRtClQ', 0),
(2032, 'IIeBM3Nkdl4vYesOhwKy4I9HTaLIJWFd', 0),
(2033, 'GiF2Sq4e4nG12ofiCYfh5Vpzb5Sg858Z', 0),
(2034, 'JWgmFajzYSwsGskKuEWyUmSDMMikEPqE', 0),
(2035, 'tRah6JPdp3YcGXnRXf7RSwB3GKnLawUU', 0),
(2036, 'XUTpWu6Vt1GZo56Q1PnMDz5MO6WDaSXj', 0),
(2037, 't2rGbdnNoHknnDT3emzB9M730wNlCzS9', 0),
(2038, 'NLBqd1FO4YIGfPbtw8hTGVRY70S4dlZC', 0),
(2039, '6pEsAftd9HQgiuzOiXOHZ1OszytXnb2S', 0),
(2040, '7Au6mBLD5KC7BStrpn0c9H29Ul6hJymb', 0),
(2041, 'lWrbjMR8YubUyUxxLcbqwwFuKxzfjrSO', 0),
(2042, 'veGJIyhGNjMu6E17nD2uAD2OHaoZxX4c', 0),
(2043, 'suBM4SlimIIExVVm2M9mK2v70HamLZvq', 0),
(2044, '3KiVDNkvamrwnQ2U3g6GwFJWPidYd5v3', 0),
(2045, '91pNnmJZcPVJshZYNFiEgFp9s4LTiapE', 0),
(2046, 'ou0vyDfaHlJ2L3ZX2epgFbYHYqXxS6X2', 0),
(2047, 'aBnlpSj1ItSzXGhRKY199ZG0yoKQ94uo', 0),
(2048, 'KWTEEmMu0fx4ODvbyFgd8gZfEQaJzyYz', 0),
(2049, '8H9h9emRjUlYPs5NcXtYhZJhkGSzHKTm', 0),
(2050, 'TAvD7yjIyEDV6xCn11d8hudTyXlBSzgm', 0),
(2051, 'i5ugnGE9vZi9v5DG9FMfdgJb1AHUt1k8', 0),
(2052, 'vjYuaHgZgMLN0EgPBFOlokLRah9NAaOH', 0),
(2053, 'fJ8xkOMOrCueX0Ph9FxjXH5Hfium1aAN', 0),
(2054, 'MI0WRVfxNDy1aatGllxcX9R6cGrbwyP9', 0),
(2055, 'qqGqSx7Xxd9BBgpusNkCNBLNNDgbwq40', 0),
(2056, 'XiQ0MI1Ca35NTeUGQ9wEwdrmSZ2owC4U', 0),
(2057, 'qQBfaJGcCgl5t8prbhjcF5yBmyVaIicw', 0),
(2058, 'G0rzlWOVC4xVV9w5nQLmqtVIG24HyXiB', 0),
(2059, 'FBLylrZ92QpvyQkn3I097svazb3ALk4p', 0),
(2060, 'yy5kHoLW6LcJhzcOhm16Ww0zcGI7JfdO', 0),
(2061, 'gMvsl1fkLZ4SRbS3b8qiHFDg47MWslBp', 0),
(2062, '3jojarICZkxKgfKXBuonf3EA03DEbcta', 0),
(2063, '7qxdUzBhZSV7foYAGKqN7pDOXPmZqLFV', 0),
(2064, 't8l5XYpq9eNEB5q0ax6EsnmybpEhzIKz', 0),
(2065, 'SkSq4AUxnrs3TTSQt4Rug2S1P7At6Sdm', 0),
(2066, 'dAkd27ZxTeouU9oGW508tpBhaRTkxlmn', 0),
(2067, 'zMMfbBUWM9XHK6TPgYLkgsiJQT2Hvdmj', 0),
(2068, 'tRe0RJ5sxtXQXLKu06xIxMEtXHKhkceH', 0),
(2069, '5KjbRvGRnMIyxiKJNzXcsXk58jXAAcQL', 0),
(2070, 'C1EsCHzMOq4UxEh26uDb8oIbOfKWmUtJ', 0),
(2071, 'kX0Xi9ZNeOr3McbUL11Y0OD20wICTVhK', 0),
(2072, 'D31w2Zu9EE5RptjyS5t3cKZm6m1S7Mfz', 0),
(2073, 'ruBuxdeU8ilNNd5xYzcBpYk0rHsFazV1', 0),
(2074, 'MGI35sUZO3G0XtL2SXERbft6QpdKIFXZ', 0),
(2075, 'heG6PQMUI5yf36hdxRNSt635024zV132', 0),
(2076, 'byrbWxoAdBZB2EuZlxTN6CF47v7sQrqB', 0),
(2077, 'AYCyxq2Hf4E9GkxFWc4YreeuNck1dmaP', 0),
(2078, 'cAo9YaKWdFDtiuVk3OEwdg0LvbCNcYJ7', 0),
(2079, 'ClkQ29rtdX6TqM13drw7WMMNm5vIiY7D', 0),
(2080, 'tYjKBQOys4dEyCsVP25gSIeR9CYi7pE4', 0),
(2081, 'QzvjAzKEth4AOmQaMOeeA5zjXz8gxZqr', 0),
(2082, '0BAGVdD4bTHRURAKYNENEjd8bj1J5uQ1', 0),
(2083, '6qWNSVJASi8UD5A4ezK73jMa8ChrkUCW', 0),
(2084, 'pziqS6rIzgaFnqpOb6qHUHLLK54j6aTo', 0),
(2085, 'ttjjcFIlEy3vf7yX5tOVSzfR03bKLgmV', 0),
(2086, 'TIRhAh544yJ6kiVrp5O6dZmAtPVMhxua', 0),
(2087, '8vJovKU5jWA2fix07UUUM5Fpz9qGHLMQ', 0),
(2088, 'z4TCLzJdK24BZ5GGDIl3uAU4b5XcCwar', 0),
(2089, 'Bb3awFgGpiLfbHvPHYZDojsuDqj9XrQ0', 0),
(2090, 'dg298XFMjmxyvOSb8NZBr6ZO7C8FMuwS', 0),
(2091, '0daMofkHWwBSyLvHkxGPi9AF27X1u56d', 0),
(2092, 'vCHO15ZGxTwIIesLpSJsz7rzAElgLPqN', 0),
(2093, 'QlEK8bjPJDT86dsyWqjB4zxyQ9xgpRaM', 0),
(2094, 'TzOJmecyO2wskUKIZxs505wzuxxATsbR', 0),
(2095, 'J64Zf9FYISYMZP0QZOTiehh89VChZSgx', 0),
(2096, 'qjG8Jpvole8SpQo9TgSYG8h2SxFkkxFT', 0),
(2097, '7N0kO4nt6CapE1j305I8oR38esrp4OLz', 0),
(2098, 'T5kVdSWRGqYnGjsx2Bjm2ooYGjDhlugG', 0),
(2099, 'o0pJHMzQdqRAmLxbO7qK1YmxEfpJCuu6', 0),
(2100, '1n2tiaaJ94eKeLsvmuUq7XhFhHuNFiYn', 0),
(2101, 'sChio9z91KLbkrEPicdVJdqUPUR5iFVV', 0),
(2102, 'f8oYSOIb7BSNeTm02uxn21Nn5qd1oU2a', 0),
(2103, '2W2FrdcxGBRe5Jp2Ta3hcqC2aM6KWTZA', 0),
(2104, 'p2gdbZQ1xYoDw5Gfi9qHCbeJZFY2ruHI', 0),
(2105, '9qj1Qonyf5bzoj3t7ovoyHdloxsrPQwx', 0),
(2106, 'YlUd5CIjV1iynW0Nl9vMkX8AoFF6ofpx', 0),
(2107, 'amkNQFFv2s2F6lm2OU6zkNV0aBNLrHNX', 0),
(2108, 'HPP31ooBKDv2mIz5nDUhC55bAffWpnh9', 0),
(2109, 'ooMxqbYpGuutvYgPg1tXB7Y6nSNYOit9', 0),
(2110, 'j0DiSkBleeLHb86RQGMiXA1pFWRf852e', 0),
(2111, 'fIhzVZWIbqOA5W8XjGupBzahdxsp7Rh6', 0),
(2112, 'haw5oD1dfIbxhseld6uwJM08IGrLRXis', 0),
(2113, 'iv5JmaH7VfXEHQu6gbIuUkynJzXTZzft', 0),
(2114, 'vA5ik9PA9Sh4qDBxPEJFl73DE4IOQkW0', 0),
(2115, 'XPCHLUoLlV8OQrUNKTaZ8Hl8hYlm3GJN', 0),
(2116, 'EXIMda0bEPrjBJAsPRGdEVPGPcCx9zN8', 0),
(2117, 'eoG7rIbU3yvMPvlY6LPBR4Tn8O6zykA5', 0),
(2118, 'edFuk7MtoGIAd83jDJ5jmBrU2nkF8glJ', 0),
(2119, 'CVrSwxHaE4DWC3OjFVNTJVfD5Y5dcgvt', 0),
(2120, 'fwrTjDV0s5V9FqZWk6Hk8E8ejoKMdhxj', 0),
(2121, '2rThaOht53LI34f4GT1hgOfQrpcY9yAf', 0),
(2122, 'AGVyZcUL36afaZnGbNk9T2VyomxKQNhd', 0),
(2123, 'axNEiZUSB3cE4iCeeXjqzClhgrylf0qg', 0),
(2124, 'nGKIIKhiY6Z1F6P3simum683gqIGxnKU', 0),
(2125, 'joXGZHSG0UmuIN1nqwpv26K5sCR87nih', 0),
(2126, 'tKPR7D23KEs7ZeMmfLhOOF7OBngDcHiz', 0),
(2127, '8KXT3JyiZq3Bwihd3j4OtXsEmD1xiLTc', 0),
(2128, 'E9vvMNbOu7Ds33gQuMw5uHhkFOHQBgby', 0),
(2129, '3io8sNWUKqn9cbFFBJQ9XysGETkuwS1u', 0),
(2130, '2CLae9ggQiMqNPLtNyhtV4qCJgqyjQx1', 0),
(2131, 'tbPBYIhxUwjgAmZxZQL5Xnl8aBGD4yoM', 0),
(2132, 'Kfhtq9CNe7JQrMdUFtLisvHcz4AXMECV', 0),
(2133, 'NeNJz01WGBrohF9nIUacbOPnpeTRvUjS', 0),
(2134, 'gVrYURvtGmUs67vU1KvWXlTwGwQ2mbV9', 0),
(2135, 'L2ATv9BIO7ih6zWYanEDF6AD7JZ2fB8L', 0),
(2136, 'JPHoIDDfGkwmv5uRVZlGHVpCE8zAINXy', 0),
(2137, 'yB8ef3VU0lGxB2Tt8Giw7ZN3QmBDTlL2', 0),
(2138, 'kcZrQ10wmUrToaPNnsfumcUG5K6xWSm1', 0),
(2139, 'SiXFQrI0K8KZwXGF7lmdRjPPvHAOFNkG', 0),
(2140, '9jIlt2Owm3LvbwxlavGGsOpcXCHhZjcr', 0),
(2141, 'rNfzYZoysdiBHC8A93njvyuC0BbEqojt', 0),
(2142, 'hMleF2GBIxbAIbc0qh28cdc9424NfOc8', 0),
(2143, '3sUIgG11ie2jrX9UpWKJ1K22HApnnSm3', 0),
(2144, 'r7RAXLHoV1dIIjmyG9vppTRt4sjyyiK0', 0),
(2145, 'dnJmBEc889ucEO245XgvJRzh8Wmdbf5F', 0),
(2146, '2Z6QpI3kcIzsrczTq0OZS97r8LCe27y7', 0),
(2147, 'nOJlzedE4lGg3eXcPhP0kED5zIwUSnv3', 0),
(2148, 'JcXBDF3fNr1hR9tGSiZuxfnLHx2w39NN', 0),
(2149, 'w5o8Cg5faeRJtRieEGKCkHMs8sjLwE5h', 0),
(2150, 'Rn7drVLlqTuT7IVWyuTy7L8rJgu7lsHj', 0),
(2151, 'u9zE40vRfBQ7juIjKIHPierGNUNmv4Ux', 0),
(2152, 'osWJuLCI6s705OE1uoiMjxdiougDLJam', 0),
(2153, 'PaypfLPe8lFaOlX91qj43pGasMwxUf7z', 0),
(2154, 'nwEnRpJ1JklCp9yfRmS30KEsQJnNJ8Wu', 0),
(2155, 'xHrz4uHVFR8gcudEv5c6sn1fq6JDhTms', 0),
(2156, 'Yo73BdEac1yDmE8hbKq8SVOH0QbyKQnA', 0),
(2157, 'xTsBOWK4geNVA6ZOkBsRwQI2SSYv98aZ', 0),
(2158, 'jVtFNKFqBo4Ozk9ORLlEn2h9hG3POmZP', 0),
(2159, 'ySlYoQCyRQZdJ6PZlffsRrDHkh1k9zqh', 0),
(2160, 'Hby8xMM1GVwh6Pk7wZNgNXLVCjzKi94v', 0),
(2161, 'cZJKHwCt79WMeSAfcwBrF8bCq6Wo2Rzb', 0),
(2162, 'ir89VphPiEoXdGuE1w6ChYt5UJdzIt39', 0),
(2163, 'coYMLVsCzc5DE6zG5Vg2bkwdfvaMqvjo', 0),
(2164, 'ru7qPh0tMCwr5Cj816cNk5XZDcd3bwNN', 0),
(2165, '8ePScUVAhTw07W5uHf71lnDMXQR6bsYJ', 0),
(2166, 'X5HoDrh3sAKgHvdUlaai1UOSTjzubAsC', 0),
(2167, 'ajMbwCktSxZLDuIyxmadSGV1RQDxfnr4', 0),
(2168, 'C23w68yOFFL45T1Roia8eg9oCiG6jtio', 0),
(2169, 'ZBWbEpayS6HZdqaj9IGZklxlv0WfKJxP', 0),
(2170, '1AML8EchfReoTWg1ydLqk8cwIMfWobjm', 0),
(2171, '0X9P7wTrXV0GOzENW8Qxa8KhAidoZo7E', 0),
(2172, '6gdfBneCdoNbg6DBo7FKmeonG3CZ9kOy', 0),
(2173, 'KA9vI3htbWoieEkXhZ1x2ZQ31Ywfcg9R', 0),
(2174, 'GpQmXvUFc0PzVoI0I7V3fhVFoXKXQluc', 0),
(2175, 'CGCJFeq9b9qV9JIeznSj0YATLffj4wos', 0),
(2176, 'e999G3w6ZggJUP9TOPPRnFrr7JN68QOu', 0),
(2177, 'I3hv3Cnmldmv78GmoMIldcec4yO69gNw', 0),
(2178, 'BjYOLbCsYCOPbmHKhjl2VFxtvnpK113Z', 0),
(2179, '1nryr9aPgneQtbco9MmsgKBK0lw0HYh5', 0),
(2180, 'HCZ385N0K01tNGZ9ieMWHs1IHRopZuN7', 0),
(2181, 'zGlb8df5RviNpH5qERYEeJ0oMh6OdLbB', 0),
(2182, 'iAbWG5p3SwDya3EvsCjqz00gwi9xcb7M', 0),
(2183, 'VmHbMv47wNNkNmQnrK0KTthv2IowNTat', 0),
(2184, '5QvUfOoBfFU9lLBFOtcUD8pt8ZrR9KzS', 0),
(2185, 'fRmly0STRhuYkMNMPHMztubTkb7B243c', 0),
(2186, 'VtxRUxjJ6PtNL61Uxe5Vxi7SwdrJyKsk', 0),
(2187, 'kQio7v6g0pKR25er8naV2rRIpW3ItFEy', 0),
(2188, 'cj13UNzzRDJIfjnvbUeG6y5PkUdFajS5', 0),
(2189, '6WlrbwLjfv8BGrbFOI2XMgIVVLiYHO4B', 0),
(2190, 'Nl73Dsd9YXQ1QjeTMGIZR6Pl9qYz0JSL', 0),
(2191, 'gvN2vzb1ZEMkYUCHuYIWD5zayxs9U8SW', 0),
(2192, 'kjMeJfuuagXc8DetcEtWvEVY2dxdZsU5', 0),
(2193, 'zcrWeUhnz7P4uETecFsX0mmxpdDA4z1Q', 0),
(2194, 'TJhLjse3YXkA7nbtR445bmKByngm9ozF', 0),
(2195, 'XjhSWAAJBeiaUyeGlvm2FVbnhWOOJa0r', 0),
(2196, 'VCzTwhcfjp0piTfpbNrw74LQtEvl1ErW', 0),
(2197, 'tKWoN9EZNpVFBJkqwxFz8Gfx0oin0msp', 0),
(2198, 'qGXfnSJYv2DbxcUPCBn0lETBVjjHu70N', 0),
(2199, 'a0YZCVl1pnzP2DOnmwamYqhC7a9r7jhq', 0),
(2200, 'mKC0oq3yqzTG7Iz0d2vcALphMFMNTieN', 0),
(2201, '3jhAEDE81vuxAyCPbmintml1yCaQpr8m', 0),
(2202, 'oSWTVEduRUL9exEL9BqiAdF8xLtYQoUA', 0),
(2203, 'tFtfPQqnUeFajDR11xj14Jxtxq2uqmCz', 0),
(2204, 'wxHj2Rfgvq7dGeXP0vDRavEShSDRbJce', 0),
(2205, 'yJyFJ5rbX12gxZ8wfvDrLpG9djhx2oNQ', 0),
(2206, 'NUfyPuUlLZ6VPXb1oOdUpcIpY5jNcfBo', 0),
(2207, 'lb8lzwXZ9a8pf3quQbYAQvWovLoJQEy7', 0),
(2208, '83IGVw4tSHH0gBfsDXHnavGqhYcyOT1R', 0),
(2209, 'QGRrX15CGc3M3PFrIOBlDnd6tyOJ5QRk', 0),
(2210, 'DXS90LQER9GOPErlFgAMWayrS3n96gNR', 0),
(2211, 'eKsm0VX6gONuWu1oDw9CmtFTxxBfqbUo', 0),
(2212, '9BGBKua5W0IDKCwY4L9kKRQatVj8mlEj', 0),
(2213, 'DbAnKtftxjUSEsSC5gDvsuVn04cKvWNe', 0),
(2214, 'rraYB5kYzhVAhTmh6rCMJVRsSsPzwPk9', 0),
(2215, 'NuPNfThb3tNM165IFmUSZZbWvwlHCXz9', 0),
(2216, 'WzDq5mA20EVtQYijxM91pImXvhkfupPF', 0),
(2217, 'RKlHp8fNLuCTtUqHy2AOIwC6m9r4O9L6', 0),
(2218, '9XD03S8DuM4TTLQNTLUP3zVnnmlx1s4f', 0),
(2219, 'RHqGF6vRy7wopJ1OV35mgBv8b3JQPoew', 0),
(2220, 'WFI7OzOi9ISX835DPEuTj6sO4wL95UXl', 0),
(2221, 'UsANEh3uCBOwtZGyPMLOhlb9KR3UxYcg', 0),
(2222, 'Ir9As8n8620CyZG0B42I6PyuGcFKUhkq', 0),
(2223, 'WRhiBBJf8rKg3SFh5Rk7Lq4SkPpVMie3', 0),
(2224, '1t129pcpJlmxyfyHU4you2HLtNwtB4BQ', 0),
(2225, 'yETx2r2ir2QUfbau7pd8xeGJrKVsB3yG', 0),
(2226, '0zyXMz6MbvIzC7QxsHfZJc0Wftb6XbI8', 0),
(2227, 'LXenZDPeywe5FUGyhxm6w4wIdSOT5DUO', 0),
(2228, 'BmQvNE5o1VZ0bQ8Yhl0enwHSbcOiToqJ', 0),
(2229, 'h5dzoDAGjWULQM7MhTgFVn54MdPfEGlN', 0),
(2230, 'wBXkRbXtctpDsf0VgamgMMSjELRSrILP', 0),
(2231, '8YFRBuyJGDRAb0bfPIaY1XJ5bK3LdXaZ', 0),
(2232, 'DbfuTRHyss133hdNIGAc4S2XFPVDIU0I', 0),
(2233, 'R6MAXtA9E6IaoBd3YUE0muNIZon58NM7', 0),
(2234, 'LquLYPO1UGBEWZ1KVpIJPdJSfBHvwmxl', 0),
(2235, 'hw03uPK7GAZ6ZUKACFF0bGN0Dz7cRZ28', 0),
(2236, 'A0JhepyQVXqylFCWl0fE76Ex53WTOf65', 0),
(2237, 'GSJTEJw5JiO4QjXEbsuCVTP7O3CMz8IV', 0),
(2238, 'YmP0l0vW6HfOsiJlOqVKzQztkwRt7v6H', 0),
(2239, 'masTNocvJMCh4nTHH0Gf9QhhxDwDLh5G', 0),
(2240, 'PMd8X8X0PvOf2s7Sf8CioksLD7Bb90Zw', 0),
(2241, 'VH2Hn1bhLUX2ViiUAh4Mz8HuQO30pbrx', 0),
(2242, 'O6C4AZTKoFFJ5EaTdeYSm5QRtHBL7shv', 0),
(2243, 'sg77Pj4eDx47wGy5IxAMVgJdiKyVMWgc', 0),
(2244, 'La6uhkXD5h06B4Wsq2H4FrVB4vlDaZa3', 0),
(2245, '6uFqVQWrw9yl0zwKIGk7t2GViHxAELn5', 0),
(2246, 'YDBxHqjfc0lL4HRv2JDpO84sWFxHleJH', 0),
(2247, 'OJNwFrWYpDXYatn2fMmEPCbvviyMnoE0', 0),
(2248, 'By03AQ78decbkWrHeU7rs23QSsKK3UWG', 0),
(2249, 'Vqdoix9Jcvlw3XDySf0DGI1qWsE6CrHW', 0),
(2250, 'SEsF2UoEzmFnoNfpP61FpDRtH7ZtrIP3', 0),
(2251, 'Zay6p88ZVfAK9GfcYKLVtyoGb66UCcka', 0),
(2252, 'CAjWsUVngX6st2Ek3PMYMEmeT2074x95', 0),
(2253, 'XZnUK91akYvm9uWOkGjUhSBF8uNxuCDc', 0),
(2254, 'iRKgcyXtpfLKSKfvX91syzhrE1I7XXcH', 0),
(2255, 'k0H9dZVbKBtTSPO9D55QSEVrPMa5HisJ', 0),
(2256, 'MEY7R7MZtA8hXHz0RmTsywHwZp3B3Kd7', 0);

-- --------------------------------------------------------

--
-- Table structure for table `users`
--

CREATE TABLE `users` (
  `user_id` int NOT NULL,
  `username` varchar(30) CHARACTER SET utf8mb4 COLLATE utf8mb4_unicode_ci NOT NULL DEFAULT '',
  `fname` varchar(20) CHARACTER SET utf8mb4 COLLATE utf8mb4_unicode_ci NOT NULL DEFAULT '',
  `lname` varchar(20) CHARACTER SET utf8mb4 COLLATE utf8mb4_unicode_ci NOT NULL DEFAULT '',
  `email` varchar(100) CHARACTER SET utf8mb4 COLLATE utf8mb4_unicode_ci NOT NULL DEFAULT '',
  `mobile` varchar(15) CHARACTER SET utf8mb4 COLLATE utf8mb4_unicode_ci NOT NULL DEFAULT '',
  `gender` char(1) CHARACTER SET utf8mb4 COLLATE utf8mb4_unicode_ci NOT NULL DEFAULT '' COMMENT 'm:Male, f:Female, ot:Others',
  `bio` text CHARACTER SET utf8mb4 COLLATE utf8mb4_unicode_ci,
  `user_dp` varchar(300) CHARACTER SET utf8mb4 COLLATE utf8mb4_unicode_ci NOT NULL DEFAULT '',
  `password` varchar(100) CHARACTER SET utf8mb4 COLLATE utf8mb4_unicode_ci DEFAULT '',
  `dob` date DEFAULT NULL,
  `country` varchar(40) CHARACTER SET utf8mb4 COLLATE utf8mb4_unicode_ci NOT NULL DEFAULT '',
  `languages` varchar(40) CHARACTER SET utf8mb4 COLLATE utf8mb4_unicode_ci NOT NULL DEFAULT '',
  `app_token` varchar(100) CHARACTER SET utf8mb4 COLLATE utf8mb4_unicode_ci NOT NULL DEFAULT '',
  `login_type` char(2) CHARACTER SET utf8mb4 COLLATE utf8mb4_unicode_ci NOT NULL COMMENT 'G: google, FB: Facebook, IN: Insta,  OT: OTP',
  `time_zone` varchar(50) CHARACTER SET utf8mb4 COLLATE utf8mb4_unicode_ci NOT NULL DEFAULT '',
  `player_id` varchar(50) CHARACTER SET utf8mb4 COLLATE utf8mb4_unicode_ci NOT NULL DEFAULT '',
  `ios_uuid` varchar(200) CHARACTER SET utf8mb4 COLLATE utf8mb4_unicode_ci NOT NULL DEFAULT '',
  `verification_code` varchar(20) CHARACTER SET utf8mb4 COLLATE utf8mb4_unicode_ci DEFAULT '',
  `verification_time` datetime DEFAULT NULL,
  `active` tinyint NOT NULL DEFAULT '0' COMMENT '1: yes, 0: no',
  `deleted` tinyint NOT NULL DEFAULT '0',
  `last_active` datetime DEFAULT NULL,
  `created_at` datetime NOT NULL,
  `updated_at` datetime NOT NULL,
  `email_verified` int NOT NULL DEFAULT '0',
  `active_status` tinyint NOT NULL DEFAULT '0',
  `dark_mode` tinyint NOT NULL DEFAULT '0',
  `messenger_color` varchar(255) CHARACTER SET utf8mb4 COLLATE utf8mb4_unicode_ci NOT NULL DEFAULT '#2180f3',
  `remember_token` varchar(100) CHARACTER SET utf8mb4 COLLATE utf8mb4_unicode_ci DEFAULT NULL,
  `eula_agree` tinyint NOT NULL DEFAULT '0',
  `fcm_token` varchar(255) CHARACTER SET utf8mb4 COLLATE utf8mb4_unicode_ci NOT NULL DEFAULT '',
  `one_signal_id` varchar(100) CHARACTER SET utf8mb4 COLLATE utf8mb4_unicode_ci DEFAULT NULL,
  `chat_with` char(2) CHARACTER SET utf8mb4 COLLATE utf8mb4_unicode_ci NOT NULL DEFAULT 'FW' COMMENT 'FW: Followers, FL: Followings',
  `instagram` text CHARACTER SET utf8mb4 COLLATE utf8mb4_unicode_ci,
  `facebook` text CHARACTER SET utf8mb4 COLLATE utf8mb4_unicode_ci,
  `youtube` text CHARACTER SET utf8mb4 COLLATE utf8mb4_unicode_ci,
  `website` text CHARACTER SET utf8mb4 COLLATE utf8mb4_unicode_ci,
  `privacy_profile` enum('Public','Private') CHARACTER SET utf8mb4 COLLATE utf8mb4_unicode_ci NOT NULL DEFAULT 'Public',
  `post_view` enum('Private','Public','Friends only') CHARACTER SET utf8mb4 COLLATE utf8mb4_unicode_ci NOT NULL DEFAULT 'Public',
  `social_links` enum('No one','Friends only','Anyone') CHARACTER SET utf8mb4 COLLATE utf8mb4_unicode_ci NOT NULL DEFAULT 'Anyone',
  `video_pref` enum('Forever','24 Hours','Open Once') CHARACTER SET utf8mb4 COLLATE utf8mb4_unicode_ci DEFAULT 'Forever'
) ENGINE=MyISAM DEFAULT CHARSET=utf8mb4 COLLATE=utf8mb4_unicode_ci;

--
-- Dumping data for table `users`
--

INSERT INTO `users` (`user_id`, `username`, `fname`, `lname`, `email`, `mobile`, `gender`, `bio`, `user_dp`, `password`, `dob`, `country`, `languages`, `app_token`, `login_type`, `time_zone`, `player_id`, `ios_uuid`, `verification_code`, `verification_time`, `active`, `deleted`, `last_active`, `created_at`, `updated_at`, `email_verified`, `active_status`, `dark_mode`, `messenger_color`, `remember_token`, `eula_agree`, `fcm_token`, `one_signal_id`, `chat_with`, `instagram`, `facebook`, `youtube`, `website`, `privacy_profile`, `post_view`, `social_links`, `video_pref`) VALUES
(124, 'user1003', 'info', 'bonsify', 'infobonsify@gmail.com', '', '', NULL, 'https://lh3.googleusercontent.com/a/AAcHTtcEWoUdWPdxpxGc1CQCvnGU3z2Ys0tkrDjGM-ruHu02=s1337', '', NULL, '', '', '$2y$10$HoA/YsQBNlYIQqmFQ4gb/.EvQ68j22tDDHetx6iekaZxspNstuiHa', 'G', 'Unknown', '', '', '', NULL, 1, 0, NULL, '2023-07-13 06:53:09', '2023-07-13 06:53:13', 1, 0, 0, '#2180f3', NULL, 0, 'cZ4dCa7wtEvdk8vYbjDLWb:APA91bHDFs_h_-GjwkdqKJv3UZMcIQBbRld6XxvQjTExxu6cnLMEh9IyOyjP-emgeJWxl1oCpPMJcxDRAdz1NyA4KAY17odu7LzN-g5pLc1rbgzK2eGa9x2qyvMNXxp0QFvgzFTNQ439', '70ac8094-9ff4-4179-a1f3-82fe6455424a', 'FW', NULL, NULL, NULL, NULL, 'Public', 'Public', 'Friends only', 'Forever'),
(125, 'mughees111', 'Mughees', 'malik', 'mughees@gmail.com', '+923017448062', 'm', 'hey guy WhatsApp plz follow my profile', 'SdKs5z8kKrox8ohlTqLq5cPiHllKP4HUOg7iqy5J.jpg', '$2y$10$urBBraoXBrSOAGy1KhJRzerUcsjpruYJiPq6jE7VvI11tJPikNNre', '2000-11-01', '', '', '$2y$10$xXaBumezXToU4P6g9XTAzO8r1nQbn4BM7orV4faJMXKR2jIWcjKNm', '0', 'Unknown', '', '', '', NULL, 1, 0, NULL, '2023-07-20 05:37:09', '2023-08-15 12:21:13', 1, 0, 0, '#2180f3', NULL, 0, 'cZ4dCa7wtEvdk8vYbjDLWb:APA91bHDFs_h_-GjwkdqKJv3UZMcIQBbRld6XxvQjTExxu6cnLMEh9IyOyjP-emgeJWxl1oCpPMJcxDRAdz1NyA4KAY17odu7LzN-g5pLc1rbgzK2eGa9x2qyvMNXxp0QFvgzFTNQ439', '70ac8094-9ff4-4179-a1f3-82fe6455424a', 'FW', '', 'https://www.facebook.com/mughees.rude.8?mibextid=LQQJ4d', '', '', 'Private', 'Public', 'Anyone', '24 Hours'),
(128, 'user1001', 'tara', 'beck', 'tarabeck910@gmail.com', '', '', NULL, 'https://lh3.googleusercontent.com/a/AAcHTtfDTzdH0D7L5rD4r61pckGkz4znPeMbWuSRXTqanMva-g=s1337', '', NULL, '', '', '$2y$10$5zc84nYZy.afMKMXjXHqq.aUfKea3eWtx4QYX8Cx3l6VwvQmzxdEK', 'G', 'Unknown', '', '', '', NULL, 1, 0, NULL, '2023-07-20 07:50:30', '2023-09-01 12:48:03', 1, 0, 0, '#2180f3', NULL, 0, 'cZ4dCa7wtEvdk8vYbjDLWb:APA91bHDFs_h_-GjwkdqKJv3UZMcIQBbRld6XxvQjTExxu6cnLMEh9IyOyjP-emgeJWxl1oCpPMJcxDRAdz1NyA4KAY17odu7LzN-g5pLc1rbgzK2eGa9x2qyvMNXxp0QFvgzFTNQ439', '70ac8094-9ff4-4179-a1f3-82fe6455424a', 'FW', NULL, NULL, NULL, NULL, 'Public', 'Public', 'Anyone', 'Forever'),
(119, 'anna444', 'Anna', 'singer', 'Annasinger444@gmail.com', '', 'f', '', '', '$2y$10$LO7zOr.at7Shd5YCva0iqeozlmuuYTWGrlJHX70Iz9qX.YvFwsEEe', '1998-07-13', '', '', '$2y$10$Ry35LsajyYXdYw1y6e0uY.FPiqFanas9NYaXvmXKPfMl7ZdWY9lpq', 'O', 'Unknown', '', '', '', NULL, 1, 0, NULL, '2023-07-13 05:48:27', '2023-07-13 05:58:43', 1, 0, 0, '#2180f3', NULL, 0, 'cZ4dCa7wtEvdk8vYbjDLWb:APA91bHDFs_h_-GjwkdqKJv3UZMcIQBbRld6XxvQjTExxu6cnLMEh9IyOyjP-emgeJWxl1oCpPMJcxDRAdz1NyA4KAY17odu7LzN-g5pLc1rbgzK2eGa9x2qyvMNXxp0QFvgzFTNQ439', '70ac8094-9ff4-4179-a1f3-82fe6455424a', 'FW', '', '', '', '', 'Public', 'Public', 'Anyone', 'Forever'),
(122, 'tester11', 'Test', '0', 'tester11@gmail.com', '123123123123123', 'm', NULL, '', '$2y$10$.CFPyfO80ToKtachptaSHece.K5RCAbIPF8kNB4mD85oXiqvjnene', '1992-04-20', '', '', '$2y$10$CaCGuP3peVDreFo631iCzOco8GtUbRS.0s/mMOXopIanQtLTOztVu', 'O', '', '', '', '', NULL, 1, 0, NULL, '2023-07-13 06:40:42', '2023-07-13 06:40:42', 1, 0, 0, '#2180f3', NULL, 0, '', NULL, 'FW', NULL, NULL, NULL, NULL, 'Public', 'Public', 'Anyone', 'Forever'),
(123, 'dddfff', 'adnan', '', '+923341634868@gmail.com', '+923341634868', 'm', 'ghgg', '', '$2y$10$kHZHzyCamPh9V6X///3u9ejFz7MhbzBzyCorghsUB/bmNJbYgL4hG', '1980-07-13', '', '', '$2y$10$w3eR2P95t5.PJ24gSijglO3bm844E.eKST8/EvN3bOXrhOydO80C.', '0', 'Unknown', '', '', '', NULL, 1, 0, NULL, '2023-07-13 06:50:24', '2023-08-02 07:25:09', 1, 0, 0, '#2180f3', NULL, 0, 'f4sqiHLnRuyHokm4s5qXq3:APA91bGKzPvh7q0iD_9sYskQWwUe8ydvXI1IYuZVIbiLjx5fKh4l0gJO4LocH0lBaBmcElIv_U4_u05ZiPw_ZN5EBmkdZZWyPDrNR9_utOcnazDInwC-bb4ZXiXoPsffi4s0UOAto6QY', 'a34ca8de-0915-44d8-b437-5d0af822b5b0', 'FW', '', '', '', '', 'Public', 'Public', 'Anyone', 'Forever'),
(115, 'mughees111', 'Karan', 'Singla', 'karansingla939@gmail.com', '+16042179703', 'm', '', '', '$2y$10$Sm3QUSWEEQl706XBnDyBUudl0HmVkEnyCbmQzSQFS7pYLQv0uyNOO', '1993-11-03', '', '', '$2y$10$gBCBlhUo7FSl6z3uoe4B5u6qfxSf4XgEPP8d2qSeEObVG/hkD1pWm', '0', 'Unknown', '', '', '', NULL, 1, 0, NULL, '2023-07-09 08:39:25', '2023-08-18 16:39:35', 1, 0, 0, '#2180f3', NULL, 0, 'fQU_oAjlG0jCo4sfRcySf2:APA91bHECesZf2W1Ja-v-byL9KHrHcRsHTkTK-X8z1oU1EcxbT3ku63uB8V1uQTOXU6VSsqmnySYaaxiKq9qv5RYrvIph4f65k5CkQz5HW7hWjcFLawuDWAhz6o5xfFqhPn2JV99OeeM', '23083f37-306a-4a65-8888-6516855fac99', 'FW', '', '', '', '', 'Private', 'Private', 'Anyone', 'Forever'),
(114, 'spamok', 'Test', 'Spam', 'test@spamOK.com', '', 'm', '', '', '$2y$10$3Rkn4CMrA81QQV6fihlnhO.iMZsla4/h1MJdsCINy51kffViSPkVe', '1995-07-08', '', '', '$2y$10$qluecEACQcWa.7e7zil2QuYu86kKFqsoyxH3Tn3OvO/yTIAviP432', 'O', 'Unknown', '', '', '', NULL, 1, 0, NULL, '2023-07-08 08:06:11', '2023-07-08 08:07:32', 1, 0, 0, '#2180f3', NULL, 0, 'fIBWt464RsGGHckzMFHL9N:APA91bFeSjmdlrh7q600lPv5EyXm0JmLq8u5olM4gg-wpPQ7iIm396yr19utVLKS7V59jv1DA0T8eK3FPxHapq3Ry5zaqKamdFm6iQ_tUTtiuIboAzdQpwU9InMIhMwxh4qKLDNdbJp5', '92e2fb24-e6b7-41a0-8b7b-074e6376f53e', 'FW', '', '', '', '', 'Public', 'Public', 'Anyone', 'Forever'),
(113, 'adnan123', 'Adnan', 'Adnan', 'adnanameenprofessional@gmail.com', '', 'm', '', 'wX9Qc1HXzsAqv4lyqLKpN7rwSuuATqvMFCnVax0d.jpg', '$2y$10$fDTyLY3.P.rwV971k5v4JuKBgyRiHUq/HRaXbVehHVBBuz9x6dBv2', '1989-07-07', '', '', '$2y$10$5WKEKPvMdyV2rzYtIxtvuuDRpZXnzac/eqci6w0bNIWbR.As46Mty', 'O', 'Unknown', '', '', '', NULL, 1, 0, NULL, '2023-07-07 13:02:37', '2023-08-15 09:56:07', 1, 0, 0, '#2180f3', NULL, 0, 'cg_e9hbdQCKHHNQrQdpw5R:APA91bGc40IcLF0NTpo8eL39TCSAKzekLGau93N32pZtSHN1PFi53XdxPHVxgsXT4pzTZ5B2KIbmp2vsaUGucaYnphN9yTJe9qmEOID_XDSYVv1Tbj0okhsugfQE6PFdATo8ZS2L9a3Q', '2a519f4c-0fba-41f3-896d-5eea1b9f01b3', 'FW', '', '', '', '', 'Private', 'Public', 'Anyone', 'Forever'),
(129, 'dani47722', 'Mughees', 'Malik', 'mugheesmalik101@gmail.com', '', '', '', 'https://lh3.googleusercontent.com/a/AAcHTtfNYzm1bdfUXfg1ygVTRdQjnffpWd32swil2TC3BAacPeI=s1337', '', '2010-09-01', '', '', '$2y$10$aW1a4go8mdF6Gjuxd4.jS.EzWYcz.vt3zi6Lx3nBCEAHoROrk4uC6', 'G', 'Unknown', '', '', '', NULL, 1, 0, NULL, '2023-07-20 07:52:53', '2023-09-01 12:49:10', 1, 0, 0, '#2180f3', NULL, 0, 'cZ4dCa7wtEvdk8vYbjDLWb:APA91bHDFs_h_-GjwkdqKJv3UZMcIQBbRld6XxvQjTExxu6cnLMEh9IyOyjP-emgeJWxl1oCpPMJcxDRAdz1NyA4KAY17odu7LzN-g5pLc1rbgzK2eGa9x2qyvMNXxp0QFvgzFTNQ439', '70ac8094-9ff4-4179-a1f3-82fe6455424a', 'FW', '', '', '', '', 'Public', 'Public', 'Anyone', 'Forever'),
(109, 'dani1234', 'adnan ameen', 'adnan ameen', 'danikhawaja4772@gmail.com', '', 'm', NULL, '', '$2y$10$TPdKl2gciV87/dMlUSIRW.P9pX0BBzPsyKbQa1JKqE/mlRdIC1jn2', '2001-07-07', '', '', '$2y$10$WZ1x9Suf9OWUb7xJEospRO9t0wnt3JgzWlfc8BBD9qyDL6PbF71ky', 'O', 'Unknown', '', '', '', NULL, 1, 0, NULL, '2023-07-07 11:59:09', '2023-08-15 10:13:43', 1, 0, 0, '#2180f3', NULL, 0, 'cg_e9hbdQCKHHNQrQdpw5R:APA91bGc40IcLF0NTpo8eL39TCSAKzekLGau93N32pZtSHN1PFi53XdxPHVxgsXT4pzTZ5B2KIbmp2vsaUGucaYnphN9yTJe9qmEOID_XDSYVv1Tbj0okhsugfQE6PFdATo8ZS2L9a3Q', '2a519f4c-0fba-41f3-896d-5eea1b9f01b3', 'FW', NULL, NULL, NULL, NULL, 'Public', 'Friends only', 'Friends only', 'Forever'),
(106, 'gsbbshsh', 'gahHh', 'gahHh', '+923077609896@gmail.com', '+923077609896', '', NULL, '', '$2y$10$X3eoQ7ICoKme.vUJbVHhCOXpU1aIDzcUjUx6IkdxlJcfigzKm/h1u', '1997-07-07', '', '', '$2y$10$bhpPsuLrf8W.BehyrdQv3O/DgQNfzS8ey54DoBS.Y7YhdTA0jwYkq', '0', '', '', '', '', NULL, 1, 0, NULL, '2023-07-07 10:18:39', '2023-07-07 10:18:39', 1, 0, 0, '#2180f3', NULL, 0, '', NULL, 'FW', NULL, NULL, NULL, NULL, 'Public', 'Friends only', 'Friends only', 'Forever'),
(107, 'gzhshwhw', 'adnan', 'adnan', 'www.kh.adnan.ka@gmail.com', '', 'm', '', '', '$2y$10$yzagEx4hoj0sxWqcyBk8Au17UC0Y0JbWrfziWNlsTsNSdH3mxFyDS', '2018-07-07', '', '', '$2y$10$2dKZOz.AoxCvz1Jd1BXG1OoUqaWgqqQ81GSfT472S7E3eEklw/XWu', 'O', 'Unknown', '', '', '', NULL, 1, 0, NULL, '2023-07-07 11:47:47', '2023-07-08 06:54:41', 1, 0, 0, '#2180f3', NULL, 0, 'fKXnbd32RiqqdyzGtvYDCO:APA91bHgRhkXm6Q2z-bkfvRu93XNy3VRQTf4mE21gJhAhiL7cKmY9UhquD44p7yxNKB3KRsq_A4-zLuckYNMCRSFxumocLsTbNC0H8hsQiFXcwHkD_qjEhQSXKJxA57U-DXGPBXPxoY_', '47c21202-a5ae-4196-8cba-f0eade1178b0', 'FW', '', '', '', '', 'Private', 'Friends only', 'Friends only', 'Forever'),
(126, 'ameen123', 'adnan', '', 'adnanameenprofessional@gmail.com', '+923057316536', 'm', '', 'giL2UMktSf3EXyqUF4vw9dvzVPjOFYaQEBd07c50.jpg', '$2y$10$SajBWxPMDAibo1FhhnI/OejYz9wegcPusuTs3yXp4jeJjsnR/.eMO', '2017-07-20', '', '', '$2y$10$FL88A49O.jsyib92ozEPnulrYIW5ZJDPY4lVWof1uFp1aKYJAuLnu', '0', 'Unknown', '', '', '', NULL, 1, 0, NULL, '2023-07-20 06:36:22', '2023-08-07 04:57:48', 1, 0, 0, '#2180f3', NULL, 0, 'do0OsphQTYWEXF4P-R8uu6:APA91bHh3OsZCIdUKxqAJB3B6kb7qknvZdjaBvHkWMdgn_0WvwPNZsazlfekb2NlqqlMFJ6Lca022NNB9EdxFFYH4h48VN4ZDOTIM3xyaqmoyb1TcViAlrONY0enzDYJ6vrWIvtx_aJ6', '2a519f4c-0fba-41f3-896d-5eea1b9f01b3', 'FW', '', '', '', '', 'Private', 'Public', 'Anyone', 'Forever'),
(105, 'dani4772', 'adnan', '', 'adnanameen4772@gmail.com', '', 'm', '', 'yPu3l7mnUubCs9ZFgBz7f29xAywGOHlsvbk42NTP.jpg', '$2y$10$rim/Jr5Gf1TlLic3wwxoA.7CRMA3mULXo787p4DHNu2MqWkuMttKq', '1990-07-07', '', '', '$2y$10$k11XREVRw1w0.9acO3KFAunFP9d6B2KpADYExBNk2T3DuORAoI7ry', 'O', 'Unknown', '', '', '', NULL, 1, 0, NULL, '2023-07-07 10:15:38', '2023-09-01 12:05:54', 1, 0, 0, '#2180f3', NULL, 0, 'd3Jrh8PZQi6pJnbZPfAPGH:APA91bEPByTn6LYQXrW0deYk_rMZVUjtxB8HDrdsEKJVexJK9DtVccuiQ8qsz4P6FItSwnfOGS71b7fuvbS3yxK3UfsFcPgIZGqcKPCr5_4m4rraGzFGEU2HKmRr_n322vKLxCp1uXF3', 'f70eaee4-6ed2-4953-a6c4-f7dc05b20a89', 'FW', 'https://instagram.com/iam_dani47?utm_source=qr&igshid=MzNlNGNkZWQ4Mg%3D%3D', 'https://www.facebook.com/profile.php?id=100008714708074&mibextid=ZbWKwL', '', '', 'Private', 'Friends only', 'Friends only', 'Forever'),
(130, 'saqibmahay', 'saqib', 'saqib', 'saqibmahay@yahoo.com', '86876876876', '', NULL, '', '$2y$10$/6KMy19L/xt9FRiTpRsy9Omt5yVLf2apUrZegNeFtYdKHyMU/FfRa', '2002-06-10', '', '', '', 'O', '', '', '', '', NULL, 1, 0, NULL, '2023-07-26 09:00:50', '2023-07-26 10:04:35', 1, 0, 0, '#2180f3', NULL, 0, '', NULL, 'FW', NULL, NULL, NULL, NULL, 'Public', 'Public', 'Anyone', 'Forever'),
(131, 'djxbsxk', 'kazbsks', '', 'karan.s0311@gmail.com', '', 'm', NULL, '', '$2y$10$H.3ssVtOHlpTvp3X6gGB0ezSb4qKKblgm9H8fHX7cPnIJ0UfiIE92', '2004-08-04', '', '', '$2y$10$uXFoKncFG5Wpm2a8MwDcmuYluNZ76SlWh4/CDKk05kpvVHB/L/D7O', 'O', '', '', '', '924850', '2023-08-05 05:17:10', 0, 0, NULL, '2023-08-05 05:17:10', '2023-08-05 05:17:10', 0, 0, 0, '#2180f3', NULL, 0, '', NULL, 'FW', NULL, NULL, NULL, NULL, 'Public', 'Public', 'Anyone', 'Forever'),
(132, 'malluu', 'mallu', '', 'malwibagga1@gmail.com', '', 'm', NULL, '', '$2y$10$BhWskp43wglvi654NpJxEuKuwjh8CFjeBUuGRI/Ma0w4a/dXT9/U.', '1987-08-04', '', '', '$2y$10$tBIojNOriPaKKHJIsgNZNu57At799WHF2ujGvXz6xMKW/HbPQj/OK', 'O', '', '', '', '421422', '2023-08-05 06:40:05', 0, 0, NULL, '2023-08-05 05:20:48', '2023-08-05 05:20:48', 0, 0, 0, '#2180f3', NULL, 0, '', NULL, 'FW', NULL, NULL, NULL, NULL, 'Public', 'Public', 'Anyone', 'Forever'),
(133, 'adnan5555', 'adnan', '', 'adnanameen4ttt772@gmail.com', '', 'm', NULL, '', '$2y$10$4Rg3khsKP9Kb1pNznNBkzOPtkOkls/i1ZOziUareecvPnnzC/YwLq', '1999-08-05', '', '', '$2y$10$HbjPtjinqlcdUKTZldY8/emDyELUYRuJnzZ0sUB8pqYP.0vgGYQnO', 'O', '', '', '', '813938', '2023-08-15 10:08:24', 0, 0, NULL, '2023-08-05 06:45:27', '2023-08-05 06:45:27', 0, 0, 0, '#2180f3', NULL, 0, '', NULL, 'FW', NULL, NULL, NULL, NULL, 'Public', 'Public', 'Anyone', 'Forever'),
(134, 'gahahhahah', 'adbn', '', 'adnanameen477hhhj2@gmail.com', '', 'm', NULL, '', '$2y$10$.tj6G0qJ.izRVol.3XZD0ep2oaNkQ3pUcEz60kOVMACl0RMXJoJIS', '2000-08-05', '', '', '$2y$10$JkhPDL23ccyN0gE.g8IeWOwIY3d5EDsHeRu7kezVnpFHk5tWsPdY2', 'O', '', '', '', '707785', '2023-08-05 08:18:43', 0, 0, NULL, '2023-08-05 08:18:43', '2023-08-05 08:18:43', 0, 0, 0, '#2180f3', NULL, 0, '', NULL, 'FW', NULL, NULL, NULL, NULL, 'Public', 'Public', 'Anyone', 'Forever'),
(135, 'adnananjj', 'adnan', '', 'adnankhawaja4772@gmail.com', '', 'm', NULL, '', '$2y$10$Lw1O9AddZAwj0LIIa4hSnOcyGJLCXJEm.Y6uycrG8EyxzNurdvwhG', '1993-08-15', '', '', '$2y$10$XaO1658dyzt5V/6XxckWoOz47jlXbyBKolbMcXYe3hctQXy1jGjN.', 'O', '', '', '', '865181', '2023-08-15 09:57:09', 0, 0, NULL, '2023-08-15 09:57:09', '2023-08-15 09:57:09', 0, 0, 0, '#2180f3', NULL, 0, '', NULL, 'FW', NULL, NULL, NULL, NULL, 'Public', 'Public', 'Anyone', 'Forever'),
(136, 'yulo11', 'yulo', '', 'yulosocial@gmail.com', '', 'm', NULL, '', '$2y$10$EW6xrO.np0ldNRYQujAY7O1Yv40gyxeUVkjYbn7uGFsb9FfLlAIpi', '2004-03-14', '', '', '$2y$10$KIHKMXMwGE.HXlSfw8UTJuVm32F9z4PwkJ.Eqknk/qcah4Nhqau4q', 'O', '', '', '', '171186', '2023-08-15 10:03:38', 0, 0, NULL, '2023-08-15 10:03:38', '2023-08-15 10:03:38', 0, 0, 0, '#2180f3', NULL, 0, '', NULL, 'FW', NULL, NULL, NULL, NULL, 'Public', 'Public', 'Anyone', 'Forever'),
(137, 'adnan111', 'adnan', '', 'adnankhawaja772@gmail.com', '', 'm', NULL, '', '$2y$10$k6iCR8waJhRNAeG0CKE87etfi0BpruFS4i5BBDhooskCekqS4RfuK', '1989-08-15', '', '', '$2y$10$/Ljx.WMbhrDLXZ99aUnoE.JuSlmp1rOlLb3dl5ZoS.E6qTAaXKyM2', 'O', '', '', '', '601786', '2023-08-15 10:14:52', 0, 0, NULL, '2023-08-15 10:14:52', '2023-08-15 10:14:52', 0, 0, 0, '#2180f3', NULL, 0, '', NULL, 'FW', NULL, NULL, NULL, NULL, 'Public', 'Public', 'Anyone', 'Forever'),
(138, 'adman12344', 'adnan', '', 'howis42970@royalka.com', '', 'm', NULL, '', '$2y$10$agSA7lxpLlFsH.Kz8CzLvu8lNIYmZmQAApkiFPNRliACA58nxI93m', '1996-08-15', '', '', '$2y$10$Ky9E/HnDq6s0Z7FLUNJdq.Xqcg39xbFAexs9ZYaHbOnb6E1gI0xym', 'O', '', '', '', '695120', '2023-08-15 10:18:07', 0, 0, NULL, '2023-08-15 10:18:07', '2023-08-15 10:18:07', 0, 0, 0, '#2180f3', NULL, 0, '', NULL, 'FW', NULL, NULL, NULL, NULL, 'Public', 'Public', 'Anyone', 'Forever'),
(139, 'hajabsnjssjs', 'adna', '', 'u183e10@wuuvo.com', '', 'm', NULL, '', '$2y$10$MdDnO9RdD4O0df1uL16kmeL6cf4uQ1j4BiUAzZDZAicZ0BtslC6dS', '1968-08-15', '', '', '$2y$10$L.sbqH6A6owTFyPzdV8E3eYCfyom.dQVBNTp3.nT.zM/ufq5WINMu', 'O', '', '', '', '681717', '2023-08-15 10:27:44', 0, 0, NULL, '2023-08-15 10:26:06', '2023-08-15 10:26:06', 0, 0, 0, '#2180f3', NULL, 0, '', NULL, 'FW', NULL, NULL, NULL, NULL, 'Public', 'Public', 'Anyone', 'Forever'),
(140, 'sdhahid134', 'Test', '0', 'shahidza619@gmail.com', '', 'm', NULL, '', '$2y$10$hrdATyR3Dah50VNOvRyOieGuAKUQh5CdzltwaFdzvMbtEq/Du3Ei2', '1992-04-20', '', '', '$2y$10$XiPEFP/fpzqhUN3yW4vCf..vzIF9IRN3gW2hYnX5.0cgR4zGu/.gi', 'O', '', '', '', '459627', '2023-08-15 10:43:43', 0, 0, NULL, '2023-08-15 10:30:15', '2023-08-15 10:30:15', 0, 0, 0, '#2180f3', NULL, 0, '', NULL, 'FW', NULL, NULL, NULL, NULL, 'Public', 'Public', 'Anyone', 'Forever'),
(141, 'salmanbhatti52', 'Test', '0', 'salmanbhatti52@gmail.com', '', 'm', NULL, '', '$2y$10$V8MEJUpIBIHPZL.v813SHuik./6zvVC1IJnMosYHN6avAQ4EAvrAi', '1992-04-20', '', '', '$2y$10$kz6mdJ3xiGGBBOTTNzoJ7.gbvIqrtgoxM0.cjNFxvY/Cg19I5QGzG', 'O', '', '', '', '292231', '2023-08-15 10:45:42', 0, 0, NULL, '2023-08-15 10:45:23', '2023-08-15 10:45:23', 0, 0, 0, '#2180f3', NULL, 0, '', NULL, 'FW', NULL, NULL, NULL, NULL, 'Public', 'Public', 'Anyone', 'Forever'),
(142, 'salmanbti52', 'Test', '0', 'salmanbhatti52@hotmail.com', '', 'm', NULL, '', '$2y$10$M8WQnMIlWPTpF4IMdq8pkObkMbQLquAEZhDL1cxqy3teTGvCOdtd.', '1992-04-20', '', '', '$2y$10$3LK5KvtnqzYfwsDSwV7yz.HjHrcK7JNNweczgBfneXN/yvMlcGwOG', 'O', '', '', '', '832382', '2023-08-15 10:49:01', 0, 0, NULL, '2023-08-15 10:46:48', '2023-08-15 10:46:48', 0, 0, 0, '#2180f3', NULL, 0, '', NULL, 'FW', NULL, NULL, NULL, NULL, 'Public', 'Public', 'Anyone', 'Forever'),
(143, 'ilinktech', 'ilink', '', 'ilinktech88@gmail.com', '', 'm', NULL, 'dfBXooMrwyrlUO2uhT6o0XXbKK0YCX1JvWOkDbjQ.jpg', '$2y$10$L8czRItZDcS8WKMogS6lTO/Fshaiu2ikCSuuU/WaaXOVpUhLBKjlS', '2001-09-01', '', '', '$2y$10$Ezl/v98MCLt24t3VJLWFVOWjFt89fBVdyCudDYDRcbu6i6wrkRRje', 'O', '', '', '', '269661', '2023-09-01 11:43:46', 0, 0, NULL, '2023-09-01 11:39:15', '2023-09-01 11:39:15', 0, 0, 0, '#2180f3', NULL, 0, '', NULL, 'FW', NULL, NULL, NULL, NULL, 'Public', 'Public', 'Anyone', 'Forever'),
(144, 'ysghhagha', 'hahahhsh', '', 'adnanameen6664772@gmail.com', '', 'm', NULL, '', '$2y$10$dGsl2r39eLki5tZzWH6uXeFLsNhtOAXDnMbtZ6KSl96YPrsUhGgZK', '1998-09-01', '', '', '$2y$10$7hwJnA8G/q01y6OgBhzHC.4y0B7GqxCAwEJCEU3ftYeWCGj57tgIy', 'O', '', '', '', '826773', '2023-09-01 11:42:02', 0, 0, NULL, '2023-09-01 11:42:02', '2023-09-01 11:42:02', 0, 0, 0, '#2180f3', NULL, 0, '', NULL, 'FW', NULL, NULL, NULL, NULL, 'Public', 'Public', 'Anyone', 'Forever');

-- --------------------------------------------------------

--
-- Table structure for table `users_requests`
--

CREATE TABLE `users_requests` (
  `users_requests_id` int NOT NULL,
  `from_user_id` int NOT NULL,
  `to_user_id` int NOT NULL,
  `date_added` datetime NOT NULL,
  `date_modified` datetime NOT NULL,
  `status` enum('Pending','Approved','Declined') CHARACTER SET utf8mb4 COLLATE utf8mb4_unicode_ci NOT NULL
) ENGINE=InnoDB DEFAULT CHARSET=utf8mb4 COLLATE=utf8mb4_unicode_ci;

--
-- Dumping data for table `users_requests`
--

INSERT INTO `users_requests` (`users_requests_id`, `from_user_id`, `to_user_id`, `date_added`, `date_modified`, `status`) VALUES
(1, 8, 7, '2023-05-15 06:58:07', '2023-05-15 06:58:07', 'Approved'),
(3, 8, 7, '2023-05-15 09:22:49', '2023-05-15 09:22:49', 'Approved'),
(8, 8, 7, '2023-05-15 12:21:13', '2023-05-15 12:21:13', 'Approved'),
(11, 46, 62, '2023-05-16 06:16:27', '2023-05-16 06:16:27', 'Declined'),
(20, 47, 84, '2023-05-17 09:08:25', '2023-05-17 09:08:25', 'Approved'),
(21, 84, 48, '2023-05-17 09:13:44', '2023-05-17 09:13:44', 'Approved'),
(24, 78, 86, '2023-05-22 06:18:45', '2023-05-22 06:18:45', 'Approved'),
(25, 84, 86, '2023-05-22 06:21:22', '2023-05-22 06:21:22', 'Approved'),
(26, 51, 86, '2023-05-22 06:23:21', '2023-05-22 06:23:21', 'Approved'),
(28, 47, 86, '2023-05-23 06:02:02', '2023-05-23 06:02:02', 'Approved'),
(34, 86, 84, '2023-05-23 11:58:43', '2023-05-23 11:58:43', 'Approved'),
(35, 86, 62, '2023-05-23 12:04:36', '2023-05-23 12:04:36', 'Approved'),
(36, 86, 62, '2023-05-23 12:10:42', '2023-05-23 12:10:42', 'Approved'),
(37, 86, 62, '2023-05-23 12:15:36', '2023-05-23 12:15:36', 'Approved'),
(38, 86, 62, '2023-05-23 12:16:45', '2023-05-23 12:16:45', 'Approved'),
(39, 86, 62, '2023-05-23 12:23:53', '2023-05-23 12:23:53', 'Approved'),
(40, 86, 48, '2023-05-23 12:41:42', '2023-05-23 12:41:42', 'Approved'),
(41, 86, 48, '2023-05-23 12:43:11', '2023-05-23 12:43:11', 'Approved'),
(42, 62, 84, '2023-05-25 09:36:08', '2023-05-25 09:36:08', 'Pending'),
(43, 48, 62, '2023-05-25 12:20:46', '2023-05-25 12:20:46', 'Approved'),
(44, 62, 86, '2023-06-05 05:53:30', '2023-06-05 05:53:30', 'Pending'),
(45, 61, 48, '2023-06-10 08:28:38', '2023-06-10 08:28:38', 'Approved'),
(46, 61, 62, '2023-06-10 08:29:23', '2023-06-10 08:29:23', 'Approved'),
(47, 25, 48, '2023-07-07 07:54:55', '2023-07-07 07:54:55', 'Pending'),
(48, 113, 105, '2023-07-08 04:46:21', '2023-07-08 04:46:21', 'Pending'),
(49, 104, 105, '2023-07-08 04:48:25', '2023-07-08 04:48:25', 'Pending'),
(50, 107, 104, '2023-07-08 04:53:57', '2023-07-08 04:53:57', 'Pending'),
(51, 105, 104, '2023-07-08 04:56:23', '2023-07-08 04:56:23', 'Pending'),
(52, 113, 104, '2023-07-08 04:59:20', '2023-07-08 04:59:20', 'Pending'),
(53, 128, 105, '2023-07-31 10:55:32', '2023-07-31 10:55:32', 'Approved'),
(54, 128, 115, '2023-07-31 11:15:41', '2023-07-31 11:15:41', 'Pending'),
(55, 125, 105, '2023-08-03 10:47:50', '2023-08-03 10:47:50', 'Approved'),
(56, 125, 115, '2023-08-04 12:52:44', '2023-08-04 12:52:44', 'Approved'),
(57, 129, 105, '2023-09-01 11:34:13', '2023-09-01 11:34:13', 'Approved'),
(58, 129, 105, '2023-09-01 13:00:42', '2023-09-01 13:00:42', 'Approved'),
(59, 129, 105, '2023-09-02 05:57:50', '2023-09-02 05:57:50', 'Approved');

-- --------------------------------------------------------

--
-- Table structure for table `user_verify`
--

CREATE TABLE `user_verify` (
  `user_verify_id` int NOT NULL,
  `user_id` int DEFAULT '0',
  `username` varchar(200) CHARACTER SET utf8mb4 COLLATE utf8mb4_unicode_ci NOT NULL DEFAULT '',
  `full_name` varchar(250) CHARACTER SET utf8mb4 COLLATE utf8mb4_unicode_ci NOT NULL DEFAULT '',
  `document_type` text CHARACTER SET utf8mb4 COLLATE utf8mb4_unicode_ci NOT NULL,
  `front_idproof` varchar(200) CHARACTER SET utf8mb4 COLLATE utf8mb4_unicode_ci NOT NULL DEFAULT '',
  `back_idproof` varchar(200) CHARACTER SET utf8mb4 COLLATE utf8mb4_unicode_ci NOT NULL DEFAULT '',
  `rejected_reason` text CHARACTER SET utf8mb4 COLLATE utf8mb4_unicode_ci,
  `verified` char(1) CHARACTER SET utf8mb4 COLLATE utf8mb4_unicode_ci NOT NULL DEFAULT 'P' COMMENT 'P: pending, A: accepted, R:rejected',
  `added_on` datetime DEFAULT NULL
) ENGINE=MyISAM DEFAULT CHARSET=utf8mb4 COLLATE=utf8mb4_unicode_ci;

--
-- Dumping data for table `user_verify`
--

INSERT INTO `user_verify` (`user_verify_id`, `user_id`, `username`, `full_name`, `document_type`, `front_idproof`, `back_idproof`, `rejected_reason`, `verified`, `added_on`) VALUES
(1, 51, 'adnan', 'ameen', '', 'AnVnKAAI5HwOpFbYKjfFjim0BkDlQhGbEXoIVnTz.jpg', 'TRtt64k6sFyZAzUk6y0aT4igJPay5WhNamN0IDVT.jpg', NULL, 'P', '2023-03-17 10:49:33'),
(2, 7, 'dani123', 'adg', 'passport', 'YHhlBXiM7D6tOoPbgypURoLcktgY0N9bIi0UI1Z1.png', '', NULL, 'P', '2023-03-18 05:52:33'),
(3, 25, 'TextEditingController#3d359(TextEditingValue(text: ┤testspamok├, selection: TextSelection.collapsed(offset: 10, affinity: TextAffinity.downstream, isDirectional: false), composing: TextRange(start: -1', 'TextEditingController#c35da(TextEditingValue(text: ┤Test Spam├, selection: TextSelection.collapsed(offset: 9, affinity: TextAffinity.downstream, isDirectional: false), composing: TextRange(start: -1, end: -1)))', 'Passport', 'G7p7Ib99QikRc4HZPzWCE9GUvA51wi185QNn8COy.jpg', '', NULL, 'P', '2023-03-20 05:34:11'),
(4, 61, '#00543(TextEditingValue(text: ┤check├, selection: TextSelection.collapsed(offset: 5, affinity: TextAffinity.downstream, isDirectional: false), composing: TextRange(start: -1, end: -1)))', '#ba4a8(TextEditingValue(text: ┤name check├, selection: TextSelection.collapsed(offset: 10, affinity: TextAffinity.downstream, isDirectional: false), composing: TextRange(start: -1, end: -1)))', 'Passport', '4I8v9BDtEEZgedz8HmcWRFp8QnZH2lHrvOOEAX5Q.jpg', '', NULL, 'P', '2023-04-06 21:23:52'),
(5, 62, '#5d134(TextEditingValue(text: ┤adnan├, selection: TextSelection.collapsed(offset: 5, affinity: TextAffinity.downstream, isDirectional: false), composing: TextRange(start: -1, end: -1)))', '#2e8f4(TextEditingValue(text: ┤ameen├, selection: TextSelection.collapsed(offset: 5, affinity: TextAffinity.downstream, isDirectional: false), composing: TextRange(start: -1, end: -1)))', 'National Identifiaction Card', '5AguRIueSmndTBTFEXaY2yFaYfxmeiIRh77eydvQ.jpg', '', NULL, 'P', '2023-04-17 06:31:03'),
(6, 72, 'dani', 'TextEditingController#84590(TextEditingValue(text: ┤ameen├, selection: TextSelection.collapsed(offset: 5, affinity: TextAffinity.downstream, isDirectional: false), composing: TextRange(start: -1, end: -1)))', 'Passport', 'ZEcXPN5SeXswpg2sNhDYPr9oyIIN9UW00C6s7oKo.jpg', '', NULL, 'P', '2023-04-19 07:21:58'),
(7, 47, 'anna444', '#b123f(TextEditingValue(text: ┤mughees├, selection: TextSelection.collapsed(offset: 7, affinity: TextAffinity.downstream, isDirectional: false), composing: TextRange(start: -1, end: -1)))', 'Passport', 'rO1f0ilhAWHmBpcVUGMsnZSRreamO80faDyB6mae.jpg', '', NULL, 'P', '2023-05-04 07:00:57'),
(8, 115, 'karansingla', '#a061d(TextEditingValue(text: ┤karansingla├, selection: TextSelection.collapsed(offset: 11, affinity: TextAffinity.downstream, isDirectional: false), composing: TextRange(start: -1, end: -1)))', 'Articles of incorporation', 'knUEkUVObkwe4uyd6RTDAeXauGJPv6neHytD4Iv8.jpg', '', NULL, 'P', '2023-07-14 02:29:25');

-- --------------------------------------------------------

--
-- Table structure for table `videos`
--

CREATE TABLE `videos` (
  `video_id` int NOT NULL,
  `enabled` int NOT NULL DEFAULT '0',
  `user_id` int DEFAULT '0',
  `sound_id` int NOT NULL DEFAULT '0',
  `title` varchar(200) CHARACTER SET utf8mb4 COLLATE utf8mb4_unicode_ci NOT NULL DEFAULT '',
  `description` text CHARACTER SET utf8mb4 COLLATE utf8mb4_unicode_ci,
  `master_video` varchar(200) CHARACTER SET utf8mb4 COLLATE utf8mb4_unicode_ci NOT NULL DEFAULT '',
  `video` varchar(250) CHARACTER SET utf8mb4 COLLATE utf8mb4_unicode_ci NOT NULL DEFAULT '',
  `thumb` varchar(200) CHARACTER SET utf8mb4 COLLATE utf8mb4_unicode_ci DEFAULT NULL,
  `gif` varchar(200) CHARACTER SET utf8mb4 COLLATE utf8mb4_unicode_ci DEFAULT NULL,
  `tags` text CHARACTER SET utf8mb4 COLLATE utf8mb4_unicode_ci,
  `location` varchar(200) CHARACTER SET utf8mb4 COLLATE utf8mb4_unicode_ci NOT NULL DEFAULT '',
  `duration` int NOT NULL DEFAULT '0' COMMENT 'in seconds',
  `deleted` tinyint NOT NULL DEFAULT '0' COMMENT '1:yes,0:no',
  `created_at` datetime NOT NULL,
  `updated_at` datetime DEFAULT NULL,
  `active` tinyint NOT NULL DEFAULT '1' COMMENT '1:yes,0:no',
  `flag` tinyint NOT NULL DEFAULT '0' COMMENT '1:yes,0:no',
  `privacy` tinyint NOT NULL DEFAULT '0' COMMENT '0:Public,1:Only Me,2:Only Followers',
  `total_likes` int NOT NULL DEFAULT '0',
  `total_comments` int NOT NULL DEFAULT '0',
  `total_views` int NOT NULL DEFAULT '0',
  `total_report` int NOT NULL DEFAULT '0',
  `wide` tinyint DEFAULT '0',
  `view_pref` enum('Forever','24 Hours','Open Once') CHARACTER SET utf8mb4 COLLATE utf8mb4_unicode_ci DEFAULT 'Forever',
  `privacy_profile` enum('Public','Private') CHARACTER SET utf8mb4 COLLATE utf8mb4_unicode_ci DEFAULT 'Public',
  `pinned` enum('Yes','No') CHARACTER SET utf8mb4 COLLATE utf8mb4_unicode_ci DEFAULT 'No'
) ENGINE=MyISAM DEFAULT CHARSET=utf8mb4 COLLATE=utf8mb4_unicode_ci;

--
-- Dumping data for table `videos`
--

INSERT INTO `videos` (`video_id`, `enabled`, `user_id`, `sound_id`, `title`, `description`, `master_video`, `video`, `thumb`, `gif`, `tags`, `location`, `duration`, `deleted`, `created_at`, `updated_at`, `active`, `flag`, `privacy`, `total_likes`, `total_comments`, `total_views`, `total_report`, `wide`, `view_pref`, `privacy_profile`, `pinned`) VALUES
(1, 1, 105, 1, '', '', '1693474750/master.m3u8', '1693474750/RFtBYsyHfwzaJZpaCUkemTjSR9z263uWsdeblxMW.mp4', 'JBONMu5AMKNEsyg4BvxZ0HR7SMwANtcUdLRuCcxz.jpg', NULL, NULL, '', 2, 0, '2023-08-31 09:39:11', '2023-08-31 09:39:11', 1, 0, 0, 1, 0, 6, 0, 0, 'Open Once', 'Public', 'No'),
(2, 1, 105, 2, '', '', '1693475131/master.m3u8', '1693475131/Fy4CcUpXFYylHKJuf5WK1NzAwIIIf2ykyc5dGu4c.mp4', 'qFc6oD1JdEpEENcvm2YdYgbIeisyNA8nax8M6M44.jpg', NULL, NULL, '', 2, 0, '2023-08-31 09:45:32', '2023-08-31 09:45:32', 1, 0, 0, 0, 0, 4, 0, 0, 'Forever', 'Public', 'No'),
(3, 1, 105, 3, '', '', '1693476066/master.m3u8', '1693476066/mOgjsRyMosIoL9i6lWsYBlS12yWaeuwLHlj2owLr.mp4', 'qQUuMkZx4egoAwLjedcM5rdPGgSF7HQ4XnRpUYtE.jpg', NULL, NULL, '', 2, 0, '2023-08-31 10:01:07', '2023-08-31 10:01:07', 1, 0, 0, 0, 0, 5, 0, 0, 'Forever', 'Public', 'No'),
(4, 1, 105, 4, '', '', '1693476122/master.m3u8', '1693476122/NtUaTt6lqqUX5Iazwccz53pQNFhFFHgCQQumQyEo.mp4', 'L70axlbNpl2fmniPnVzCKz5wDXGvvvMYLz2MSV0g.jpg', NULL, NULL, '', 1, 0, '2023-08-31 10:02:03', '2023-08-31 10:02:04', 1, 0, 0, 0, 0, 6, 0, 0, 'Forever', 'Public', 'No'),
(5, 1, 105, 5, '', '', '1693476281/master.m3u8', '1693476281/6JSCXoFoPCAQYUrlPLhBSGPRDxYkkLX1XZMyuRAL.mp4', 'TF2PXrjp0CAYDdFbJ7Xcb07SgpCYZelP4Z1w7RjE.jpg', NULL, NULL, '', 1, 0, '2023-08-31 10:04:42', '2023-08-31 10:04:42', 1, 0, 0, 0, 0, 6, 0, 0, 'Forever', 'Public', 'No'),
(6, 1, 129, 6, '', 'my first video \nplz like and share \n#myvideo', '1693566321/master.m3u8', '1693566321/GQYrYCYJc2g3KtLISskzUzvYxw9cU51zwoIPvc3C.mp4', '5jVS2Q7W45qwfMZuL0gvITcjutCfMw4KV2vaj7YL.jpg', NULL, 'myvideo', '', 2, 0, '2023-09-01 11:05:22', '2023-09-01 11:05:22', 1, 0, 0, 1, 1, 4, 0, 0, 'Open Once', 'Public', 'No'),
(7, 1, 129, 7, '', 'my videos \nplz like and share \nalso like  channle \nthank you', '1693566831/master.m3u8', '1693566831/dw096uhDCryCC3iCbj4ZmJJzocU2z0INJcjVpoWA.mp4', 'gxOixjnlzqSepbV5TkBxYupkr7cX5pMSTpblenO1.jpg', NULL, NULL, '', 2, 0, '2023-09-01 11:13:52', '2023-09-01 11:13:53', 1, 0, 0, 1, 0, 4, 0, 0, 'Forever', 'Public', 'No'),
(8, 1, 129, 8, '', 'my latest videeo\nplz like\nshre \nhsbsbzhx', '1693567057/master.m3u8', '1693567057/j5FhI01u6Ng4ujVykExnxowSpU40hYiUG0tuAiHm.mp4', 'wvSVKo0uAXB6XHbmORvcNmCjDY0okJVx6AhLpgCE.jpg', NULL, NULL, '', 1, 0, '2023-09-01 11:17:38', '2023-09-01 11:17:38', 1, 0, 0, 2, 0, 4, 0, 0, 'Forever', 'Public', 'No'),
(9, 1, 129, 9, '', 'bxnxn bsbxhh dnbxb. bhxxnnccbncnxnxxbxbxbbxbxhxbxbxb b bx bnc b', '1693567802/master.m3u8', '1693567802/XLj4Bxi3BD3F47zUevOMluUKb394YpwCn9KuKa01.mp4', 'ogGqU0deazzUdwpDXowF0CTxScfaOEJiCh6B9ep9.jpg', NULL, NULL, '', 2, 0, '2023-09-01 11:30:03', '2023-09-01 11:30:03', 1, 0, 0, 0, 0, 5, 0, 0, 'Forever', 'Public', 'No'),
(10, 1, 105, 10, '', '', '1693634319/master.m3u8', '1693634319/eUHTzwjLDqk7J4Oy8Kove7SFarZs1RGjLkyh8NBS.mp4', 'lYv7uC2Fqc54tEJrHXON2j6G5epF1envpcAKcAyO.jpg', NULL, NULL, '', 1, 0, '2023-09-02 05:58:40', '2023-09-02 05:58:41', 1, 0, 0, 0, 0, 2, 0, 0, 'Forever', 'Public', 'No');

-- --------------------------------------------------------

--
-- Table structure for table `video_tags`
--

CREATE TABLE `video_tags` (
  `tag_id` int NOT NULL,
  `tag` varchar(50) CHARACTER SET utf8mb4 COLLATE utf8mb4_unicode_ci NOT NULL DEFAULT '',
  `banner` varchar(225) CHARACTER SET utf8mb4 COLLATE utf8mb4_unicode_ci NOT NULL DEFAULT ''
) ENGINE=MyISAM DEFAULT CHARSET=utf8mb4 COLLATE=utf8mb4_unicode_ci;

-- --------------------------------------------------------

--
-- Table structure for table `video_views`
--

CREATE TABLE `video_views` (
  `view_id` int NOT NULL,
  `user_id` int NOT NULL DEFAULT '0',
  `video_id` int NOT NULL DEFAULT '0',
  `viewed_on` datetime DEFAULT NULL,
  `unique_id` varchar(20) CHARACTER SET utf8mb4 COLLATE utf8mb4_unicode_ci NOT NULL DEFAULT ''
) ENGINE=MyISAM DEFAULT CHARSET=utf8mb4 COLLATE=utf8mb4_unicode_ci;

--
-- Dumping data for table `video_views`
--

INSERT INTO `video_views` (`view_id`, `user_id`, `video_id`, `viewed_on`, `unique_id`) VALUES
(1, 105, 1, '2023-08-31 09:39:28', '2012'),
(2, 0, 2, '2023-08-31 09:48:29', '2014'),
(3, 105, 3, '2023-08-31 10:01:43', '2015'),
(4, 105, 4, '2023-08-31 10:02:14', '2015'),
(5, 105, 5, '2023-08-31 10:04:50', '2015'),
(6, 0, 5, '2023-08-31 10:07:53', '2016'),
(7, 115, 5, '2023-08-31 17:32:24', '131'),
(8, 115, 4, '2023-08-31 17:32:29', '131'),
(9, 115, 3, '2023-08-31 17:32:31', '131'),
(10, 115, 1, '2023-08-31 17:32:35', '131'),
(11, 115, 2, '2023-08-31 17:32:41', '131'),
(12, 115, 5, '2023-09-01 05:26:54', '131'),
(13, 0, 5, '2023-09-01 05:52:32', '155'),
(14, 0, 4, '2023-09-01 05:53:43', '155'),
(15, 129, 6, '2023-09-01 11:05:33', '155'),
(16, 129, 7, '2023-09-01 11:14:14', '155'),
(17, 129, 8, '2023-09-01 11:17:45', '155'),
(18, 105, 8, '2023-09-01 11:19:52', '2016'),
(19, 105, 4, '2023-09-01 11:20:10', '2016'),
(20, 105, 1, '2023-09-01 11:20:17', '2016'),
(21, 105, 7, '2023-09-01 11:23:44', '2016'),
(22, 129, 9, '2023-09-01 11:30:07', '155'),
(23, 105, 9, '2023-09-01 11:35:17', '2016'),
(24, 105, 3, '2023-09-01 11:38:04', '2016'),
(25, 129, 1, '2023-09-01 12:56:59', '155'),
(26, 129, 3, '2023-09-01 12:57:00', '155'),
(27, 129, 2, '2023-09-01 12:57:07', '155'),
(28, 105, 4, '2023-09-02 04:42:43', '2016'),
(29, 105, 1, '2023-09-02 04:42:45', '2016'),
(30, 105, 9, '2023-09-02 04:43:16', '2016'),
(31, 105, 6, '2023-09-02 04:43:28', '2016'),
(32, 129, 9, '2023-09-02 05:23:00', '155'),
(33, 129, 6, '2023-09-02 05:23:04', '155'),
(34, 129, 8, '2023-09-02 05:23:07', '155'),
(35, 129, 7, '2023-09-02 05:23:37', '155'),
(36, 129, 5, '2023-09-02 05:52:09', '155'),
(37, 129, 4, '2023-09-02 05:52:10', '155'),
(38, 129, 1, '2023-09-02 05:52:12', '155'),
(39, 129, 3, '2023-09-02 05:52:18', '155'),
(40, 129, 2, '2023-09-02 05:52:18', '155'),
(41, 129, 10, '2023-09-02 05:58:47', '155'),
(42, 129, 10, '2023-09-04 07:44:57', '155'),
(43, 0, 9, '2023-09-04 07:45:04', '155'),
(44, 0, 8, '2023-09-04 08:34:35', '131'),
(45, 0, 7, '2023-09-04 08:34:41', '131'),
(46, 0, 6, '2023-09-04 08:34:43', '131');

--
-- Indexes for dumped tables
--

--
-- Indexes for table `admin`
--
ALTER TABLE `admin`
  ADD PRIMARY KEY (`admin_id`);

--
-- Indexes for table `ad_settings`
--
ALTER TABLE `ad_settings`
  ADD PRIMARY KEY (`ad_setting_id`);

--
-- Indexes for table `app_login_page`
--
ALTER TABLE `app_login_page`
  ADD PRIMARY KEY (`app_login_page_id`);

--
-- Indexes for table `app_settings`
--
ALTER TABLE `app_settings`
  ADD PRIMARY KEY (`app_setting_id`);

--
-- Indexes for table `blocked_users`
--
ALTER TABLE `blocked_users`
  ADD PRIMARY KEY (`block_id`);

--
-- Indexes for table `categories`
--
ALTER TABLE `categories`
  ADD PRIMARY KEY (`cat_id`);

--
-- Indexes for table `chats`
--
ALTER TABLE `chats`
  ADD PRIMARY KEY (`id`);

--
-- Indexes for table `chat_chats`
--
ALTER TABLE `chat_chats`
  ADD PRIMARY KEY (`id`);

--
-- Indexes for table `chat_conversations`
--
ALTER TABLE `chat_conversations`
  ADD PRIMARY KEY (`id`),
  ADD UNIQUE KEY `chat_conversations_user_from_user_to_unique` (`user_from`,`user_to`);

--
-- Indexes for table `chat_messages`
--
ALTER TABLE `chat_messages`
  ADD PRIMARY KEY (`id`);

--
-- Indexes for table `comments`
--
ALTER TABLE `comments`
  ADD PRIMARY KEY (`comment_id`);

--
-- Indexes for table `driver`
--
ALTER TABLE `driver`
  ADD PRIMARY KEY (`driver_id`);

--
-- Indexes for table `failed_jobs`
--
ALTER TABLE `failed_jobs`
  ADD PRIMARY KEY (`id`);

--
-- Indexes for table `favorites`
--
ALTER TABLE `favorites`
  ADD PRIMARY KEY (`id`);

--
-- Indexes for table `favourite_sound`
--
ALTER TABLE `favourite_sound`
  ADD PRIMARY KEY (`fav_id`);

--
-- Indexes for table `follow`
--
ALTER TABLE `follow`
  ADD PRIMARY KEY (`follow_id`);

--
-- Indexes for table `google_captcha_key`
--
ALTER TABLE `google_captcha_key`
  ADD PRIMARY KEY (`id`);

--
-- Indexes for table `guest_users`
--
ALTER TABLE `guest_users`
  ADD PRIMARY KEY (`id`);

--
-- Indexes for table `home_settings`
--
ALTER TABLE `home_settings`
  ADD PRIMARY KEY (`home_setting_id`);

--
-- Indexes for table `jobs`
--
ALTER TABLE `jobs`
  ADD PRIMARY KEY (`id`);

--
-- Indexes for table `likes`
--
ALTER TABLE `likes`
  ADD PRIMARY KEY (`like_id`);

--
-- Indexes for table `mail_settings`
--
ALTER TABLE `mail_settings`
  ADD PRIMARY KEY (`m_id`);

--
-- Indexes for table `mail_types`
--
ALTER TABLE `mail_types`
  ADD PRIMARY KEY (`mail_type_id`);

--
-- Indexes for table `migrations`
--
ALTER TABLE `migrations`
  ADD PRIMARY KEY (`id`);

--
-- Indexes for table `notifications`
--
ALTER TABLE `notifications`
  ADD PRIMARY KEY (`notify_id`);

--
-- Indexes for table `notification_settings`
--
ALTER TABLE `notification_settings`
  ADD PRIMARY KEY (`id`);

--
-- Indexes for table `nsfw_settings`
--
ALTER TABLE `nsfw_settings`
  ADD PRIMARY KEY (`ns_id`);

--
-- Indexes for table `pages`
--
ALTER TABLE `pages`
  ADD PRIMARY KEY (`page_id`);

--
-- Indexes for table `pusher_settings`
--
ALTER TABLE `pusher_settings`
  ADD PRIMARY KEY (`pusher_setting_id`);

--
-- Indexes for table `reports`
--
ALTER TABLE `reports`
  ADD PRIMARY KEY (`report_id`);

--
-- Indexes for table `settings`
--
ALTER TABLE `settings`
  ADD PRIMARY KEY (`setting_id`);

--
-- Indexes for table `social_media_links`
--
ALTER TABLE `social_media_links`
  ADD PRIMARY KEY (`social_media_link_id`);

--
-- Indexes for table `social_settings`
--
ALTER TABLE `social_settings`
  ADD PRIMARY KEY (`social_setting_id`);

--
-- Indexes for table `sounds`
--
ALTER TABLE `sounds`
  ADD PRIMARY KEY (`sound_id`);

--
-- Indexes for table `sponsors`
--
ALTER TABLE `sponsors`
  ADD PRIMARY KEY (`sponsor_id`);

--
-- Indexes for table `storage_settings`
--
ALTER TABLE `storage_settings`
  ADD PRIMARY KEY (`storage_setting_id`);

--
-- Indexes for table `unique_users_ids`
--
ALTER TABLE `unique_users_ids`
  ADD PRIMARY KEY (`unique_id`);

--
-- Indexes for table `users`
--
ALTER TABLE `users`
  ADD PRIMARY KEY (`user_id`);

--
-- Indexes for table `users_requests`
--
ALTER TABLE `users_requests`
  ADD PRIMARY KEY (`users_requests_id`);

--
-- Indexes for table `user_verify`
--
ALTER TABLE `user_verify`
  ADD PRIMARY KEY (`user_verify_id`);

--
-- Indexes for table `videos`
--
ALTER TABLE `videos`
  ADD PRIMARY KEY (`video_id`);

--
-- Indexes for table `video_tags`
--
ALTER TABLE `video_tags`
  ADD PRIMARY KEY (`tag_id`);

--
-- Indexes for table `video_views`
--
ALTER TABLE `video_views`
  ADD PRIMARY KEY (`view_id`),
  ADD KEY `user_id` (`user_id`),
  ADD KEY `video_id` (`video_id`),
  ADD KEY `unique_id` (`unique_id`);

--
-- AUTO_INCREMENT for dumped tables
--

--
-- AUTO_INCREMENT for table `admin`
--
ALTER TABLE `admin`
  MODIFY `admin_id` int UNSIGNED NOT NULL AUTO_INCREMENT, AUTO_INCREMENT=4;

--
-- AUTO_INCREMENT for table `ad_settings`
--
ALTER TABLE `ad_settings`
  MODIFY `ad_setting_id` int NOT NULL AUTO_INCREMENT, AUTO_INCREMENT=2;

--
-- AUTO_INCREMENT for table `app_login_page`
--
ALTER TABLE `app_login_page`
  MODIFY `app_login_page_id` int NOT NULL AUTO_INCREMENT, AUTO_INCREMENT=2;

--
-- AUTO_INCREMENT for table `app_settings`
--
ALTER TABLE `app_settings`
  MODIFY `app_setting_id` int NOT NULL AUTO_INCREMENT, AUTO_INCREMENT=2;

--
-- AUTO_INCREMENT for table `blocked_users`
--
ALTER TABLE `blocked_users`
  MODIFY `block_id` int NOT NULL AUTO_INCREMENT, AUTO_INCREMENT=3;

--
-- AUTO_INCREMENT for table `categories`
--
ALTER TABLE `categories`
  MODIFY `cat_id` int NOT NULL AUTO_INCREMENT, AUTO_INCREMENT=7;

--
-- AUTO_INCREMENT for table `chats`
--
ALTER TABLE `chats`
  MODIFY `id` int NOT NULL AUTO_INCREMENT;

--
-- AUTO_INCREMENT for table `chat_chats`
--
ALTER TABLE `chat_chats`
  MODIFY `id` bigint UNSIGNED NOT NULL AUTO_INCREMENT, AUTO_INCREMENT=361;

--
-- AUTO_INCREMENT for table `chat_conversations`
--
ALTER TABLE `chat_conversations`
  MODIFY `id` bigint UNSIGNED NOT NULL AUTO_INCREMENT, AUTO_INCREMENT=42;

--
-- AUTO_INCREMENT for table `chat_messages`
--
ALTER TABLE `chat_messages`
  MODIFY `id` bigint UNSIGNED NOT NULL AUTO_INCREMENT, AUTO_INCREMENT=181;

--
-- AUTO_INCREMENT for table `comments`
--
ALTER TABLE `comments`
  MODIFY `comment_id` int NOT NULL AUTO_INCREMENT, AUTO_INCREMENT=60;

--
-- AUTO_INCREMENT for table `driver`
--
ALTER TABLE `driver`
  MODIFY `driver_id` int NOT NULL AUTO_INCREMENT, AUTO_INCREMENT=3;

--
-- AUTO_INCREMENT for table `failed_jobs`
--
ALTER TABLE `failed_jobs`
  MODIFY `id` bigint UNSIGNED NOT NULL AUTO_INCREMENT;

--
-- AUTO_INCREMENT for table `favorites`
--
ALTER TABLE `favorites`
  MODIFY `id` int NOT NULL AUTO_INCREMENT;

--
-- AUTO_INCREMENT for table `favourite_sound`
--
ALTER TABLE `favourite_sound`
  MODIFY `fav_id` int NOT NULL AUTO_INCREMENT, AUTO_INCREMENT=9;

--
-- AUTO_INCREMENT for table `follow`
--
ALTER TABLE `follow`
  MODIFY `follow_id` int NOT NULL AUTO_INCREMENT, AUTO_INCREMENT=1084;

--
-- AUTO_INCREMENT for table `google_captcha_key`
--
ALTER TABLE `google_captcha_key`
  MODIFY `id` bigint UNSIGNED NOT NULL AUTO_INCREMENT;

--
-- AUTO_INCREMENT for table `guest_users`
--
ALTER TABLE `guest_users`
  MODIFY `id` int NOT NULL AUTO_INCREMENT, AUTO_INCREMENT=40;

--
-- AUTO_INCREMENT for table `home_settings`
--
ALTER TABLE `home_settings`
  MODIFY `home_setting_id` int NOT NULL AUTO_INCREMENT, AUTO_INCREMENT=2;

--
-- AUTO_INCREMENT for table `jobs`
--
ALTER TABLE `jobs`
  MODIFY `id` bigint UNSIGNED NOT NULL AUTO_INCREMENT;

--
-- AUTO_INCREMENT for table `likes`
--
ALTER TABLE `likes`
  MODIFY `like_id` int NOT NULL AUTO_INCREMENT, AUTO_INCREMENT=250;

--
-- AUTO_INCREMENT for table `mail_settings`
--
ALTER TABLE `mail_settings`
  MODIFY `m_id` int NOT NULL AUTO_INCREMENT, AUTO_INCREMENT=2;

--
-- AUTO_INCREMENT for table `mail_types`
--
ALTER TABLE `mail_types`
  MODIFY `mail_type_id` int NOT NULL AUTO_INCREMENT, AUTO_INCREMENT=3;

--
-- AUTO_INCREMENT for table `migrations`
--
ALTER TABLE `migrations`
  MODIFY `id` int UNSIGNED NOT NULL AUTO_INCREMENT, AUTO_INCREMENT=66;

--
-- AUTO_INCREMENT for table `notifications`
--
ALTER TABLE `notifications`
  MODIFY `notify_id` int UNSIGNED NOT NULL AUTO_INCREMENT, AUTO_INCREMENT=754;

--
-- AUTO_INCREMENT for table `notification_settings`
--
ALTER TABLE `notification_settings`
  MODIFY `id` int NOT NULL AUTO_INCREMENT, AUTO_INCREMENT=103;

--
-- AUTO_INCREMENT for table `nsfw_settings`
--
ALTER TABLE `nsfw_settings`
  MODIFY `ns_id` int NOT NULL AUTO_INCREMENT;

--
-- AUTO_INCREMENT for table `pages`
--
ALTER TABLE `pages`
  MODIFY `page_id` int NOT NULL AUTO_INCREMENT, AUTO_INCREMENT=6;

--
-- AUTO_INCREMENT for table `pusher_settings`
--
ALTER TABLE `pusher_settings`
  MODIFY `pusher_setting_id` int NOT NULL AUTO_INCREMENT;

--
-- AUTO_INCREMENT for table `reports`
--
ALTER TABLE `reports`
  MODIFY `report_id` int NOT NULL AUTO_INCREMENT, AUTO_INCREMENT=2;

--
-- AUTO_INCREMENT for table `settings`
--
ALTER TABLE `settings`
  MODIFY `setting_id` int NOT NULL AUTO_INCREMENT, AUTO_INCREMENT=2;

--
-- AUTO_INCREMENT for table `social_media_links`
--
ALTER TABLE `social_media_links`
  MODIFY `social_media_link_id` int NOT NULL AUTO_INCREMENT, AUTO_INCREMENT=2;

--
-- AUTO_INCREMENT for table `social_settings`
--
ALTER TABLE `social_settings`
  MODIFY `social_setting_id` int NOT NULL AUTO_INCREMENT;

--
-- AUTO_INCREMENT for table `sounds`
--
ALTER TABLE `sounds`
  MODIFY `sound_id` int NOT NULL AUTO_INCREMENT, AUTO_INCREMENT=11;

--
-- AUTO_INCREMENT for table `sponsors`
--
ALTER TABLE `sponsors`
  MODIFY `sponsor_id` int NOT NULL AUTO_INCREMENT, AUTO_INCREMENT=3;

--
-- AUTO_INCREMENT for table `storage_settings`
--
ALTER TABLE `storage_settings`
  MODIFY `storage_setting_id` int NOT NULL AUTO_INCREMENT;

--
-- AUTO_INCREMENT for table `unique_users_ids`
--
ALTER TABLE `unique_users_ids`
  MODIFY `unique_id` int NOT NULL AUTO_INCREMENT, AUTO_INCREMENT=2257;

--
-- AUTO_INCREMENT for table `users`
--
ALTER TABLE `users`
  MODIFY `user_id` int NOT NULL AUTO_INCREMENT, AUTO_INCREMENT=145;

--
-- AUTO_INCREMENT for table `users_requests`
--
ALTER TABLE `users_requests`
  MODIFY `users_requests_id` int NOT NULL AUTO_INCREMENT, AUTO_INCREMENT=60;

--
-- AUTO_INCREMENT for table `user_verify`
--
ALTER TABLE `user_verify`
  MODIFY `user_verify_id` int NOT NULL AUTO_INCREMENT, AUTO_INCREMENT=9;

--
-- AUTO_INCREMENT for table `videos`
--
ALTER TABLE `videos`
  MODIFY `video_id` int NOT NULL AUTO_INCREMENT, AUTO_INCREMENT=11;

--
-- AUTO_INCREMENT for table `video_tags`
--
ALTER TABLE `video_tags`
  MODIFY `tag_id` int NOT NULL AUTO_INCREMENT;

--
-- AUTO_INCREMENT for table `video_views`
--
ALTER TABLE `video_views`
  MODIFY `view_id` int NOT NULL AUTO_INCREMENT, AUTO_INCREMENT=47;
COMMIT;

/*!40101 SET CHARACTER_SET_CLIENT=@OLD_CHARACTER_SET_CLIENT */;
/*!40101 SET CHARACTER_SET_RESULTS=@OLD_CHARACTER_SET_RESULTS */;
/*!40101 SET COLLATION_CONNECTION=@OLD_COLLATION_CONNECTION */;
